doctor,reference_id,answer_status,answer_summary,answer_basis,answer_limitations
"Nancy M. Holekamp, MD","NH-01","summarized_from_article_quotes","Holekamp described the prior 15 years as anti-VEGF 1.0, dominated by regular intravitreal ranibizumab, aflibercept, and bevacizumab. She said anti-VEGF 2.0 would mean more durable therapies and new anti-VEGF delivery concepts.","Retinal Physician Q&A article, https://www.retinalphysician.com/issues/2021/januaryfebruary/retina-conversations-a-conversation-with-nancy-m-holekamp-of-pepose-vision-institute/","Concise edited Q&A; historical 2021 pipeline framing."
"Nancy M. Holekamp, MD","NH-02","summarized_from_article_quotes","She saw PDS as the near-term approval candidate after ARCHWAY because it continuously delivered ranibizumab for 6 months with efficacy equivalent to monthly ranibizumab and a major reduction in treatment burden. She noted phase 3 completion in wet AMD and ongoing phase 3 programs in DME and DR.","Retinal Physician Q&A article, https://www.retinalphysician.com/issues/2021/januaryfebruary/retina-conversations-a-conversation-with-nancy-m-holekamp-of-pepose-vision-institute/","Written before PDS approval and later postmarketing safety events."
"Nancy M. Holekamp, MD","NH-03","summarized_from_article_quotes","She interpreted the PDS patient-preference data as strongly favorable, saying the preference for PDS over injections was overwhelming and consistent with what she saw in practice.","Retinal Physician Q&A article, https://www.retinalphysician.com/issues/2021/januaryfebruary/retina-conversations-a-conversation-with-nancy-m-holekamp-of-pepose-vision-institute/","Very short answer; does not include detailed safety or selection discussion in this article segment."
"Nancy M. Holekamp, MD","NH-04","summarized_from_article_quotes","She ranked phase 3-ready agents as the next durability advances, highlighting faricimab for dual VEGF/Ang2 targeting and possible 16-week wet AMD dosing. She also called KSI-301 promising based on early durability data across wet AMD, DME, and RVO, while noting it was still moving toward pivotal trials.","Retinal Physician Q&A article, https://www.retinalphysician.com/issues/2021/januaryfebruary/retina-conversations-a-conversation-with-nancy-m-holekamp-of-pepose-vision-institute/","Historical 2021 expectations; later evidence may differ, especially for KSI-301."
"Nancy M. Holekamp, MD","NH-05","summarized_from_article_quotes","She was intrigued by gene-derived anti-VEGF as an advanced long-term concept and pointed to early positive wet AMD data from Adverum and Regenxbio. Her enthusiasm was cautious, emphasizing that the field still had a long way to go before a possible one-and-done approach.","Retinal Physician Q&A article, https://www.retinalphysician.com/issues/2021/januaryfebruary/retina-conversations-a-conversation-with-nancy-m-holekamp-of-pepose-vision-institute/","Historical early-stage gene-therapy view; not a current assessment of later trial outcomes."
"Nancy M. Holekamp, MD","NH-06","summarized_from_article_quotes","For GA, she focused on slowing lesion growth and limiting vision loss rather than cure, comparing GA management conceptually to glaucoma. She highlighted complement inhibition programs from Apellis and Iveric, plus earlier factor H and factor I approaches from Gemini and Gyroscope, and also noted early non-complement approaches from Lineage and Stealth.","Retinal Physician Q&A article, https://www.retinalphysician.com/issues/2021/januaryfebruary/retina-conversations-a-conversation-with-nancy-m-holekamp-of-pepose-vision-institute/","GA-focused and historical; several programs have changed since 2021."
"Nancy M. Holekamp, MD","NH-07","summarized_from_article_quotes","She was skeptical that oral or topical therapies would be the answer for retinal disease, citing the failed phase 3 wet AMD eye-drop program from Ohr as a cautionary example.","Retinal Physician Q&A article, https://www.retinalphysician.com/issues/2021/januaryfebruary/retina-conversations-a-conversation-with-nancy-m-holekamp-of-pepose-vision-institute/","Broad retina statement; not limited to wet AMD."
"Nancy M. Holekamp, MD","NH-08","summarized_from_article_quotes","She expected adoption to vary between early adopters and more conservative physicians, but believed retina specialists have the surgical skill set to master PDS and other new delivery approaches. She treated the surgical element as a new workflow rather than an insurmountable barrier.","Retinal Physician Q&A article, https://www.retinalphysician.com/issues/2021/januaryfebruary/retina-conversations-a-conversation-with-nancy-m-holekamp-of-pepose-vision-institute/","Historical pre-approval/pre-recall adoption view."
"Nancy M. Holekamp, MD","NH-09","answer_available_video_audio_not_summarized","Podcast audio is available in which Holekamp provides a primary analysis of phase 3 ARCHWAY PDS results and discusses safety outcomes.","EyeTube New Retina Radio listing, https://eyetube.net/podcasts/new-retina-radio/tags/meeting-coverage/archway-at-aao","No transcript found; page summary identifies topic but not her detailed answer."
"Nancy M. Holekamp, MD","NH-10","summarized_from_transcript","Holekamp called PDS a paradigm shift because it surgically implants a refillable ranibizumab reservoir that can be exchanged every 6 months. She emphasized strong patient appeal, 93% patient preference for PDS over injections in trial experience, noninferiority to monthly ranibizumab in ARCHWAY, and the need to treat it as effective but surgically different technology.","HCPLive edited transcript, https://www.hcplive.com/view/vegf-inhibitors-with-potential-to-treat-amd-port-delivery-system","Edited peer-exchange transcript; subsequent speaker gives much of the detailed safety discussion."
"Nancy M. Holekamp, MD","NH-11","summarized_from_transcript","She viewed faricimab as anti-VEGF 2.0 because it targets VEGF plus the angiopoietin pathway, bringing retina closer to multi-pathway treatment models. She thought TENAYA/LUCERNE validated the second target by preserving noninferior vision and drying with less frequent dosing, and she was especially interested in whether year 2 would sustain 12- to 16-week intervals.","HCPLive edited transcript, https://www.hcplive.com/view/faricimab-and-tenaya-and-lucerne-trials","Edited transcript; her comments follow other panelists' detailed trial summary."
"Nancy M. Holekamp, MD","NH-12","summarized_from_transcript","For incomplete responders, she first revisits the diagnosis and considers masqueraders such as central serous choroidopathy or adult vitelliform dystrophy. If convinced it is AMD, she may check response at 2 to 3 weeks, identifies high-VEGF-need patients who may require monthly injections, uses maintenance/treat-and-extend to preserve gains, and prioritizes eradicating intraretinal fluid more than subretinal fluid.","HCPLive edited transcript, https://www.hcplive.com/view/anti-vegf-agent-safety","Edited transcript; page title is safety, but answer centers on response, fluid tolerance, and treatment burden."
"Nancy M. Holekamp, MD","NH-14","summarized_from_transcript","She was impressed that YOSEMITE/RHINE showed better anatomic drying than she expected, with a clearer anatomic difference between aflibercept and faricimab. She interpreted this as possible clinical validation that targeting a second pathway may help patients with diabetes, while waiting for year 2 data to clarify the magnitude and durability of the difference.","HCPLive edited transcript, https://www.hcplive.com/view/yosemite-and-rhine-trials-for-patients-with-diabetes-and-amd","DME-focused rather than wet AMD; edited transcript and 1-year data context."
"Nancy M. Holekamp, MD","NH-16","summarized_from_transcript","She argued that visual acuity can miss GA burden because patients with foveal sparing may read well on an eye chart while struggling with reading, driving, contrast, and daily function. She said clinicians should listen closely to patients, recognize that contrast sensitivity and dark adaptation are not routinely captured, and use low-vision referrals when appropriate.","HCPLive edited transcript, https://www.hcplive.com/view/patient-communication-regarding-visual-function-in-geographic-atrophy","GA-focused; multi-speaker edited transcript."
"Nancy M. Holekamp, MD","NH-17","summarized_from_transcript","She agreed that binary labels like fast/slow and wet/dry can confuse patients and clinicians, because patients can have wet and dry AMD together. Her main referral concern was that community clinicians who readily refer wet AMD based on OCT fluid may miss or struggle to diagnose GA, especially early GA on OCT.","HCPLive edited transcript, https://www.hcplive.com/view/improving-referral-for-geographic-atrophy","GA-focused; answer is embedded in panel discussion about referral education."
"Nancy M. Holekamp, MD","NH-18","summarized_from_transcript","She described GA as a relentless progressive disease that can take away reading, driving, independence, mood, and family roles, even when it is the patient's main health problem. She also emphasized reassuring patients that legal blindness from GA is not total darkness and that expectation-setting supports coping.","HCPLive edited transcript, https://www.hcplive.com/view/disease-burden-and-tools-to-manage-geographic-atrophy","GA-focused; tools discussion is split across multiple panelists, with Holekamp contributing disease-burden and reassurance points."
"Nancy M. Holekamp, MD","NH-19","answer_available_video_audio_not_summarized","Podcast audio is available on home-based OCT with artificial intelligence for monitoring neovascular AMD treatment, with Holekamp as the featured guest.","Amazon Music episode listing, https://music.amazon.co.uk/podcasts/846c8aea-4ad5-46d2-a9d6-8708487e6536/episodes/df44d130-21a9-4038-91d5-eac8014f01f8/retina-synthesis-home-oct-monitoring-of-neovascular-amd-treatment","No transcript found; listing provides topic only, not her detailed answer."
"Nancy M. Holekamp, MD","NH-20","summarized_from_page_summary","The page summary frames her case lesson as early detection being critical: wet AMD has treatment options, dry AMD did not at the time, and therapy cannot restore vision once scarring has occurred. The case involved a patient with both exudative and nonexudative AMD.","EyeTube video page summary, https://eyetube.net/videos/a-provokative-amd-case","No transcript found; summary is page-provided, not a detailed answer from the video."
"Nancy M. Holekamp, MD","NH-21","summarized_from_page_summary","The available page/search summaries report her HARBOR take-home as a more nuanced view of fluid: eyes with persistent subretinal fluid appeared to fare better visually than fully dry eyes, while fluid type and treatment context matter.","Ophthalmology Times page/search summary, https://www.ophthalmologytimes.com/view/asrs-2019-street-team-nancy-m-holekamp-md; ASRS listing, https://multimedia.asrs.org/media/what-do-the-harbor-data-reveal-about-the-relations-2963","Original page could not be fully opened in the web tool; summary is not a transcript and may omit caveats from the video/presentation."
"Nancy M. Holekamp, MD","NH-22","summarized_from_article_quotes","She said GA treatment decisions should not rely only on visual acuity; clinicians should ask what patients can do, what they want to preserve, and what they are struggling with. She expected GA care to require education, individualized risk-benefit discussion, ongoing monitoring for wet AMD conversion, and strong patient-physician relationships to support adherence.","Retinal Physician article, https://retinalphysician.com/issues/2023/special-edition/the-patient-perspective-on-geographic-atrophy/","GA-focused article; digital.retinalphysician.com version returned 403, but the Retinal Physician article text was available via alternate URL/search result."
"Nancy M. Holekamp, MD","NH-23","summarized_from_article_quotes","She argued that retina is already at the leading edge of home monitoring and that AMD care should use patient-generated home data more systematically. She contrasted traditional Amsler grids with newer connected tools such as mVT, Paxos, and ForeseeHome, emphasizing automated alerts, physician involvement, compliance monitoring, and validated early detection of neovascular AMD.","Retina Today authored article, https://retinatoday.com/articles/2018-may-june/involving-patients-in-the-care-of-their-amd","Authored article rather than interview transcript; includes financial disclosure that Pepose Vision Institute received funding from Notal Vision."
"Nancy M. Holekamp, MD","NH-24","summarized_from_article_quotes","She characterized PDS as a major change because maintaining vision for 6 months without treatment was not possible before PDS, and she called it a game-changer. She also highlighted patient preference for fewer treatments, less discomfort, less worry about injections, bilateral interest among trial patients, and ranibizumab's role as a validated gold-standard drug for the implant platform.","Ophthalmology Management article with investigator quotes, https://www.ophthalmologymanagement.com/issues/2021/november/rx-perspective/","Article quotes and reporting, not a formal Q&A; some candidate-selection detail comes from other quoted experts."
