Organization,Award Count,Total Listed Budget,State(s),Funding Type(s),Example URL(s)
ECRI,13,"$29,635,941",Pennsylvania,Other Evidence Products,https://www.pcori.org/research-results/2025/assistive-technologies-children-and-young-adults-intellectual-and-developmental-disabilities|https://www.pcori.org/research-results/2023/emerging-technologies-and-therapeutics-reports-interventions-post-covid-19-autonomic-dysfunction-and-post-covid-19-cardiovascular-manifestations|https://www.pcori.org/research-results/2023/evidence-mental-health-interventions-persons-intellectual-disabilities-scoping-review
RAND Corporation,12,"$22,015,029",California|Massachusetts|Pennsylvania,Engagement Award Project|Other Evidence Products|Research,https://www.pcori.org/research-results/2023/emerging-technologies-and-therapeutics-reports-update-gene-therapies|https://www.pcori.org/research-results/2023/comparing-two-ways-reduce-alcohol-and-cannabis-use-among-teens|https://www.pcori.org/research-results/2021/emerging-technologies-and-therapeutics-reports-artificial-intelligence-covid-19-response
RTI International,8,"$14,190,826",North Carolina,"Engagement Award Project, Dissemination|Other Evidence Products|Research|Research, Research Conducted Using PCORnet®",https://www.pcori.org/research-results/2023/impact-doula-support-during-pregnancy-childbirth-and-beyond-systematic-review|https://www.pcori.org/research-results/2022/audio-based-care-managing-mental-health-diabetes-and-other-chronic-conditions-systematic-reviews|https://www.pcori.org/research-results/2021/rapid-review-racial-health-equity-and-social-needs-interventions
"Augusta University Research Institute, Inc.",5,"$3,868,174",Georgia,Engagement Award Convening|Engagement Award Project|Research,https://www.pcori.org/research-results/2026/validating-adapted-stakeholder-centric-engagement|https://www.pcori.org/research-results/2024/testing-novel-approach-engagement-research-participant-researcher-collaborative-design|https://www.pcori.org/research-results/2021/individuals-idd-engaged-aligned-and-leading-iiddeal-outcomes-matter
"COPD Foundation, Inc.",5,"$6,265,815",Florida,"Engagement Award Project|PCORnet®: Patient Powered Research Networks (PPRN) Phase I|PCORnet®: Patient Powered Research Networks (PPRN) Phase II|PPRN Limited Competition Award|Research, Research Conducted Using PCORnet®",https://www.pcori.org/research-results/2019/bridging-gap-between-patientscaregivers-and-copd-research-copd-pprn-bridge-project|https://www.pcori.org/research-results/2017/considering-needs-end-users-copd-dissemination-and-research-connect|https://www.pcori.org/research-results/2016/comparing-two-methods-improve-cpap-use-among-patients-copd-and-obstructive-sleep-apnea-o2verlap-study
"University of Kansas Center for Research, Inc.",5,"$1,303,892",Kansas,"Engagement Award Project|Engagement in Research, Engagement Award Project",https://www.pcori.org/research-results/2022/kansas-health-and-research-participation-k-harp-network-building-capacity-self-determination|https://www.pcori.org/research-results/2021/health-food-and-family-rural-systems-and-covid-19-decision-making|https://www.pcori.org/research-results/2019/migratory-and-seasonal-agricultural-workers-and-health-research-developing-capacity-pcor
"Genetic Alliance, Inc.",4,"$8,010,622",District of Columbia,PCORnet® Coordinating Center Phase II|PCORnet®: Patient Powered Research Networks (PPRN) Phase I|PCORnet®: Patient Powered Research Networks (PPRN) Phase II|Research Infrastructure,https://www.pcori.org/research-results/2016/pcornet-coordinating-center-phase-ii-genetic-alliance|https://www.pcori.org/research-results/2015/pcornet-coordinating-center-phase-i-genetic-alliance|https://www.pcori.org/research-results/2015/community-engaged-network-all-cena
"Harvard Pilgrim Health Care ,Inc.",4,"$7,869,403",Massachusetts,"Research|Research, Research Conducted Using PCORnet®",https://www.pcori.org/research-results/2023/developing-machine-learning-methods-predict-disease-trajectories|https://www.pcori.org/research-results/2016/effect-high-deductible-health-plans-and-preventive-drug-lists-asthma-attacks-medicine-use-and-out-pocket-costs-afford-study|https://www.pcori.org/research-results/2015/effect-high-deductible-health-plans-healthcare-use-and-out-pocket-costs-people-bipolar-disorder
Massachusetts General Hospital (The General Hospital Corp.),4,"$16,185,537",Massachusetts,PCORnet®: Patient Powered Research Networks (PPRN) Phase I|PCORnet®: Patient Powered Research Networks (PPRN) Phase II|Research,https://www.pcori.org/research-results/2025/group-delivered-behavioral-interventions-dementia-caregiver-strain|https://www.pcori.org/research-results/2022/comparing-four-ways-delivering-school-based-brief-interventions-motivate-reduction-alcohol-use|https://www.pcori.org/research-results/2015/moodnetwork
"Medical Technology & Practice Patterns Institute, Inc.",4,"$1,320,280",Maryland,"Engagement Award Convening|Engagement Award Project, Dissemination|Research",https://www.pcori.org/research-results/2018/series-workshops-cer-methods-time-varying-treatments|https://www.pcori.org/research-results/2018/better-care-and-outcomes-dialysis-patients-implementation-pcori-findings-using-esrd-networks|https://www.pcori.org/research-results/2017/esrd-anemia-research-priorities-perspectives-dialysis-patients-and-stakeholders
"Oregon Community Health Information Network, Inc. (OCHIN)",4,"$17,497,062",Oregon,"PCORnet®: Clinical Data Research Networks (CDRN) Phase I|Research|Research Infrastructure, PCORnet®: Clinical Research Network (Phase 3)|Research, Research Conducted Using PCORnet®",https://www.pcori.org/research-results/2021/accelerating-data-value-across-national-community-health-center-network-advance-clinical-research-network-crn|https://www.pcori.org/research-results/2016/measuring-effects-social-risks-patient-health-outcomes-pcornetr-study|https://www.pcori.org/research-results/2013/accelerating-data-value-across-national-community-health-center-network-advance-phase-i
"University of Kansas Medical Center Research Institute, Inc.",4,"$2,612,131",Kansas,"Engagement Award Project|Pipeline to Proposal, Tier A|Research",https://www.pcori.org/research-results/2024/older-women-leading-healthy-aging-research-together-owlhart|https://www.pcori.org/research-results/2019/engaging-patients-and-diverse-stakeholders-color-create-birth-equity-collaborative-effort|https://www.pcori.org/research-results/2017/setting-community-driven-priorities-about-polycystic-kidney-disease-care-establishing-multi-stakeholder-engagement-team
"Clinical Directors Network, Inc.",3,"$5,238,478",New York,Engagement Award Project|Research,https://www.pcori.org/research-results/2014/testing-way-keep-staph-infections-recurring|https://www.pcori.org/research-results/2014/enhancing-community-health-center-pcori-engagement|https://www.pcori.org/research-results/2013/comparing-two-programs-increase-cancer-screening-women-depression
"F.O.C.U.S. Greater Syracuse, Inc.",3,"$89,974",New York,"Pipeline to Proposal, Tier I|Pipeline to Proposal, Tier II|Pipeline to Proposal, Tier III",https://www.pcori.org/research-results/2017/central-new-york-citizens-research-and-action-network-cny-can-tier-iii|https://www.pcori.org/research-results/2016/central-new-york-citizens-aging-research-and-action-network-cny-can-tier-ii|https://www.pcori.org/research-results/2015/central-new-york-citizens-aging-research-action-network-cny-can
"Family Voices, Inc.",3,"$508,830",Massachusetts|New Mexico,"Engagement Award Project|Pipeline to Proposal, Tier I",https://www.pcori.org/research-results/2021/building-capacity-african-american-asd-community-patient-centered-outcomes-research|https://www.pcori.org/research-results/2017/family-wisdom-working-family-family-organizations-build-community-capacity-pcor|https://www.pcori.org/research-results/2013/engaging-native-american-and-spanish-speaking-families-and-sharing-family-wisdom-reduce-childhood-obesity
"Hudson River HealthCare, Inc.",3,"$88,100",New York,"Pipeline to Proposal, Tier I|Pipeline to Proposal, Tier II|Pipeline to Proposal, Tier III",https://www.pcori.org/research-results/2017/optimizing-care-delivery-and-coordination-aging-hiv-positive-population-tier-iii|https://www.pcori.org/research-results/2016/optimizing-care-delivery-and-coordination-aging-hiv-positive-population-tier-ii|https://www.pcori.org/research-results/2015/optimizing-care-delivery-and-coordination-aging-hiv-positive-population
"Morehouse School of Medicine, Inc.",3,"$929,150",Georgia,"Engagement Award Project|Engagement Award Project, Dissemination",https://www.pcori.org/research-results/2022/engaging-inflammatory-bowel-disease-patients-color-patient-centered-outcomes-research|https://www.pcori.org/research-results/2019/disseminating-evidence-promote-patient-centered-diabetes-self-management-strategies|https://www.pcori.org/research-results/2018/engaging-patients-partners-patient-centered-outcomes-research-primary-care-safety-net
"Public Health Foundation Enterprises, Inc.",3,"$3,826,586",California,"Pipeline to Proposal, Tier II|Pipeline to Proposal, Tier III|Research",https://www.pcori.org/research-results/2020/comparing-two-ways-improve-pre-exposure-prophylaxis-use|https://www.pcori.org/research-results/2017/lets-talk-fostering-patient-driven-research-agenda-atopic-dermatitis-tier-iii|https://www.pcori.org/research-results/2016/lets-talk-fostering-patient-centered-research-agenda-pediatric-eczema-tier-ii
Public Health Management Corporation,3,"$5,479,899",Pennsylvania,Research,https://www.pcori.org/research-results/2017/comparing-programs-treat-opioid-use-disorder-primary-care-and-substance-use-clinics|https://www.pcori.org/research-results/2014/using-graphic-novels-when-choosing-treatment-alcohol-use-disorder|https://www.pcori.org/research-results/2013/comparing-programs-support-patients-substance-use-disorders-after-they-leave-hospital
"Tufts Medical Center, Inc.",3,"$1,788,657",Massachusetts,"Engagement Award Convening, Convening: Dissemination|Research",https://www.pcori.org/research-results/2017/understanding-how-patients-response-treatment-varies-using-predicted-risk|https://www.pcori.org/research-results/2016/evidence-and-individual-patient-understanding-heterogeneous-treatment-effects-patient-centered-care|https://www.pcori.org/research-results/2012/comparing-predicted-benefits-and-harms-using-adult-versus-child-guidelines-lipid-testing-and-treatment-17-21-year-olds
West Virginia University Research Corporation,3,"$599,990",West Virginia,"Engagement Award Project|Pipeline to Proposal, Tier A",https://www.pcori.org/research-results/2024/coalition-build-patient-centered-cer-capacity-patients-substance-use-disorder|https://www.pcori.org/research-results/2019/community-partnership-patient-centered-outcomes-research-diabetes-west-virginia|https://www.pcori.org/research-results/2017/patient-centered-strategy-improve-diabetes-prevention-and-management-west-virginia
"A Twist of Fate-ATS, Corp",2,"$100,000",Oklahoma,Engagement Award Convening,https://www.pcori.org/research-results/2019/ats-patient-empowerment-and-knowledge-symposium|https://www.pcori.org/research-results/2016/arterial-turtuosity-syndrome-pcorcer-summit-series
"Adventist Health System/Sunbelt, Inc. dba AdventHealth",2,"$5,199,909",Florida,"Dissemination and Implementation, Health Systems Implementation Initiative (HSII), Implementation Project (HSII)|Implementation Project (HSII)",https://www.pcori.org/research-results/2025/hypertension-management-adventhealth|https://www.pcori.org/research-results/2024/implementation-appropriate-antibiotic-prescribing-children-acute-respiratory-tract-infections-outpatient-settings-adventhealth
"Beautiful You MRKH Foundation, Inc.",2,"$39,999",Maryland,"Pipeline to Proposal, Tier I|Pipeline to Proposal, Tier II",https://www.pcori.org/research-results/2017/building-patient-centered-care-network-mrkh-tier-ii|https://www.pcori.org/research-results/2016/building-empowered-patient-community-tackling-health-care-all-affected-mrkh-tier-i
Boston Medical Center Corporation,2,"$19,641,294",Massachusetts,Engagement Award Project|Research,https://www.pcori.org/research-results/2024/comparing-two-systems-level-hypertension-control-interventions-improve-clinical-implementation-and-patient-reported-outcomes|https://www.pcori.org/research-results/2021/building-capacity-cerpcor-participation-among-bipoc-adults-autism-spectrum
"Center for Community Health Education Research and Service, Inc.",2,"$298,774",Massachusetts,"Engagement Award Convening|Pipeline to Proposal, Tier A",https://www.pcori.org/research-results/2017/healthy-aging-place-racialethnic-minority-underserved-populations|https://www.pcori.org/research-results/2016/boston-bridge
ECRI Institute,2,"$75,000",Pennsylvania,Engagement Award Convening,https://www.pcori.org/research-results/2016/2016-guidelines-international-network-g-i-n-conference-philadelphia|https://www.pcori.org/research-results/2015/ecri-annual-health-policy-conference
"El Futuro, Inc.",2,"$459,732",North Carolina,Engagement Award Project,https://www.pcori.org/research-results/2023/building-capacity-engage-patient-centered-cer-improve-mental-health-care-north-carolina|https://www.pcori.org/research-results/2015/tools-engagement-building-capacity-pcor-within-community-behavioral-health-organizations-serving-latinos
Family Health International,2,"$1,447,321",North Carolina,Research,https://www.pcori.org/research-results/2014/comparing-interview-and-focus-group-data-collected-person-and-online|https://www.pcori.org/research-results/2012/pilot-project-learning-about-focus-groups-and-interviews-research
"Harvard Pilgrim Health Care, Inc.",2,"$17,585,368",Massachusetts,"Research Infrastructure|Research, Research Conducted Using PCORnet®",https://www.pcori.org/research-results/2015/looking-effects-antibiotic-use-childhood-obesity-and-growth-pcornetr-antibiotics-study|https://www.pcori.org/research-results/2013/pcornet-coordinating-center-phase-i-harvard-pilgrim-health-care
"Impactivo, LLC.",2,"$75,000",Puerto Rico,"Pipeline to Proposal, Tier II|Pipeline to Proposal, Tier III",https://www.pcori.org/research-results/2017/hispanic-communities-reducing-complications-around-pregnancy-and-childbirth-tier-iii|https://www.pcori.org/research-results/2016/hispanic-communities-reducing-complications-around-pregnancy-and-childbirth-tier-ii
"IVI Foundation, Inc.",2,"$250,000",Virginia,Engagement Award Conference: Evidence Synthesis|Engagement Award Convening,https://www.pcori.org/research-results/2025/convening-build-capacity-patient-centered-cer-incorporates-measurement-burden-and-economic-outcomes|https://www.pcori.org/research-results/2024/implementing-patient-engagement-framework-identify-rare-disease-patient-centered-outcomes
NORC at the University of Chicago,2,"$781,770",Illinois,PCORnet® Project,https://www.pcori.org/research-results/2023/assessment-user-experience-during-phase-3-pcornetr|https://www.pcori.org/research-results/2021/pcornet-data-convenings-opportunities-enhance-pcornet-infrastructure-pcor-and-cer
"Nuestra Salud, LLC",2,"$39,840",New Mexico,"Pipeline to Proposal, Tier I|Pipeline to Proposal, Tier II",https://www.pcori.org/research-results/2015/hispanic-family-asthma-outcomes-research-network-tier-ii|https://www.pcori.org/research-results/2013/hispanic-family-asthma-outcomes-research-network
"PFIC Network, Inc.",2,"$549,954",Kentucky,"Engagement Award Project|Engagement Award Project, Building Capacity for Small Organizations, Engagement in Research",https://www.pcori.org/research-results/2025/building-capacity-engage-patient-centered-cer-progressive-familial-intrahepatic-cholestasis|https://www.pcori.org/research-results/2023/building-capacity-patient-centered-cer-focused-progressive-familial-intrahepatic-cholestasis
RTI,2,"$393,626",North Carolina|Pennsylvania,Other Evidence Products,https://www.pcori.org/research-results/2021/topic-brief-ablation-atrial-fibrillation|https://www.pcori.org/research-results/2018/pilot-evidence-maps-treatments-early-stage-prostate-cancer
"The Brigham and Women's Hospital, Inc.",2,"$15,174,420",Massachusetts,Research,https://www.pcori.org/research-results/2025/artificial-intelligence-clinical-trial-education|https://www.pcori.org/research-results/2024/comparing-digital-therapy-trazodone-and-daridorexant-menopause-related-insomnia-symptoms
The Children's Hospital Corporation,2,"$10,839,895",Massachusetts,Implementation Project (Limited Competition D&I PFA)|Research,https://www.pcori.org/research-results/2022/comparing-three-ways-communicate-children-and-families-during-hospital-stay|https://www.pcori.org/research-results/2018/expanding-use-program-improve-patient-safety-children-hospitals
"The Medical College of Wisconsin, Inc.",2,"$499,780",Wisconsin,Engagement Award Project,https://www.pcori.org/research-results/2022/building-capacity-patient-centered-cer-representativeness-among-oncology-communities-milwaukee|https://www.pcori.org/research-results/2021/patient-prioritized-research-agenda-children-and-adults-kidney-stones
Tufts Medical Center Inc.,2,"$1,191,018",Massachusetts,Research,https://www.pcori.org/research-results/2019/evaluating-therapies-prevent-future-stroke-patients-patent-foramen-ovale-related-strokes-scope-study|https://www.pcori.org/research-results/2012/pilot-project-predicting-who-will-respond-best-medical-treatments
"ALD Connect, Inc.",1,"$638,059",Massachusetts,PCORnet®: Patient Powered Research Networks (PPRN) Phase I,https://www.pcori.org/research-results/2013/ald-connect-phase-i
"Alliance of Community Health Plans Foundation, Inc.",1,"$296,088",District of Columbia,Engagement Award Project,https://www.pcori.org/research-results/2025/building-capacity-engage-community-health-plans-patient-centered-cer-chronic-disease-management
Alstrom Syndrome International,1,"$249,700",Maine,Engagement Award Project,https://www.pcori.org/research-results/2015/its-time-talk-its-time-listen
AltaMed Health Services Corporation,1,"$250,000",California,Engagement Award Project,https://www.pcori.org/research-results/2020/partner-southeast-los-angeles
"AltaMed Health Services, Corp.",1,"$250,000",California,Engagement Award Project,https://www.pcori.org/research-results/2022/inclusion-and-equity-engaged-research-partnering-latinos-who-have-lived-experience-homelessness
American Academy of Physician Associates,1,"$249,265",Virginia,"Engagement Award Project, Dissemination",https://www.pcori.org/research-results/2022/building-capacity-pa-dissemination-initiative
"American Autoimmune Related Diseases Association, Inc.",1,"$97,498",Michigan,Engagement Award Convening,https://www.pcori.org/research-results/2021/stakeholder-convenings-empowering-women-lupus-nephritis-share-their-treatment-decisions
Aplastic Anemia & MDS International Foundation,1,"$232,014",Maryland,Engagement Award Project,https://www.pcori.org/research-results/2015/patient-advisory-committee-clinical-trials-pacct
ARC XVI Fort Washington Inc.,1,"$250,000",New York,Engagement Award Project,https://www.pcori.org/research-results/2019/building-community-capacity-disseminate-research-findings-falls-prevention
"ARC XVI Ft. Washington, Inc.",1,"$50,000",New York,"Pipeline to Proposal, Tier A",https://www.pcori.org/research-results/2017/addressing-health-disparities-metabolic-syndrome
"Association for Creatine Deficiencies, Inc.",1,"$249,650",California,Engagement Award Project,https://www.pcori.org/research-results/2024/parents-advancing-research-networks-20-expand-community-tools-and-engagement-parents-20-excite
ATW Health Solutions,1,"$150,000",Illinois,Engagement Award Project,https://www.pcori.org/research-results/2020/2ceerias-phase-ii-community-engagement-early-stroke-recognition-and-immediate-action-stroke-ceerias-covid-19-environment
"Balance and Life Ministries, LLC (BALM)",1,"$15,000",Maryland,"Pipeline to Proposal, Tier I",https://www.pcori.org/research-results/2015/building-capacity-and-reducing-barriers-inclusion-underserved-black-youth-and-families-behavioral-and-mental-health-patient-centered-outcomes-research
"Beth Israel Deaconess Medical Center, Inc",1,"$4,203,067",Massachusetts,Research,https://www.pcori.org/research-results/2019/comparing-two-therapies-improving-social-and-thinking-skills-patients-schizophrenia
"Boston VA Research Institute, Inc.",1,"$249,999",Massachusetts,Engagement Award Project,https://www.pcori.org/research-results/2014/engaging-peers-comparative-effectiveness-research
"Brigham and Women's Hospital, Inc.",1,"$518,904",Massachusetts,Research,https://www.pcori.org/research-results/2012/pilot-project-figuring-out-why-some-patients-do-not-fill-their-blood-pressure-prescriptions
Carelon Research,1,"$121,119",Delaware,Engagement Award Convening,https://www.pcori.org/research-results/2024/building-capacity-patient-centered-cer-payer-decision-making
"Center for Community Health Education Research and Service, Inc. (CCHERS)",1,"$299,875",Massachusetts,Engagement Award Project,https://www.pcori.org/research-results/2025/model-frontline-care-provider-led-patient-centered-cer
Cerebral Palsy International Research Foundation,1,"$224,559",New York,Engagement Award Convening,https://www.pcori.org/research-results/2015/workshops-transform-health-care-women-disabilities
"Children's Hospital Corporation, d/b/a Boston Children's Hospital",1,"$6,930,347",Massachusetts,Research,https://www.pcori.org/research-results/2025/comparing-two-ways-improve-heart-health-children-lupus
"Christiana Care Health Services, Inc.",1,"$244,684",Delaware,Engagement Award Convening,https://www.pcori.org/research-results/2016/engaging-stakeholders-patient-centered-research-agenda-chronic-kidney-disease-delaware
Collective Insight,1,"$249,028",Massachusetts,"Engagement in Research, Engagement Award Project",https://www.pcori.org/research-results/2022/aging-pcor-learning-collaborative-advanced-engagement
"Communication Service for the Deaf, Inc. (CSD)",1,"$250,000",Texas,Engagement Award Project,https://www.pcori.org/research-results/2024/building-capacity-deaf-american-sign-language-users-engage-patient-centered-cer-telehealth
Community Health Center Inc.,1,"$99,558",Connecticut,Engagement Award Convening,https://www.pcori.org/research-results/2021/identifying-precision-medicine-pcor-questions-relevant-underserved-populations
"Crohn's & Colitis  Foundation, Inc",1,"$986,073",New York,PCORnet®: Patient Powered Research Networks (PPRN) Phase I,https://www.pcori.org/research-results/2013/ccfa-partners-patient-powered-research-network-phase-i
"Crohn's & Colitis Foundation, Inc.",1,"$493,685",New York,PPRN Limited Competition Award,https://www.pcori.org/research-results/2019/enhancing-engagement-research-participation-collaboration-through-ibd-partners-patient-powered-research-network
"Crohn's and Colitis Foundation of America, Inc.",1,"$2,554,990",New York,"Research, Research Conducted Using PCORnet®",https://www.pcori.org/research-results/2016/comparing-two-diets-decrease-symptoms-crohns-disease-dine-cd-study
Dysgraphia Life Benefit Corporation,1,"$124,947",Virginia,Engagement Award Convening,https://www.pcori.org/research-results/2025/convening-develop-patient-centered-cer-neurological-condition-dysgraphia
"e.Republic, Inc.",1,"$150,000",California,Engagement Award Project,https://www.pcori.org/research-results/2017/spreading-ideas-improving-outcomes-driving-innovation-state-local-health-systems
"East Side Neighborhood Services, Inc.",1,"$14,930",Minnesota,"Pipeline to Proposal, Tier I",https://www.pcori.org/research-results/2015/community-and-stakeholder-perspectives-aging-place
El Futuro Inc.,1,"$249,985",North Carolina,"Engagement Award Project, Dissemination",https://www.pcori.org/research-results/2018/primer-organizational-readiness-pcor-uptake-community-organizations-providing-behavioral-health-services-latinos
"EndPreeclampsia, Inc.",1,"$249,145",Illinois,"Engagement in Research, Engagement Award Project",https://www.pcori.org/research-results/2023/aspire-build-pcor-cer-capacity-hypertensive-disorders-pregnancy
"Georgia Southern University Research and Service Foundation, Inc.",1,"$99,570",Georgia,Engagement Award Convening,https://www.pcori.org/research-results/2023/progress-patient-reported-outcomes-grow-engagement-among-sickle-cell-stakeholders
"Global Healthy Living Foundation, Inc.",1,"$998,676",New York,PCORnet®: Patient Powered Research Networks (PPRN) Phase I,https://www.pcori.org/research-results/2013/arthritis-patient-partnership-comparative-effectiveness-researchers-ar-power-phase-i
"Gramercy Research Group, LLC.",1,"$2,098,808",North Carolina,Research,https://www.pcori.org/research-results/2014/testing-program-increasing-healthy-behaviors-among-black-men
"Health Core, Inc.",1,"$4,943,158",Delaware,PCORnet® Initiative on Health Plan/System Data Partnerships (A Stepwise Approach to Collaboration),https://www.pcori.org/research-results/2016/healthcore-anthem-research-network-hcarn
"Health Resources in Action, Inc",1,"$100,000",Massachusetts,Engagement Award Convening,https://www.pcori.org/research-results/2020/national-community-health-worker-patient-centered-outcomes-collaborative
"Health Resources in Action, Inc.",1,"$404,532",Massachusetts,Engagement Award Project,https://www.pcori.org/research-results/2019/national-maternal-health-research-network
"Healthagen, LLC",1,"$248,225",Connecticut,Research Infrastructure,https://www.pcori.org/research-results/2019/advancement-pcornet-infrastructure-data-linkage-project-aetna-affiliate-healthagen-llc
HealthCore,1,"$1,034,670",Delaware,Research,https://www.pcori.org/research-results/2015/developing-methods-link-patient-records-across-data-sets-preserve-patient-privacy
"Hugo W. Moser Research Institute at Kennedy Krieger, Inc.",1,"$1,771,411",Maryland,PCORnet®: Patient Powered Research Networks (PPRN) Phase II,https://www.pcori.org/research-results/2015/interactive-autism-network
Humana- Comprehensive Health Insights,1,"$4,180,911",Kentucky,PCORnet® Initiative on Health Plan/System Data Partnerships (A Stepwise Approach to Collaboration),https://www.pcori.org/research-results/2016/project-data-link-humana
"IHC Health Services, Inc.",1,"$2,499,700",Utah,Implementation Project (HSII),https://www.pcori.org/research-results/2024/implementation-appropriate-antibiotic-prescribing-children-acute-respiratory-tract-infections-outpatient-settings-intermountain-health
"Impactivo, LLC",1,"$14,994",Puerto Rico,"Pipeline to Proposal, Tier I",https://www.pcori.org/research-results/2015/hispanic-communities-reducing-complications-around-pregnancy-and-childbirth
"Inflexxion, Inc.",1,"$1,957,358",Massachusetts,Research,https://www.pcori.org/research-results/2013/helping-patients-chronic-pain-get-non-medicine-treatments
International Association for Premenstrual Disorder,1,"$294,068",Massachusetts,Engagement Award Project,https://www.pcori.org/research-results/2025/building-capacity-patient-centered-cer-premenstrual-disorders-united-states
International Association for Premenstrual Disorders (IAPMD),1,"$92,100",Massachusetts,Engagement Award Convening,https://www.pcori.org/research-results/2020/pmdd-community-coalition-pcc-roundtable
International Children Assistance Network,1,"$300,000",California,"Engagement Award Project, Dissemination",https://www.pcori.org/research-results/2019/community-education-vietnamese-americans-dementia-caregiving-advanced-care-planning
International Society on Hypertension in Blacks,1,"$249,636",South Carolina,Engagement Award Convening,https://www.pcori.org/research-results/2015/patient-and-community-collaborative-cardiometabolic-health-pcat-health
International WAGR Syndrome Association,1,"$50,000",Pennsylvania,Engagement Award Convening,https://www.pcori.org/research-results/2018/conference-wilms-tumor-wagr-syndrome
"Jannus, Inc.",1,"$14,322",Idaho,"Pipeline to Proposal, Tier I",https://www.pcori.org/research-results/2016/learning-experience-tier-i
"Kessler Foundation, Inc.",1,"$99,674",New Jersey,Engagement Award Convening,https://www.pcori.org/research-results/2022/facilitating-rehabilitation-clinician-uptake-pcorcer-results-improved-research-reporting
"Lahey Clinic, Inc.",1,"$2,038,786",Massachusetts,Research,https://www.pcori.org/research-results/2013/comparing-surgical-treatments-cervical-spondylotic-myelopathy-csm-s-trial
"Lehigh Valley Hospital, Inc.",1,"$250,000",Pennsylvania,Engagement Award Project,https://www.pcori.org/research-results/2020/health-equity-activation-and-research-team-heart-partnerships-inclusion-health-pcorcer
"LiveWell Alliance, Inc.",1,"$249,545",Connecticut,Engagement Award Project,https://www.pcori.org/research-results/2018/empowering-partners-engaging-individuals-dementia-and-care-partners-pcorcer
"Marshfield Clinic Research Institute, a division of Marshfield Clinic, Inc.",1,"$289,492",Wisconsin,Engagement Award Project,https://www.pcori.org/research-results/2025/building-capacity-rural-veterans-wisconsin-engage-patient-centered-cer
"Massachusetts Health Quality Partners, Inc.",1,"$90,510",Massachusetts,Engagement Award Convening,https://www.pcori.org/research-results/2024/engaging-black-patients-and-primary-care-team-members-pcorcer-reduce-mistrust-healthcare
"Mayo Clinic Health System - Northwest Wisconsin Region, Inc.",1,"$245,457",Wisconsin,Engagement Award Project,https://www.pcori.org/research-results/2024/building-womenwise-empowering-women-through-capacity-building-patient-centered-research-alcohol-use
METAvivor Research and Support Inc.,1,"$221,950",Maryland,Engagement Award Convening,https://www.pcori.org/research-results/2019/pcorcer-conferences-engaging-key-stakeholders-metastatic-cancer-research-and-treatment
"Methodist Healthcare Ministries of South Texas, Inc.",1,"$158,668",Texas,Engagement Award Convening,https://www.pcori.org/research-results/2015/advancing-health-south-texas-engagement-series
"Moses/Weitzman Health System, Inc.",1,"$299,959",Connecticut,Engagement Award Project,https://www.pcori.org/research-results/2025/building-parent-and-caregiver-capacity-patient-centered-cer-trauma-connecticut
"National Aphasia Association, Inc",1,"$299,725",North Carolina,Engagement Award Project,https://www.pcori.org/research-results/2025/building-capacity-patient-centered-cer-stroke-related-aphasia
"National Marrow Donor Program, Inc.",1,"$1,392,792",Minnesota,Research,https://www.pcori.org/research-results/2013/assessing-personalized-care-plans-patients-who-received-hematopoietic-cell-transplant-cancer-treatment
"NDRI-USA, Inc.",1,"$299,975",Kansas,"Engagement Award Project, Dissemination",https://www.pcori.org/research-results/2025/disseminating-pcori-funded-evidence-updates-treatment-options-post-traumatic-stress-first-responder-networks
NORC,1,"$337,435",Illinois,Other Evidence Products,https://www.pcori.org/research-results/2025/timed-release-medications-long-acting-injectable-antipsychotics
Northern Neck Health Inc. (N2 Health),1,"$250,000",Virginia,Engagement Award Project,https://www.pcori.org/research-results/2022/rural-stakeholders-building-competence-and-capacity-mitigate-pressing-mental-health-issues-through-cer
"Northern Neck Health, Inc. (N2Health)",1,"$100,000",Virginia,Engagement Award Convening,https://www.pcori.org/research-results/2020/northern-neck-n2-together-using-pcor-improve-health-literacy-and-health-outcomes
Norton Sound Health Corporation,1,"$2,072,762",Alaska,Research,https://www.pcori.org/research-results/2016/identifying-and-treating-childhood-hearing-loss-rural-alaska-hearing-norton-sound-study
"OCHIN, Inc",1,"$13,499,999",Oregon,"Research Infrastructure, PCORnet®: Clinical Research Network (Phase 4)",https://www.pcori.org/research-results/2024/pcornetr-national-patient-centered-clinical-research-network-advance-phase-4
"OCHIN, Inc.",1,"$4,158,819",Oregon,PCORnet®: Clinical Research Network (CRN) 2020,https://www.pcori.org/research-results/2020/accelerating-data-value-across-national-community-health-center-network-advance-clinical-research-network
"Oregon Community Health Information Network (OCHIN), Inc.",1,"$9,392,882",Oregon,PCORnet®: Clinical Data Research Networks (CDRN) Phase II,https://www.pcori.org/research-results/2015/accelerating-data-value-across-national-community-health-center-network-advance
"Outcome Referrals, Inc.",1,"$125,000",Massachusetts,Engagement Award Conference: Evidence Synthesis,https://www.pcori.org/research-results/2025/convening-disseminate-pcorl-funded-research-results-behavioral-health-care-employers
"Perinatal Network of Monroe County, Inc.",1,"$202,945",New York,Engagement Award Project,https://www.pcori.org/research-results/2019/building-community-capacity-address-racial-disparity-maternal-mortalitymorbidity
Postpartum Progress Inc.,1,"$14,995",Georgia,"Pipeline to Proposal, Tier I",https://www.pcori.org/research-results/2016/light-using-health-technology-develop-motherfamily-centered-peer-support-network-tier-i
Postpartum Support International,1,"$248,809",Oregon,"Engagement Award Project, Dissemination",https://www.pcori.org/research-results/2024/building-capacity-disseminate-pcori-funded-study-results-helping-community-organizations-share-research-findings-relevant-audiences
"PRIME® Education, Inc.",1,,Florida,Dissemination and Implementation,https://www.pcori.org/research-results/2015/comparative-effectiveness-intravenous-vs-oral-antibiotics-postdischarge-treatment-acute-osteomyelitis-children
Public Health Management Corporation - Care Clinic,1,"$50,000",Pennsylvania,"Pipeline to Proposal, Tier A",https://www.pcori.org/research-results/2017/building-patient-centered-alliance-address-chronic-pain-and-opioid-prescription-use
PXE International,1,"$247,477",District of Columbia,Engagement Award Convening,https://www.pcori.org/research-results/2015/discovering-what-matters-most
Rand Corporation,1,"$288,015",Virginia,Other Evidence Products,https://www.pcori.org/research-results/2024/emerging-technologies-and-therapeutics-reports-new-postpartum-hemorrhage-pph-care-bundle-and-use-tranexamic-acid-pph
"Research, Evaluation and Social Solutions, Inc. dba REESSI",1,"$249,824",Virginia,Engagement Award Project,https://www.pcori.org/research-results/2018/northern-neck-patient-advocates-and-providers-pcorcer
"RTI International and MDB, Inc.",1,"$322,061",North Carolina,Other Evidence Products,https://www.pcori.org/research-results/2020/social-needs-interventions-improve-health-outcomes-scoping-review-and-evidence-map
Shwachman-Diamond Syndrome Alliance Inc,1,"$298,996",Massachusetts,Engagement Award Project,https://www.pcori.org/research-results/2025/building-capacity-patient-centered-cer-shwachman-diamond-syndrome
The Florida International University Board of Trustees,1,"$249,999",Florida,Engagement Award Project,https://www.pcori.org/research-results/2024/development-sustainable-collaborative-ensure-equitable-kidney-care-sce-kidney-care
The General Hospital Corporation d/b/a Massachusetts General Hospital,1,"$2,056,541",Massachusetts,Implementation Project (Implementation of Effective Shared Decision Making Approaches PFA),https://www.pcori.org/research-results/2023/expanding-program-support-shared-decision-making-colorectal-cancer-screening-older-adults
WebMD Health Corp.,1,"$221,600",New York,Engagement Award Project,https://www.pcori.org/research-results/2015/patient-centered-outcomes-research-and-my-practice-what-clinicians-need-know-video-roundtable
