id,source_scope,access_status,title,year,publication_type,evidence_basis,local_evidence_files,database_or_data_source,design,study_period,practice_or_database_size,dme_definition,treatment_naive_definition,sample_screened_or_assessed,sample_included,index_date,follow_up_window,key_inclusion_exclusion,confounding_exclusions,unit_of_analysis,bilateral_eye_handling,treatment_or_exposure_groups,treatment_intensity_definition,baseline_va_strata,va_method,outcome_domains,statistical_methods,key_results_for_method_context,attrition_selection,limitations_or_caveats,methods_relevance
core-01,Core Vestrum website qualifying publication,Abstract/methods landing page saved; Healio blocked full article download,Increasing Incidence and Prevalence of Common Retinal Diseases in Retina Practices Across the United States,2021,Journal article,Institutional abstract/methods page,C:\Users\Justin\Desktop\linkedin-posts-mac\vestrum_dme_publications\extracted_text\01_MountSinai_Rosenblatt_Incidence_Prevalence_Common_Retinal_Diseases_2021.txt,Vestrum Health Database,Retrospective study,January 2014 to December 2019,"58 retina practices; 3,086,791 eyes examined",Eyes with DME identified among eyes with common retinal diseases; exact diagnostic-code/clinical definition not available in saved abstract-level source,Not applicable; epidemiology/incidence-prevalence study,"3,086,791 eyes examined","DME: 270,703 eyes",Not extracted from accessible abstract-level source,Disease incidence/prevalence assessed over 2014-2019,"Included eyes with wet AMD, dry AMD, DME, diabetic retinopathy without DME, BRVO, and CRVO identified in the database during the study period",Not extracted from accessible abstract-level source,Eye,Not extracted from accessible abstract-level source,"Disease categories, including DME",Not applicable,Not central to accessible extracted methods,Not central to accessible extracted methods,Incidence and prevalence of common retinal diseases; DME as one disease category,Incidence/prevalence estimation; detailed statistical methods not available from saved abstract-level source,"DME represented 8.8% of examined eyes, supporting feasibility of large-scale DME ascertainment in Vestrum.",Not extracted from accessible abstract-level source,"Broad disease epidemiology paper, not a DME-only outcomes study; full Healio article was not downloaded due HTTP 403.",Useful for cohort-size feasibility and epidemiologic endpoint design; less useful for anti-VEGF outcomes design.
core-02,Core Vestrum website qualifying publication,Full PDF saved from HubSpot mirror; original Vestrum PDF redirects,Evaluation of Patients Receiving Intravitreal Anti-VEGF for Diabetic Macular Edema in Clinical Practice in the United States,2020/2021,Journal article,Full manuscript PDF text extraction,C:\Users\Justin\Desktop\linkedin-posts-mac\vestrum_dme_publications\extracted_text\02_Pitcher_Evaluation_Intravitreal_AntiVEGF_DME_JVRD_2020.txt,Vestrum Health treatment and outcomes database; deidentified EMRs queried by SQL,Retrospective analysis of deidentified EMRs,Index first anti-VEGF injection from 2012-01-01 to 2015-04-30; observation through 2017-04-30,"251 retina specialists at 54 private US clinics; records include demographics, procedures, diagnoses, medications, and outcomes including VA",Eyes newly diagnosed with DME in the Vestrum database and administered a first anti-VEGF injection,No prior anti-VEGF treatment recorded before first anti-VEGF injection in the study window; outside-practice prior treatment cannot be fully ruled out from extracted text,"155,240 DME eyes assessed; 13,016 with first anti-VEGF treatment and VA on index","Year-1 cohort 3,028 eyes; year-2 cohort 1,292 eyes",First anti-VEGF injection,"12 and 24 months after index injection; month-12 VA closest to 12 months in months 11-12; required VA at index, month 12, and at least once each quarter",Included newly diagnosed DME eyes receiving first anti-VEGF injection and accepted VA methods. Excluded treatment break greater than 11 months in 24 months after index and eyes not meeting VA/follow-up requirements; required same VA methodology per patient.,Focused on newly diagnosed DME and anti-VEGF treated eyes; extracted text does not show detailed exclusion of other retinal diagnoses comparable to later papers,Eye,Not clearly extracted,Injection intensity groups: <=6 versus >6 injections per year; year-2 maintained or reduced frequency subgroups,<=6 versus >6 anti-VEGF injections per year,Not the main stratification,Converted to ETDRS letters with ETDRS = 85 - (50 * logMAR),VA change and anti-VEGF injection frequency/intensity over 1 and 2 years,Descriptive statistics; paired t-tests within cohorts; independent t-tests assuming unequal variance between cohorts; p < 0.05; Excel,Higher injection intensity in year 1 produced greater VA gain (+8.0 letters with >6 injections vs +3.7 with <=6). Reducing frequency after high year-1 dosing was associated with greater year-2 loss.,"Strict VA/follow-up requirements reduced 13,016 potentially eligible index-treatment eyes to 3,028 year-1 eyes and 1,292 year-2 eyes.",Strict follow-up/VA requirements select for more observed patients; retrospective EMR design and treatment-selection confounding.,"Strong template for treatment-intensity analyses with index injection, prespecified VA windows, quarterly VA, and injection-frequency cohorts."
core-04,Core Vestrum website qualifying publication,PMC full text HTML saved; PMC PDF endpoint returned proof-of-work HTML; original Vestrum link redirects,"Visual Acuity Outcomes and Anti-VEGF Therapy Intensity in Diabetic Macular Edema: A Real-World Analysis of 28,658 Patient Eyes",2020/2021,Journal article,PMC full text HTML extraction,C:\Users\Justin\Desktop\linkedin-posts-mac\vestrum_dme_publications\extracted_text\04_PMC7848066_Visual_Acuity_DME_fulltext.txt,Vestrum Health Retina Database,Retrospective analysis,Anti-VEGF injections between January 2013 and July 2018,"Nearly 1.5 million unique patients, more than 11 million encounters, 350 US retina specialists; weekly refresh; geographically/demographically diverse panel",Treatment-naive DME/DMO patient eyes receiving anti-VEGF and meeting follow-up criteria,Treatment-naive in Vestrum during study window; prior outside-practice treatment is a general real-world data caveat,Not stated in the same way as Pitcher; final analytic cohort reported,"28,658 patient eyes",Initial anti-VEGF treatment in the study period,One year; required follow-up in months 11-12,"Included treatment-naive DME/DMO eyes receiving anti-VEGF and 1-year follow-up. Excluded other retinal diagnoses. Did not require three initial loading injections, unlike the 2018 study.",Excluded other retinal diagnoses; switcher sensitivity analysis; medication comparisons remain nonrandom,Patient eye,Sensitivity analysis excluded bilateral cases,Initial anti-VEGF agent; injection frequency; baseline VA strata; switcher sensitivity analysis; calendar year/medication trends,Injection count/frequency during year 1; histogram from 1-13 injections with 32 eyes >13 excluded from subgroup display,Yes; baseline VA strata used because ceiling effects were expected and observed,"Snellen VA converted to approximate ETDRS letters using 85 + 50 * log(Snellen fraction), citing Gregori et al.","Mean 1-year VA change; injection frequency; VA change by medication, baseline VA, and treatment intensity",Baseline characteristics; mean change with 95% CI and nominal paired t-test p values; sensitivity excluding bilateral eyes and switchers; frequency histograms,"Mean 6.4 injections, median 6; overall +4.2 letters; <=5 injections generally below 3-letter gain; baseline VA produced strong ceiling/floor effects.","Required 1-year follow-up in months 11-12, selecting for observed patients; bilateral and switcher sensitivity analyses address part of the selection/confounding structure.",Retrospective EMR data; real-world VA measurement variability; medication comparisons confounded by nonrandom treatment selection; Vestrum card eye count differs from published paper.,"Best broad template for one-year DME anti-VEGF outcomes: large cohort, clear anti-VEGF index, baseline VA stratification, frequency analysis, and bilateral sensitivity."
core-05,Core Vestrum website qualifying publication,Full PDF saved from HubSpot mirror; original Vestrum PDF redirects,Real-world Outcomes of Anti-VEGF Therapy in Diabetic Macular Edema in the United States,2018,Journal article,Full manuscript PDF text extraction,C:\Users\Justin\Desktop\linkedin-posts-mac\vestrum_dme_publications\extracted_text\05_Ciulla_Bracha_Pollack_Williams_Realworld_AntiVEGF_DME_2018.txt,Vestrum Health Retina Database,"Retrospective, uncontrolled review",Treatment-naive DME diagnosis/treatment from January 2011 to March 2017; follow-up available before March 2018,"More than 240 private-practice retina physicians; urban/suburban/rural 65/32/3%; regional distribution reported; more than 800,000 unique patients and more than 4.5 million encounters",Treatment-naive DME patients treated with anti-VEGF and meeting initial injection/follow-up criteria,Treatment-naive in the Vestrum record; outside-practice prior treatment is a general real-world data caveat,"13,974 patients / 15,608 eyes","6-month cohort 4,613 eyes; 12-month cohort 5,840 eyes; 24-month cohort 5,155 eyes",DME diagnosis and initial anti-VEGF treatment period,"Mutually exclusive 6-, 12-, and 24-month cohorts based on available follow-up/loss to follow-up",Treatment-naive DME; at least three monthly anti-VEGF injections in first 4 months; grouped by initial agent.,"Initial anti-VEGF monotherapy/agent grouping; extracted text captures corticosteroid, laser, and PRP utilization but the cohort is selected by loading injections",Patient eye,Bilateral eyes treated independently,"Initial agent: aflibercept, bevacizumab, ranibizumab; baseline VA strata",At least three monthly anti-VEGF injections in first 4 months; total treatments counted by follow-up cohort,20/201 or worse; 20/71-20/200; 20/41-20/70; 20/40 or better,VA reported as ETDRS letters/letter change; conversion details less explicit than later BJO paper,"VA outcomes and number of anti-VEGF treatments; corticosteroid, macular laser, and panretinal photocoagulation utilization captured",Descriptive statistics; mean baseline/final VA and injections; mean change with 95% CI and nominal paired t-test p values; stratified by baseline VA,"12-month gains were similar by initial agent: aflibercept +5.5, bevacizumab +5.5, ranibizumab +4.0 letters, with about 7.5-7.9 injections. Worse baseline VA gained more; good baseline VA lost letters.",Mutually exclusive follow-up cohorts and initial loading-injection requirement select for treated/followed eyes.,Initial loading-injection requirement reduces generalizability; retrospective and uncontrolled; bilateral-eye independence caveat.,"Useful for agent-comparison framing and baseline VA strata; later 28,658-eye paper is broader because it removes the loading-injection requirement."
context-06,Broader relevant Vestrum-DME context,Full PDF saved,Evolving Treatment Patterns in Diabetic Macular Edema Between 2015 and 2020,2023,Journal article,Full manuscript PDF text extraction,C:\Users\Justin\Desktop\linkedin-posts-mac\vestrum_dme_publications\extracted_text\06_Sodhi_Evolving_Treatment_Patterns_DME_2015_2020_ASRS.txt,Vestrum Health Retina Database,Retrospective review,January 2015 to October 2021; annual treatment pattern analysis 2015-2020,Aggregated longitudinal deidentified EMRs from a geographically/demographically diverse US retina specialist panel,Newly diagnosed DME eyes,Newly diagnosed DME during the study period; not a pure anti-VEGF treatment-naive outcomes cohort because untreated and non-anti-VEGF treatments are included,"306,700 eyes assessed","122,899 eyes included after criteria; 5-year follow-up subset 12,918 eyes",New DME diagnosis,At least 1 year for main included cohort; 5-year subset required at least 5 years follow-up from 2015-2021,"Excluded eyes with less than 1 year follow-up and pathology other than DME that might have been treated with intravitreal or macular focal laser therapy, including AMD, RVO, and myopic CNV",Excluded competing retinal pathologies that could receive similar treatments,Eye,Bilateral eyes independent,"Untreated, anti-VEGF monotherapy, steroid monotherapy, focal laser monotherapy, and combination treatment patterns by year and cumulatively",Treatment class and cumulative treatment counts over annual and 5-year windows,Not central to treatment-pattern extraction,Snellen VA reported/extracted; VA change compared from baseline,"Treatment distribution, anti-VEGF/steroid/laser utilization, untreated proportion, baseline and follow-up VA change",Descriptive treatment-pattern comparisons with reported p values; exact test details should be checked in full text before formal citation,Untreated share declined from 32.7% in 2015 to 27.7% in 2020; anti-VEGF monotherapy increased from 43.5% to 61.8%; focal laser monotherapy decreased from 9.7% to 3.0%.,Required at least 1 year follow-up; 5-year subset is smaller and likely selected for continued observation.,Off Vestrum media page; treatment selection and loss-to-follow-up limitations; long-term cohorts can be highly selected.,Useful for diagnosis-indexed treatment-pattern studies and untreated/combo therapy endpoints.
context-07,Broader relevant Vestrum-DME context,Full PDF saved,"Longer-Term Anti-VEGF Outcomes in Neovascular AMD, Diabetic Macular Edema, and Vein Occlusion-Related Macular Edema",2022,Journal article,Full manuscript PDF text extraction,C:\Users\Justin\Desktop\linkedin-posts-mac\vestrum_dme_publications\extracted_text\07_Ciulla_Longer_Term_AntiVEGF_Outcomes_DME_nAMD_RVO_2022.txt,Vestrum Health Retina Database,Retrospective analysis,Treatment-naive patients receiving anti-VEGF between 2014 and 2019,"Approximately 1.5 million unique patients, more than 11 million encounters, 350 retina specialists; weekly refresh","Treatment-naive DME eyes among nAMD, DME, BRVO-ME, and CRVO-ME cohorts",Treatment-naive anti-VEGF eyes in the Vestrum record,Not extracted as a single screened count,"DME eyes: 40,832 at 1 year, 7,728 at 3 years, 1,192 at 5 years",Initial anti-VEGF treatment,At least 12 months; distinct yearly cohorts; up to 5 years for DME/nAMD and up to 3 years for RVO,Included treatment-naive anti-VEGF-treated disease cohorts; excluded other retinal diagnoses,Excluded other retinal diagnoses,Patient eye,Not the central extracted field,Injection frequency strata; baseline VA strata; disease cohorts; not stratified by anti-VEGF agent due prior findings,Injection count/frequency over each yearly follow-up horizon,Yes,Snellen converted to approximate ETDRS letters using 85 + 50 * log(Snellen fraction),VA change over longer-term follow-up and injection frequency,Descriptive statistics; mean VA change with 95% CI and nominal paired t-test p values; injection-frequency histograms,"DME mean injections and VA change: 1 year 6.2 injections/+4.7 letters, 3 years 15.4/+3.3, 5 years 26.0/+3.1.",Longer follow-up cohorts shrink substantially and are selected for continued observation.,Off Vestrum media page; DME is one of multiple disorders; longer follow-up cohorts are selected survivors.,Best context for multi-year DME anti-VEGF outcome windows and durability of real-world gains.
context-08,Broader relevant Vestrum-DME context,Full PDF saved,Bevacizumab-First Treatment Protocol AC Versus Real-World Treatment for Diabetic Macular Edema: Cost Analysis,2024,Journal article,Full manuscript PDF text extraction,C:\Users\Justin\Desktop\linkedin-posts-mac\vestrum_dme_publications\extracted_text\08_Grewal_Bevacizumab_First_Protocol_AC_vs_Real_World_DME_Cost_2024.txt,Vestrum real-world DME cohort plus DRCR Protocol AC model inputs and CMS/Medicare costs,Cost analysis comparing modeled Protocol AC bevacizumab-first strategy versus Vestrum real-world utilization,Vestrum treatment-naive DME eyes initiating anti-VEGF in 2016 with 2-year follow-up; broader stated window 2016-2018,"Real-world Vestrum utilization data for visits, imaging, injections, and medication mix",Treatment-naive DME eyes with baseline VA matched to Protocol AC and anti-VEGF monotherapy,Treatment-naive anti-VEGF eyes in Vestrum matched to Protocol AC baseline VA range,"1,556 eyes initiated anti-VEGF in 2016 for DME with 20/50-20/320 baseline VA","1,062 eyes included after excluding steroid/laser combination care; VA-gain matched subset 346",Anti-VEGF initiation in 2016,2 years,Included baseline VA 20/50-20/320 and anti-VEGF monotherapy; excluded eyes receiving steroids and/or laser in addition to anti-VEGF during 2-year follow-up,Steroid and laser combination treatment excluded to match anti-VEGF monotherapy cost comparison,Eye,Not central to extracted cost model,Protocol AC modeled bevacizumab-first with switch to aflibercept versus real-world Vestrum regimen; VA-gain matched sensitivity subset,"Injection, visit, OCT, and fundus utilization over 2 years",Matched to Protocol AC baseline VA range rather than broad strata,VA gain used for cohort matching and comparison; full VA-conversion detail not central to extraction,"Costs, visits, imaging, injection counts, drug mix, VA gain",Cost modeling using CMS 2022 nonfacility fee schedule and Dec 2022 Medicare Part B ASP; one-way sensitivity analyses removing modifier 25 and fundus costs,Real-world Vestrum care cost about 40% less than Protocol AC model with similar VA gain; real-world had 8.6 injections over 13.8 visits versus Protocol AC 16.1 injections over 22.5 visits.,"494 of 1,556 candidate eyes excluded because they received steroids and/or laser in addition to anti-VEGF.",Modeling assumptions and reimbursement inputs matter; anti-VEGF monotherapy selection may not generalize to all DME care.,Template for using Vestrum as utilization/cost input rather than only VA outcome database.
context-09,Broader relevant Vestrum-DME context,Full PDF saved,Cost-Effectiveness of Step Therapy in Diabetic Macular Edema: Protocol AC and Real-World Data,2025,Journal article,Full manuscript PDF text extraction,C:\Users\Justin\Desktop\linkedin-posts-mac\vestrum_dme_publications\extracted_text\09_Leung_Cost_Effectiveness_DME_Step_Therapy_2025.txt,Vestrum real-world regimen/utilization plus Markov model and cost-effectiveness inputs,Theoretical Markov cost-effectiveness model from a US societal perspective,2-year modeled follow-up and 17-year lifetime horizon; Vestrum real-world data used as comparator inputs,Not a primary cohort-size paper; uses Vestrum real-world comparator regimen from prior analysis,DME population modeled from Protocol AC and Vestrum real-world data,Inherited from underlying Protocol AC and real-world comparator sources,Model-based; no new screened Vestrum count extracted,Model-based; no new patient-level Vestrum cohort count extracted,Treatment initiation in modeled scenarios,2 years and lifetime 17-year horizon,Model scenarios and sensitivity analyses; follows Second Panel on Cost-Effectiveness and CHEERS framework,Handled through scenario assumptions rather than patient-level exclusions,Modeled patient/eye pathway,Not applicable to extracted model summary,"Protocol AC bevacizumab-first step therapy versus Vestrum real-world regimen; reference, low-cost, and high-cost scenarios",Protocol AC and real-world injection/visit patterns modeled over 2 years and lifetime scenarios,Not central to extracted model summary,VA outcomes translated into utility/QALY differences using a VA-to-utility approach described in the paper,"Costs, QALYs, incremental cost-utility ratio, probability of cost-effectiveness, healthcare and societal cost categories","Markov modeling, 3% annual discounting, scenario analyses, probabilistic sensitivity analysis","Protocol AC was more expensive at 2 years ($69,850 vs $61,304) and was not cost-effective in most probabilistic scenarios.",Not applicable to model extraction; depends on underlying real-world comparator.,Economic model rather than standalone Vestrum patient-level outcomes study; assumptions about long-term VA and costs drive findings.,Shows how Vestrum DME outcomes/utilization can support HEOR endpoints and sensitivity analyses.
context-10,Broader relevant Vestrum-DME context,PubMed abstract only; SAGE blocked; PMC embargoed until 2027-04-09,Visual Outcomes and Dosing Frequencies of Patients with Diabetic Macular Edema Treated with Faricimab Versus Other Anti-VEGF Agents,2026,Journal article; abstract-level extraction only,PubMed abstract/landing page,C:\Users\Justin\Desktop\linkedin-posts-mac\vestrum_dme_publications\extracted_text\10_PubMed_Macha_Faricimab_vs_Other_AntiVEGF_DME_2026.txt,Vestrum Health database deidentified EMRs,Retrospective database analysis based on abstract,January 2021 to December 2023,Not reported in accessible abstract,"DME eyes treated with faricimab, bevacizumab, ranibizumab, or aflibercept; treatment-naive and treatment-experienced switch cohorts",Treatment-naive cohort identified in abstract; detailed criteria unavailable from saved abstract,Not reported in accessible abstract,"14,103 treatment-naive eyes by injection 6; treatment-experienced faricimab switch cohort 1,378 eyes",Anti-VEGF treatment/injection series start; switch to faricimab for treatment-experienced cohort,Through 6 injections in treatment-naive eyes and 2 injections in treatment-experienced eyes,Abstract identifies treatment-naive and treatment-experienced DME eyes receiving named agents; detailed criteria not available from saved abstract,Baseline VA stratification reported; detailed exclusion criteria unavailable from abstract,Eye,Not reported in accessible abstract,"Faricimab, bevacizumab, ranibizumab, aflibercept; treatment-naive and treatment-experienced cohorts; baseline VA stratification",Mean days between injections and durability through injection sequence; >=50 days between injections 5 and 6,"Yes, according to abstract",VA change reported; detailed conversion method unavailable from abstract,Mean VA change and mean days between injections/dosing frequency,Abstract-level comparisons; detailed methods unavailable from accessible source,"After baseline VA stratification, faricimab outcomes were similar to other agents; faricimab more often achieved at least 50 days between injections 5 and 6 than bevacizumab or ranibizumab.",Not reported in accessible abstract.,Full text/PDF inaccessible due publisher 403 and PMC embargo until 2027-04-09; methods extraction is abstract-level only.,"Useful as current evidence that Vestrum can evaluate newer agents and durability intervals, but insufficient for detailed design extraction without full text."
