canonical_product,dataset_id,false_positive_note,match_field,match_term,match_term_type,match_value,review_status,source_record_id,source_url
Adlyxin,cms/drug-rebate-products,,FDA Product Name,Adlyxin,brand,ADLYXIN PEN 10 AND 20 MCG/0.2 50MCG/100M ADLYXIN PEN 3ML in 1 S,pending_analyst_review,NDC=00024574000|Year=2023|Quarter=3,https://download.medicaid.gov/data/drugproducts4q_2025Updated02122026.csv
Adlyxin,cms/drug-rebate-products,,Labeler Name,Sanofi,manufacturer,"SANOFI-AVENTIS, US LLC",pending_analyst_review,NDC=00024574000|Year=2023|Quarter=3,https://download.medicaid.gov/data/drugproducts4q_2025Updated02122026.csv
Adlyxin,cms/drug-rebate-products,,FDA Product Name,Adlyxin,brand,ADLYXIN PEN 10 AND 20 MCG/0.2 50MCG/100M ADLYXIN PEN 3ML in 1 S,pending_analyst_review,NDC=00024574101|Year=2023|Quarter=3,https://download.medicaid.gov/data/drugproducts4q_2025Updated02122026.csv
Adlyxin,cms/drug-rebate-products,,Labeler Name,Sanofi,manufacturer,"SANOFI-AVENTIS, US LLC",pending_analyst_review,NDC=00024574101|Year=2023|Quarter=3,https://download.medicaid.gov/data/drugproducts4q_2025Updated02122026.csv
Adlyxin,cms/drug-rebate-products,,FDA Product Name,Adlyxin,brand,ADLYXIN 10 AND 20 MCG/0.2 ML P 50MCG/100M ADLYXIN 10 AND 20MCG,pending_analyst_review,NDC=00024574502|Year=2023|Quarter=3,https://download.medicaid.gov/data/drugproducts4q_2025Updated02122026.csv
Adlyxin,cms/drug-rebate-products,,Labeler Name,Sanofi,manufacturer,"SANOFI-AVENTIS, US LLC",pending_analyst_review,NDC=00024574502|Year=2023|Quarter=3,https://download.medicaid.gov/data/drugproducts4q_2025Updated02122026.csv
Adlyxin,cms/drug-rebate-products,,FDA Product Name,Adlyxin,brand,ADLYXIN 20MCG/0.2 ML PEN 3 ML 100MCG/ML ADLYXIN INJECTION 20MCG,pending_analyst_review,NDC=00024574702|Year=2023|Quarter=3,https://download.medicaid.gov/data/drugproducts4q_2025Updated02122026.csv
Adlyxin,cms/drug-rebate-products,,Labeler Name,Sanofi,manufacturer,"SANOFI-AVENTIS, US LLC",pending_analyst_review,NDC=00024574702|Year=2023|Quarter=3,https://download.medicaid.gov/data/drugproducts4q_2025Updated02122026.csv
Adlyxin,cms/medicaid-spending,,Brnd_Name,Adlyxin,brand,Adlyxin,pending_analyst_review,Brnd_Name=Adlyxin|Gnrc_Name=Lixisenatide|Mftr_Name=Overall,https://data.cms.gov/sites/default/files/2025-05/113322af-a725-4df3-95a6-dfeb03756160/DSD_MCD_RY25_P06_V20_D23_BGM.csv
Adlyxin,cms/medicaid-spending,,Gnrc_Name,lixisenatide,ingredient,Lixisenatide,pending_analyst_review,Brnd_Name=Adlyxin|Gnrc_Name=Lixisenatide|Mftr_Name=Overall,https://data.cms.gov/sites/default/files/2025-05/113322af-a725-4df3-95a6-dfeb03756160/DSD_MCD_RY25_P06_V20_D23_BGM.csv
Adlyxin,cms/medicaid-spending,,Brnd_Name,Adlyxin,brand,Adlyxin,pending_analyst_review,Brnd_Name=Adlyxin|Gnrc_Name=Lixisenatide|Mftr_Name=Sanofi-Aventis,https://data.cms.gov/sites/default/files/2025-05/113322af-a725-4df3-95a6-dfeb03756160/DSD_MCD_RY25_P06_V20_D23_BGM.csv
Adlyxin,cms/medicaid-spending,,Mftr_Name,Sanofi,manufacturer,Sanofi-Aventis,pending_analyst_review,Brnd_Name=Adlyxin|Gnrc_Name=Lixisenatide|Mftr_Name=Sanofi-Aventis,https://data.cms.gov/sites/default/files/2025-05/113322af-a725-4df3-95a6-dfeb03756160/DSD_MCD_RY25_P06_V20_D23_BGM.csv
Adlyxin,cms/medicaid-spending,,Gnrc_Name,lixisenatide,ingredient,Lixisenatide,pending_analyst_review,Brnd_Name=Adlyxin|Gnrc_Name=Lixisenatide|Mftr_Name=Sanofi-Aventis,https://data.cms.gov/sites/default/files/2025-05/113322af-a725-4df3-95a6-dfeb03756160/DSD_MCD_RY25_P06_V20_D23_BGM.csv
Bydureon,cms/medicaid-spending,,Brnd_Name,Bydureon,brand,Bydureon Bcise,pending_analyst_review,Brnd_Name=Bydureon Bcise|Gnrc_Name=Exenatide Microspheres|Mftr_Name=Overall,https://data.cms.gov/sites/default/files/2025-05/113322af-a725-4df3-95a6-dfeb03756160/DSD_MCD_RY25_P06_V20_D23_BGM.csv
Bydureon,cms/medicaid-spending,,Brnd_Name,Bydureon BCise,brand,Bydureon Bcise,pending_analyst_review,Brnd_Name=Bydureon Bcise|Gnrc_Name=Exenatide Microspheres|Mftr_Name=Overall,https://data.cms.gov/sites/default/files/2025-05/113322af-a725-4df3-95a6-dfeb03756160/DSD_MCD_RY25_P06_V20_D23_BGM.csv
Bydureon,cms/medicaid-spending,,Gnrc_Name,exenatide,ingredient,Exenatide Microspheres,pending_analyst_review,Brnd_Name=Bydureon Bcise|Gnrc_Name=Exenatide Microspheres|Mftr_Name=Overall,https://data.cms.gov/sites/default/files/2025-05/113322af-a725-4df3-95a6-dfeb03756160/DSD_MCD_RY25_P06_V20_D23_BGM.csv
Bydureon,cms/nadac,,NDC Description,Bydureon,brand,BYDUREON BCISE 2 MG AUTOINJECT,pending_analyst_review,NDC=00310654004,https://download.medicaid.gov/data/nadac-national-average-drug-acquisition-cost-03-25-2026.csv
Bydureon,cms/nadac,,NDC Description,Bydureon BCise,brand,BYDUREON BCISE 2 MG AUTOINJECT,pending_analyst_review,NDC=00310654004,https://download.medicaid.gov/data/nadac-national-average-drug-acquisition-cost-03-25-2026.csv
Bydureon,cms/nadac,,NDC Description,Bydureon,brand,BYDUREON BCISE 2 MG AUTOINJECT,pending_analyst_review,NDC=00310654004,https://download.medicaid.gov/data/nadac-national-average-drug-acquisition-cost-03-25-2026.csv
Bydureon,cms/nadac,,NDC Description,Bydureon BCise,brand,BYDUREON BCISE 2 MG AUTOINJECT,pending_analyst_review,NDC=00310654004,https://download.medicaid.gov/data/nadac-national-average-drug-acquisition-cost-03-25-2026.csv
Bydureon,cms/nadac,,NDC Description,Bydureon,brand,BYDUREON BCISE 2 MG AUTOINJECT,pending_analyst_review,NDC=00310654004,https://download.medicaid.gov/data/nadac-national-average-drug-acquisition-cost-03-25-2026.csv
Bydureon,cms/nadac,,NDC Description,Bydureon BCise,brand,BYDUREON BCISE 2 MG AUTOINJECT,pending_analyst_review,NDC=00310654004,https://download.medicaid.gov/data/nadac-national-average-drug-acquisition-cost-03-25-2026.csv
Bydureon,cms/nadac,,NDC Description,Bydureon,brand,BYDUREON BCISE 2 MG AUTOINJECT,pending_analyst_review,NDC=00310654004,https://download.medicaid.gov/data/nadac-national-average-drug-acquisition-cost-03-25-2026.csv
Bydureon,cms/nadac,,NDC Description,Bydureon BCise,brand,BYDUREON BCISE 2 MG AUTOINJECT,pending_analyst_review,NDC=00310654004,https://download.medicaid.gov/data/nadac-national-average-drug-acquisition-cost-03-25-2026.csv
Bydureon,cms/part-d-spending,,Brnd_Name,Bydureon,brand,Bydureon Bcise,pending_analyst_review,Brnd_Name=Bydureon Bcise|Gnrc_Name=Exenatide Microspheres|Mftr_Name=Overall,https://data.cms.gov/sites/default/files/2025-05/56d95a8b-138c-4b60-84a5-613fbab7197f/DSD_PTD_RY25_P04_V10_DY23_BGM.csv
Bydureon,cms/part-d-spending,,Brnd_Name,Bydureon BCise,brand,Bydureon Bcise,pending_analyst_review,Brnd_Name=Bydureon Bcise|Gnrc_Name=Exenatide Microspheres|Mftr_Name=Overall,https://data.cms.gov/sites/default/files/2025-05/56d95a8b-138c-4b60-84a5-613fbab7197f/DSD_PTD_RY25_P04_V10_DY23_BGM.csv
Bydureon,cms/part-d-spending,,Gnrc_Name,exenatide,ingredient,Exenatide Microspheres,pending_analyst_review,Brnd_Name=Bydureon Bcise|Gnrc_Name=Exenatide Microspheres|Mftr_Name=Overall,https://data.cms.gov/sites/default/files/2025-05/56d95a8b-138c-4b60-84a5-613fbab7197f/DSD_PTD_RY25_P04_V10_DY23_BGM.csv
Bydureon,cms/part-d-spending,,Mftr_Name,AstraZeneca,manufacturer,Astrazeneca,pending_analyst_review,Brnd_Name=Bydureon Bcise|Gnrc_Name=Exenatide Microspheres|Mftr_Name=Astrazeneca,https://data.cms.gov/sites/default/files/2025-05/56d95a8b-138c-4b60-84a5-613fbab7197f/DSD_PTD_RY25_P04_V10_DY23_BGM.csv
Bydureon,cms/part-d-spending,,Brnd_Name,Bydureon,brand,Bydureon Bcise,pending_analyst_review,Brnd_Name=Bydureon Bcise|Gnrc_Name=Exenatide Microspheres|Mftr_Name=Astrazeneca,https://data.cms.gov/sites/default/files/2025-05/56d95a8b-138c-4b60-84a5-613fbab7197f/DSD_PTD_RY25_P04_V10_DY23_BGM.csv
Bydureon,cms/part-d-spending,,Brnd_Name,Bydureon BCise,brand,Bydureon Bcise,pending_analyst_review,Brnd_Name=Bydureon Bcise|Gnrc_Name=Exenatide Microspheres|Mftr_Name=Astrazeneca,https://data.cms.gov/sites/default/files/2025-05/56d95a8b-138c-4b60-84a5-613fbab7197f/DSD_PTD_RY25_P04_V10_DY23_BGM.csv
Bydureon,cms/part-d-spending,,Gnrc_Name,exenatide,ingredient,Exenatide Microspheres,pending_analyst_review,Brnd_Name=Bydureon Bcise|Gnrc_Name=Exenatide Microspheres|Mftr_Name=Astrazeneca,https://data.cms.gov/sites/default/files/2025-05/56d95a8b-138c-4b60-84a5-613fbab7197f/DSD_PTD_RY25_P04_V10_DY23_BGM.csv
Bydureon,cms/part-d-spending,,Brnd_Name,Bydureon,brand,Bydureon Pen,pending_analyst_review,Brnd_Name=Bydureon Pen|Gnrc_Name=Exenatide Microspheres|Mftr_Name=Overall,https://data.cms.gov/sites/default/files/2025-05/56d95a8b-138c-4b60-84a5-613fbab7197f/DSD_PTD_RY25_P04_V10_DY23_BGM.csv
Bydureon,cms/sdud,,Product Name,Bydureon,brand,BYDUREON B,pending_analyst_review,NDC=00310654004|State=AK|Year=2024|Quarter=4,https://download.medicaid.gov/data/sdud-2024-updated-dec2025.csv
Bydureon,cms/sdud,,Product Name,Bydureon,brand,BYDUREON B,pending_analyst_review,NDC=00310654004|State=AK|Year=2024|Quarter=3,https://download.medicaid.gov/data/sdud-2024-updated-dec2025.csv
Bydureon,cms/sdud,,Product Name,Bydureon,brand,BYDUREON B,pending_analyst_review,NDC=00310654004|State=AK|Year=2024|Quarter=2,https://download.medicaid.gov/data/sdud-2024-updated-dec2025.csv
Bydureon,cms/sdud,,Product Name,Bydureon,brand,BYDUREON B,pending_analyst_review,NDC=00310654004|State=AK|Year=2024|Quarter=1,https://download.medicaid.gov/data/sdud-2024-updated-dec2025.csv
Bydureon,cms/sdud,,Product Name,Bydureon,brand,BYDUREON B,pending_analyst_review,NDC=00310654004|State=AL|Year=2024|Quarter=4,https://download.medicaid.gov/data/sdud-2024-updated-dec2025.csv
Bydureon,cms/sdud,,Product Name,Bydureon,brand,BYDUREON B,pending_analyst_review,NDC=00310654004|State=AL|Year=2024|Quarter=3,https://download.medicaid.gov/data/sdud-2024-updated-dec2025.csv
Bydureon,cms/sdud,,Product Name,Bydureon,brand,BYDUREON B,pending_analyst_review,NDC=00310654004|State=AL|Year=2024|Quarter=2,https://download.medicaid.gov/data/sdud-2024-updated-dec2025.csv
Bydureon,cms/sdud,,Product Name,Bydureon,brand,BYDUREON B,pending_analyst_review,NDC=00310654004|State=AL|Year=2024|Quarter=1,https://download.medicaid.gov/data/sdud-2024-updated-dec2025.csv
Ozempic,fda/drug-recalls,,recalling_firm,Novo Nordisk,manufacturer,Novo Nordisk Inc,pending_analyst_review,f7970bf547997a15c60b248011575e9f2c1e524a41625fe4aa541411bf6d0d20,https://download.open.fda.gov/drug/enforcement/drug-enforcement-0001-of-0001.json.zip
Ozempic,fda/drug-recalls,,product_description,Ozempic,brand,"OZEMPIC (semaglutide) injection, 2 mg/1.5 mL (1.34 mg/mL) Prefilled pen, 1 pen, Sample. Not for Resale, Rx only, Novo Nordisk Inc, Plainsboro, NJ 08536, Manufactured by: Novo Nordisk A/S, Bagsvaerd, Denmark,  NDC 0169-4132-90 (Pen), NDC 0169-4132-97 (Kit)",pending_analyst_review,f7970bf547997a15c60b248011575e9f2c1e524a41625fe4aa541411bf6d0d20,https://download.open.fda.gov/drug/enforcement/drug-enforcement-0001-of-0001.json.zip
Ozempic,fda/drug-recalls,,product_description,semaglutide,ingredient,"OZEMPIC (semaglutide) injection, 2 mg/1.5 mL (1.34 mg/mL) Prefilled pen, 1 pen, Sample. Not for Resale, Rx only, Novo Nordisk Inc, Plainsboro, NJ 08536, Manufactured by: Novo Nordisk A/S, Bagsvaerd, Denmark,  NDC 0169-4132-90 (Pen), NDC 0169-4132-97 (Kit)",pending_analyst_review,f7970bf547997a15c60b248011575e9f2c1e524a41625fe4aa541411bf6d0d20,https://download.open.fda.gov/drug/enforcement/drug-enforcement-0001-of-0001.json.zip
Rybelsus,fda/drug-recalls,,product_description,Novo Nordisk,manufacturer,"Rybelsus (semaglutide) Tablets 7 mg Once daily Each tablet contains 7 mg semaglutide 30 tablets 3 blister packs. Each pack contains 10 tablets. Rx only NDC 0169-4307-13 Manufactured by: Novo Nordisk A/S DK-2880 Bagsvaerd, Denmark",pending_analyst_review,b3b8534b30ef9764f7c1e7fede79eb2ff60a4ce0c12f63def4e65135ef8fc43e,https://download.open.fda.gov/drug/enforcement/drug-enforcement-0001-of-0001.json.zip
Rybelsus,fda/drug-recalls,,product_description,Rybelsus,brand,"Rybelsus (semaglutide) Tablets 7 mg Once daily Each tablet contains 7 mg semaglutide 30 tablets 3 blister packs. Each pack contains 10 tablets. Rx only NDC 0169-4307-13 Manufactured by: Novo Nordisk A/S DK-2880 Bagsvaerd, Denmark",pending_analyst_review,b3b8534b30ef9764f7c1e7fede79eb2ff60a4ce0c12f63def4e65135ef8fc43e,https://download.open.fda.gov/drug/enforcement/drug-enforcement-0001-of-0001.json.zip
Rybelsus,fda/drug-recalls,,product_description,semaglutide,ingredient,"Rybelsus (semaglutide) Tablets 7 mg Once daily Each tablet contains 7 mg semaglutide 30 tablets 3 blister packs. Each pack contains 10 tablets. Rx only NDC 0169-4307-13 Manufactured by: Novo Nordisk A/S DK-2880 Bagsvaerd, Denmark",pending_analyst_review,b3b8534b30ef9764f7c1e7fede79eb2ff60a4ce0c12f63def4e65135ef8fc43e,https://download.open.fda.gov/drug/enforcement/drug-enforcement-0001-of-0001.json.zip
Saxenda,fda/drug-recalls,,recalling_firm,Novo Nordisk,manufacturer,Novo Nordisk Inc,pending_analyst_review,12abc736c482b063c5fc7450ae6855d8537b3e9e2d29cf8e360f04280fc44658,https://download.open.fda.gov/drug/enforcement/drug-enforcement-0001-of-0001.json.zip
Saxenda,fda/drug-recalls,,product_description,Saxenda,brand,"Saxenda (liraglutide) Injection, 18 mg/3 mL (6 mg/mL), 1 x 3 mL Prefilled Pen, Sample. Not for Resale., Rx only, Novo Nordisk Inc., Plainsboro, NJ 08536, Manufactured by: Novo Nordisk A/S, Bagsvaerd, Denmark,  NDC 0169-2800-90 (Pen), NDC 0169-2800-97 (Kit)",pending_analyst_review,12abc736c482b063c5fc7450ae6855d8537b3e9e2d29cf8e360f04280fc44658,https://download.open.fda.gov/drug/enforcement/drug-enforcement-0001-of-0001.json.zip
Saxenda,fda/drug-shortages,,company_name,Novo Nordisk,manufacturer,"Novo Nordisk, Inc.",pending_analyst_review,0897abbaf31ea7f5e1b9cd4fe78591823f65480ec4adaa8170034a5eba718883,https://download.open.fda.gov/drug/shortages/drug-shortages-0001-of-0001.json.zip
Saxenda,fda/drug-shortages,,presentation,Saxenda,brand,"Saxenda, Injection, 6 mg/1 mL (NDC 0169-2800-15)",pending_analyst_review,0897abbaf31ea7f5e1b9cd4fe78591823f65480ec4adaa8170034a5eba718883,https://download.open.fda.gov/drug/shortages/drug-shortages-0001-of-0001.json.zip
Saxenda,fda/drug-shortages,,generic_name,liraglutide,ingredient,Liraglutide Injection,pending_analyst_review,0897abbaf31ea7f5e1b9cd4fe78591823f65480ec4adaa8170034a5eba718883,https://download.open.fda.gov/drug/shortages/drug-shortages-0001-of-0001.json.zip
Victoza,fda/drug-shortages,,company_name,Novo Nordisk,manufacturer,"Novo Nordisk, Inc.",pending_analyst_review,a3a17169f61b8fbed2d4861b6202bd45a80c7ccab604bd5cbb4b344963b83585,https://download.open.fda.gov/drug/shortages/drug-shortages-0001-of-0001.json.zip
Victoza,fda/drug-shortages,,presentation,Victoza,brand,"Victoza, Injection, 6 mg/1 mL (NDC 0169-4060-13)",pending_analyst_review,a3a17169f61b8fbed2d4861b6202bd45a80c7ccab604bd5cbb4b344963b83585,https://download.open.fda.gov/drug/shortages/drug-shortages-0001-of-0001.json.zip
Victoza,fda/drug-shortages,,generic_name,liraglutide,ingredient,Liraglutide Injection,pending_analyst_review,a3a17169f61b8fbed2d4861b6202bd45a80c7ccab604bd5cbb4b344963b83585,https://download.open.fda.gov/drug/shortages/drug-shortages-0001-of-0001.json.zip
Victoza,fda/drug-shortages,,company_name,Novo Nordisk,manufacturer,"Novo Nordisk, Inc.",pending_analyst_review,182c008f07ebc4ab74687651425048a3c80dded9670aa227b6527fb57fc0572d,https://download.open.fda.gov/drug/shortages/drug-shortages-0001-of-0001.json.zip
Victoza,fda/drug-shortages,,presentation,Victoza,brand,"Victoza, Injection, 6 mg/1 mL (NDC 0169-4060-12)",pending_analyst_review,182c008f07ebc4ab74687651425048a3c80dded9670aa227b6527fb57fc0572d,https://download.open.fda.gov/drug/shortages/drug-shortages-0001-of-0001.json.zip
Adlyxin,fda/drugs-at-fda,,DrugName,Adlyxin,brand,ADLYXIN,pending_analyst_review,9dde7f97a1a1b639530636cb66ecd412ba23ff640611ba50fadee17c6249635f,https://www.fda.gov/media/89850/download
Adlyxin,fda/drugs-at-fda,,ActiveIngredient,lixisenatide,ingredient,LIXISENATIDE,pending_analyst_review,9dde7f97a1a1b639530636cb66ecd412ba23ff640611ba50fadee17c6249635f,https://www.fda.gov/media/89850/download
Adlyxin,fda/drugs-at-fda,,DrugName,Adlyxin,brand,ADLYXIN,pending_analyst_review,6503e517683e0394e6fb9cf57637ff98ab9eff26d34b26524829d347f42149eb,https://www.fda.gov/media/89850/download
Adlyxin,fda/drugs-at-fda,,ActiveIngredient,lixisenatide,ingredient,LIXISENATIDE,pending_analyst_review,6503e517683e0394e6fb9cf57637ff98ab9eff26d34b26524829d347f42149eb,https://www.fda.gov/media/89850/download
Bydureon,fda/drugs-at-fda,,DrugName,Bydureon,brand,BYDUREON,pending_analyst_review,16f1e311b4d52ef7bbb05e7876faa3c957e8b063c8d5ddadf4e47c9e1938a6ec,https://www.fda.gov/media/89850/download
Bydureon,fda/drugs-at-fda,,ActiveIngredient,exenatide,ingredient,EXENATIDE SYNTHETIC,pending_analyst_review,16f1e311b4d52ef7bbb05e7876faa3c957e8b063c8d5ddadf4e47c9e1938a6ec,https://www.fda.gov/media/89850/download
Bydureon,fda/drugs-at-fda,,DrugName,Bydureon,brand,BYDUREON PEN,pending_analyst_review,a6ba2a63994738e149b57079a689105b005c9e4c2dca2fbdd132dce71ac8aff4,https://www.fda.gov/media/89850/download
Bydureon,fda/drugs-at-fda,,ActiveIngredient,exenatide,ingredient,EXENATIDE SYNTHETIC,pending_analyst_review,a6ba2a63994738e149b57079a689105b005c9e4c2dca2fbdd132dce71ac8aff4,https://www.fda.gov/media/89850/download
Byetta,fda/ndc-directory,,labeler_name,AstraZeneca,manufacturer,AstraZeneca Pharmaceuticals LP,pending_analyst_review,product_ndc=0310-6512,https://download.open.fda.gov/drug/ndc/drug-ndc-0001-of-0001.json.zip
Byetta,fda/ndc-directory,,brand_name,Byetta,brand,Byetta,pending_analyst_review,product_ndc=0310-6512,https://download.open.fda.gov/drug/ndc/drug-ndc-0001-of-0001.json.zip
Byetta,fda/ndc-directory,,generic_name,exenatide,ingredient,exenatide,pending_analyst_review,product_ndc=0310-6512,https://download.open.fda.gov/drug/ndc/drug-ndc-0001-of-0001.json.zip
Byetta,fda/ndc-directory,,labeler_name,AstraZeneca,manufacturer,AstraZeneca Pharmaceuticals LP,pending_analyst_review,product_ndc=0310-6524,https://download.open.fda.gov/drug/ndc/drug-ndc-0001-of-0001.json.zip
Byetta,fda/ndc-directory,,brand_name,Byetta,brand,Byetta,pending_analyst_review,product_ndc=0310-6524,https://download.open.fda.gov/drug/ndc/drug-ndc-0001-of-0001.json.zip
Byetta,fda/ndc-directory,,generic_name,exenatide,ingredient,exenatide,pending_analyst_review,product_ndc=0310-6524,https://download.open.fda.gov/drug/ndc/drug-ndc-0001-of-0001.json.zip
Mounjaro,fda/ndc-directory,,labeler_name,Eli Lilly,manufacturer,Eli Lilly and Company,pending_analyst_review,product_ndc=0002-1460,https://download.open.fda.gov/drug/ndc/drug-ndc-0001-of-0001.json.zip
Mounjaro,fda/ndc-directory,,labeler_name,Lilly,manufacturer,Eli Lilly and Company,pending_analyst_review,product_ndc=0002-1460,https://download.open.fda.gov/drug/ndc/drug-ndc-0001-of-0001.json.zip
Adlyxin,fda/nme-approvals,,Proprietary  Name,Adlyxin,brand,Adlyxin,pending_analyst_review,8f083e277fdccbe54f326ae2e0eab63b16c5ab27ce9a946458655f5d1fa16bf2,https://www.fda.gov/media/177921/download?attachment
Adlyxin,fda/nme-approvals,,Applicant,Sanofi,manufacturer,Sanofi,pending_analyst_review,8f083e277fdccbe54f326ae2e0eab63b16c5ab27ce9a946458655f5d1fa16bf2,https://www.fda.gov/media/177921/download?attachment
Adlyxin,fda/nme-approvals,,Active Ingredient/Moiety,lixisenatide,ingredient,lixisenatide,pending_analyst_review,8f083e277fdccbe54f326ae2e0eab63b16c5ab27ce9a946458655f5d1fa16bf2,https://www.fda.gov/media/177921/download?attachment
Byetta,fda/nme-approvals,,Proprietary  Name,Byetta,brand,Byetta,pending_analyst_review,7512b16bbe3afd50068f8c7313105fbfd8c59e0d55b52715bad35d4f9da51f2a,https://www.fda.gov/media/177921/download?attachment
Byetta,fda/nme-approvals,,Active Ingredient/Moiety,exenatide,ingredient,exenatide,pending_analyst_review,7512b16bbe3afd50068f8c7313105fbfd8c59e0d55b52715bad35d4f9da51f2a,https://www.fda.gov/media/177921/download?attachment
Mounjaro,fda/nme-approvals,,Applicant,Eli Lilly,manufacturer,Eli Lilly and Company,pending_analyst_review,e27937162ae89f24bbf3ea4fba7ba2ea4c7a19b6d3ac935d08c0bca6e1a41dba,https://www.fda.gov/media/177921/download?attachment
Mounjaro,fda/nme-approvals,,Applicant,Lilly,manufacturer,Eli Lilly and Company,pending_analyst_review,e27937162ae89f24bbf3ea4fba7ba2ea4c7a19b6d3ac935d08c0bca6e1a41dba,https://www.fda.gov/media/177921/download?attachment
Mounjaro,fda/nme-approvals,,Proprietary  Name,Mounjaro,brand,Mounjaro,pending_analyst_review,e27937162ae89f24bbf3ea4fba7ba2ea4c7a19b6d3ac935d08c0bca6e1a41dba,https://www.fda.gov/media/177921/download?attachment
Byetta,fda/orange-book,,Ingredient~DF;Route~Trade_Name~Applicant~Strength~Appl_Type~Appl_No~Product_No~TE_Code~Approval_Date~RLD~RS~Type~Applicant_Full_Name,AstraZeneca,manufacturer,EXENATIDE SYNTHETIC~INJECTABLE;SUBCUTANEOUS~BYETTA~ASTRAZENECA AB~300MCG/1.2ML (250MCG/ML)~N~021773~001~~Apr 28,pending_analyst_review,467b0e73c099936e7dc25b06b11c71ab57b117dc89cf670eebd2cabb40fbf156,https://www.fda.gov/media/76860/download
Byetta,fda/orange-book,,Ingredient~DF;Route~Trade_Name~Applicant~Strength~Appl_Type~Appl_No~Product_No~TE_Code~Approval_Date~RLD~RS~Type~Applicant_Full_Name,Byetta,brand,EXENATIDE SYNTHETIC~INJECTABLE;SUBCUTANEOUS~BYETTA~ASTRAZENECA AB~300MCG/1.2ML (250MCG/ML)~N~021773~001~~Apr 28,pending_analyst_review,467b0e73c099936e7dc25b06b11c71ab57b117dc89cf670eebd2cabb40fbf156,https://www.fda.gov/media/76860/download
Byetta,fda/orange-book,,Ingredient~DF;Route~Trade_Name~Applicant~Strength~Appl_Type~Appl_No~Product_No~TE_Code~Approval_Date~RLD~RS~Type~Applicant_Full_Name,exenatide,ingredient,EXENATIDE SYNTHETIC~INJECTABLE;SUBCUTANEOUS~BYETTA~ASTRAZENECA AB~300MCG/1.2ML (250MCG/ML)~N~021773~001~~Apr 28,pending_analyst_review,467b0e73c099936e7dc25b06b11c71ab57b117dc89cf670eebd2cabb40fbf156,https://www.fda.gov/media/76860/download
Byetta,fda/orange-book,,Ingredient~DF;Route~Trade_Name~Applicant~Strength~Appl_Type~Appl_No~Product_No~TE_Code~Approval_Date~RLD~RS~Type~Applicant_Full_Name,AstraZeneca,manufacturer,EXENATIDE SYNTHETIC~INJECTABLE;SUBCUTANEOUS~BYETTA~ASTRAZENECA AB~600MCG/2.4ML (250MCG/ML)~N~021773~002~~Apr 28,pending_analyst_review,96852a774d70dd80c53df9c7f77b070f1324942676b951b40a8126e5127a2b6d,https://www.fda.gov/media/76860/download
Byetta,fda/orange-book,,Ingredient~DF;Route~Trade_Name~Applicant~Strength~Appl_Type~Appl_No~Product_No~TE_Code~Approval_Date~RLD~RS~Type~Applicant_Full_Name,Byetta,brand,EXENATIDE SYNTHETIC~INJECTABLE;SUBCUTANEOUS~BYETTA~ASTRAZENECA AB~600MCG/2.4ML (250MCG/ML)~N~021773~002~~Apr 28,pending_analyst_review,96852a774d70dd80c53df9c7f77b070f1324942676b951b40a8126e5127a2b6d,https://www.fda.gov/media/76860/download
Byetta,fda/orange-book,,Ingredient~DF;Route~Trade_Name~Applicant~Strength~Appl_Type~Appl_No~Product_No~TE_Code~Approval_Date~RLD~RS~Type~Applicant_Full_Name,exenatide,ingredient,EXENATIDE SYNTHETIC~INJECTABLE;SUBCUTANEOUS~BYETTA~ASTRAZENECA AB~600MCG/2.4ML (250MCG/ML)~N~021773~002~~Apr 28,pending_analyst_review,96852a774d70dd80c53df9c7f77b070f1324942676b951b40a8126e5127a2b6d,https://www.fda.gov/media/76860/download
Mounjaro,fda/orange-book,,Ingredient~DF;Route~Trade_Name~Applicant~Strength~Appl_Type~Appl_No~Product_No~TE_Code~Approval_Date~RLD~RS~Type~Applicant_Full_Name,Eli Lilly,manufacturer,TIRZEPATIDE~SOLUTION;SUBCUTANEOUS~MOUNJARO~ELI LILLY AND CO~2.5MG/0.5ML (2.5MG/0.5ML)~N~215866~007~~Jul 28,pending_analyst_review,668dd51be37dc42db29ba61c32b7305f1bdc6a966581852cf3e90939b3e41cc5,https://www.fda.gov/media/76860/download
Mounjaro,fda/orange-book,,Ingredient~DF;Route~Trade_Name~Applicant~Strength~Appl_Type~Appl_No~Product_No~TE_Code~Approval_Date~RLD~RS~Type~Applicant_Full_Name,Lilly,manufacturer,TIRZEPATIDE~SOLUTION;SUBCUTANEOUS~MOUNJARO~ELI LILLY AND CO~2.5MG/0.5ML (2.5MG/0.5ML)~N~215866~007~~Jul 28,pending_analyst_review,668dd51be37dc42db29ba61c32b7305f1bdc6a966581852cf3e90939b3e41cc5,https://www.fda.gov/media/76860/download
