canonical_product,cumulative_annual_beneficiaries,cumulative_annual_claims,cumulative_annual_dosage_units,cumulative_annual_spending,current_available_rows,current_limited_availability_rows,dataset_id,latest_prior_period_relation,latest_prior_periods_consecutive,latest_vs_prior_claims_change,latest_vs_prior_claims_pct_change,latest_vs_prior_spending_change,latest_vs_prior_spending_pct_change,latest_year,latest_year_mean_avg_spending_per_claim,latest_year_mean_avg_spending_per_dosage_unit,latest_year_total_beneficiaries,latest_year_total_claims,latest_year_total_dosage_units,latest_year_total_spending,match_records,match_terms,matched_source_rows,mean_avg_spending_per_claim,mean_avg_spending_per_dosage_unit,numeric_row_rule,numeric_rows_used,prior_year,prior_year_total_claims,prior_year_total_spending,shortage_classifications,source_url,sum_total_beneficiaries,sum_total_claims,sum_total_dosage_units,sum_total_spending,to_be_discontinued_rows,years_observed
Adlyxin,0,0,0,0,,,cms/drug-rebate-products,,,,,,,,,,,,,,188,"['Adlyxin', 'Sanofi']",94,,,all_matched_rows,94,,,,,https://download.medicaid.gov/data/drugproducts4q_2025Updated02122026.csv,0.0,0.0,0.0,0.0,,[]
Bydureon,0,0,0,0,,,cms/drug-rebate-products,,,,,,,,,,,,,,392,"['AstraZeneca', 'Bydureon', 'Bydureon BCise']",180,,,all_matched_rows,180,,,,,https://download.medicaid.gov/data/drugproducts4q_2025Updated02122026.csv,0.0,0.0,0.0,0.0,,[]
Byetta,0,0,0,0,,,cms/drug-rebate-products,,,,,,,,,,,,,,226,"['AstraZeneca', 'Byetta', 'exenatide']",113,,,all_matched_rows,113,,,,,https://download.medicaid.gov/data/drugproducts4q_2025Updated02122026.csv,0.0,0.0,0.0,0.0,,[]
Mounjaro,0,0,0,0,,,cms/drug-rebate-products,,,,,,,,,,,,,,540,"['Eli Lilly', 'Lilly', 'Mounjaro']",180,,,all_matched_rows,180,,,,,https://download.medicaid.gov/data/drugproducts4q_2025Updated02122026.csv,0.0,0.0,0.0,0.0,,[]
Ozempic,0,0,0,0,,,cms/drug-rebate-products,,,,,,,,,,,,,,404,"['Novo Nordisk', 'Ozempic']",202,,,all_matched_rows,202,,,,,https://download.medicaid.gov/data/drugproducts4q_2025Updated02122026.csv,0.0,0.0,0.0,0.0,,[]
Rybelsus,0,0,0,0,,,cms/drug-rebate-products,,,,,,,,,,,,,,354,"['Novo Nordisk', 'Rybelsus']",177,,,all_matched_rows,177,,,,,https://download.medicaid.gov/data/drugproducts4q_2025Updated02122026.csv,0.0,0.0,0.0,0.0,,[]
Saxenda,0,0,0,0,,,cms/drug-rebate-products,,,,,,,,,,,,,,86,"['Novo Nordisk', 'Saxenda']",43,,,all_matched_rows,43,,,,,https://download.medicaid.gov/data/drugproducts4q_2025Updated02122026.csv,0.0,0.0,0.0,0.0,,[]
Soliqua,0,0,0,0,,,cms/drug-rebate-products,,,,,,,,,,,,,,154,"['Sanofi', 'Soliqua', 'Soliqua 100/33']",59,,,all_matched_rows,59,,,,,https://download.medicaid.gov/data/drugproducts4q_2025Updated02122026.csv,0.0,0.0,0.0,0.0,,[]
Trulicity,0,0,0,0,,,cms/drug-rebate-products,,,,,,,,,,,,,,804,"['Eli Lilly', 'Lilly', 'Trulicity']",268,,,all_matched_rows,268,,,,,https://download.medicaid.gov/data/drugproducts4q_2025Updated02122026.csv,0.0,0.0,0.0,0.0,,[]
Victoza,0,0,0,0,,,cms/drug-rebate-products,,,,,,,,,,,,,,184,"['Novo Nordisk', 'Victoza']",92,,,all_matched_rows,92,,,,,https://download.medicaid.gov/data/drugproducts4q_2025Updated02122026.csv,0.0,0.0,0.0,0.0,,[]
Wegovy,0,0,0,0,,,cms/drug-rebate-products,,,,,,,,,,,,,,380,"['Novo Nordisk', 'Wegovy']",190,,,all_matched_rows,190,,,,,https://download.medicaid.gov/data/drugproducts4q_2025Updated02122026.csv,0.0,0.0,0.0,0.0,,[]
Xultophy,0,0,0,0,,,cms/drug-rebate-products,,,,,,,,,,,,,,105,"['Novo Nordisk', 'Xultophy', 'Xultophy 100/3.6']",35,,,all_matched_rows,35,,,,,https://download.medicaid.gov/data/drugproducts4q_2025Updated02122026.csv,0.0,0.0,0.0,0.0,,[]
Zepbound,0,0,0,0,,,cms/drug-rebate-products,,,,,,,,,,,,,,420,"['Eli Lilly', 'Lilly', 'Zepbound']",140,,,all_matched_rows,140,,,,,https://download.medicaid.gov/data/drugproducts4q_2025Updated02122026.csv,0.0,0.0,0.0,0.0,,[]
ingredient:exenatide,0,0,0,0,,,cms/drug-rebate-products,,,,,,,,,,,,,,3,['exenatide'],3,,,all_matched_rows,3,,,,,https://download.medicaid.gov/data/drugproducts4q_2025Updated02122026.csv,0.0,0.0,0.0,0.0,,[]
ingredient:liraglutide,0,0,0,0,,,cms/drug-rebate-products,,,,,,,,,,,,,,52,['liraglutide'],52,,,all_matched_rows,52,,,,,https://download.medicaid.gov/data/drugproducts4q_2025Updated02122026.csv,0.0,0.0,0.0,0.0,,[]
Adlyxin,0.0,4350.0,26839.0,2922209.71,,,cms/medicaid-spending,strict_yoy,True,-507.0,-95.4802,-359443.51,-94.7799,2023,824.8617,113.774,0.0,24.0,174.0,19796.68,5,"['Adlyxin', 'Sanofi', 'lixisenatide']",2,,,overall_rows_only,1,2022,531.0,379240.19,,https://data.cms.gov/sites/default/files/2025-05/113322af-a725-4df3-95a6-dfeb03756160/DSD_MCD_RY25_P06_V20_D23_BGM.csv,0.0,0.0,0.0,0.0,,"['2019', '2020', '2021', '2022', '2023']"
Bydureon,0.0,779725.0,3028542.969,593504272.25,,,cms/medicaid-spending,strict_yoy,True,-20494.0,-18.8921,-14205460.46,-16.2245,2023,778.5483,208.9904,0.0,87985.0,314307.45,73350262.24,12,"['AstraZeneca', 'Bydureon', 'Bydureon BCise', 'exenatide']",4,,,overall_rows_only,2,2022,108479.0,87555722.7,,https://data.cms.gov/sites/default/files/2025-05/113322af-a725-4df3-95a6-dfeb03756160/DSD_MCD_RY25_P06_V20_D23_BGM.csv,0.0,0.0,0.0,0.0,,"['2019', '2020', '2021', '2022', '2023']"
Byetta,0.0,91724.0,185062.212,77669493.91,,,cms/medicaid-spending,strict_yoy,True,-529.0,-4.2973,-437261.99,-4.2228,2023,841.818,513.9171,0.0,11781.0,22023.6,9917458.2,5,"['AstraZeneca', 'Byetta', 'exenatide']",2,,,overall_rows_only,1,2022,12310.0,10354720.19,,https://data.cms.gov/sites/default/files/2025-05/113322af-a725-4df3-95a6-dfeb03756160/DSD_MCD_RY25_P06_V20_D23_BGM.csv,0.0,0.0,0.0,0.0,,"['2019', '2020', '2021', '2022', '2023']"
Mounjaro,0.0,442603.0,943821.5,460061815.22,,,cms/medicaid-spending,strict_yoy,True,374387.0,1097.6516,392249217.6,1156.8624,2023,1043.2331,488.8643,0.0,408495.0,871897.0,426155516.41,6,"['Eli Lilly', 'Lilly', 'Mounjaro', 'tirzepatide']",2,,,overall_rows_only,1,2022,34108.0,33906298.81,,https://data.cms.gov/sites/default/files/2025-05/113322af-a725-4df3-95a6-dfeb03756160/DSD_MCD_RY25_P06_V20_D23_BGM.csv,0.0,0.0,0.0,0.0,,"['2022', '2023']"
Ozempic,0.0,4072580.0,11367581.606,3932300275.14,,,cms/medicaid-spending,strict_yoy,True,1074587.0,108.6084,1128411542.77,117.9022,2023,1010.4094,334.4269,0.0,2064001.0,6545633.225,2085485949.3,5,"['Novo Nordisk', 'Ozempic', 'semaglutide']",2,,,overall_rows_only,1,2022,989414.0,957074406.53,,https://data.cms.gov/sites/default/files/2025-05/113322af-a725-4df3-95a6-dfeb03756160/DSD_MCD_RY25_P06_V20_D23_BGM.csv,0.0,0.0,0.0,0.0,,"['2019', '2020', '2021', '2022', '2023']"
Rybelsus,0.0,479927.0,17445893.06,513594779.89,,,cms/medicaid-spending,strict_yoy,True,84211.0,52.835,120794613.63,74.6164,2023,1160.455,30.3673,0.0,243596.0,9308302.0,282682199.61,5,"['Novo Nordisk', 'Rybelsus', 'semaglutide']",2,,,overall_rows_only,1,2022,159385.0,161887585.98,,https://data.cms.gov/sites/default/files/2025-05/113322af-a725-4df3-95a6-dfeb03756160/DSD_MCD_RY25_P06_V20_D23_BGM.csv,0.0,0.0,0.0,0.0,,"['2019', '2020', '2021', '2022', '2023']"
Saxenda,0.0,214822.0,3047660.0,259100813.74,,,cms/medicaid-spending,strict_yoy,True,39201.0,57.6045,46234465.91,55.4473,2023,1208.5348,86.2012,0.0,107253.0,1503680.0,129618988.26,5,"['Novo Nordisk', 'Saxenda', 'liraglutide']",2,,,overall_rows_only,1,2022,68052.0,83384522.35,,https://data.cms.gov/sites/default/files/2025-05/113322af-a725-4df3-95a6-dfeb03756160/DSD_MCD_RY25_P06_V20_D23_BGM.csv,0.0,0.0,0.0,0.0,,"['2019', '2020', '2021', '2022', '2023']"
Soliqua,0.0,57365.0,835614.6,42364538.07,,,cms/medicaid-spending,strict_yoy,True,-1397.0,-11.1023,-560185.08,-5.5633,2023,850.0861,55.4268,0.0,11186.0,171560.6,9509062.8,7,"['Sanofi', 'Soliqua', 'Soliqua 100/33', 'lixisenatide']",2,,,overall_rows_only,1,2022,12583.0,10069247.88,,https://data.cms.gov/sites/default/files/2025-05/113322af-a725-4df3-95a6-dfeb03756160/DSD_MCD_RY25_P06_V20_D23_BGM.csv,0.0,0.0,0.0,0.0,,"['2019', '2020', '2021', '2022', '2023']"
Trulicity,0.0,7380767.0,22214495.932,7099269814.97,,,cms/medicaid-spending,strict_yoy,True,613327.0,28.2487,736079486.6,34.5427,2023,1029.6322,417.3033,0.0,2784493.0,6974854.679,2867003543.7,6,"['Eli Lilly', 'Lilly', 'Trulicity', 'dulaglutide']",2,,,overall_rows_only,1,2022,2171166.0,2130924057.1,,https://data.cms.gov/sites/default/files/2025-05/113322af-a725-4df3-95a6-dfeb03756160/DSD_MCD_RY25_P06_V20_D23_BGM.csv,0.0,0.0,0.0,0.0,,"['2019', '2020', '2021', '2022', '2023']"
Victoza,0.0,3157376.0,27199772.38,2925610635.29,,,cms/medicaid-spending,strict_yoy,True,-58960.0,-9.156,-45083254.56,-7.0262,2023,990.948,119.9964,0.0,584992.0,4974277.0,596557354.41,10,"['Novo Nordisk', 'Victoza', 'liraglutide']",4,,,overall_rows_only,2,2022,643952.0,641640608.97,,https://data.cms.gov/sites/default/files/2025-05/113322af-a725-4df3-95a6-dfeb03756160/DSD_MCD_RY25_P06_V20_D23_BGM.csv,0.0,0.0,0.0,0.0,,"['2019', '2020', '2021', '2022', '2023']"
Wegovy,0.0,443108.0,1140592.0,585401217.8,,,cms/medicaid-spending,strict_yoy,True,378989.0,1232.8855,500315408.49,1220.1853,2023,1321.1626,539.5221,0.0,409729.0,1047637.6,541318641.59,5,"['Novo Nordisk', 'Wegovy', 'semaglutide']",2,,,overall_rows_only,1,2022,30740.0,41003233.1,,https://data.cms.gov/sites/default/files/2025-05/113322af-a725-4df3-95a6-dfeb03756160/DSD_MCD_RY25_P06_V20_D23_BGM.csv,0.0,0.0,0.0,0.0,,"['2021', '2022', '2023']"
Xultophy,0.0,23539.0,326278.543,23502888.38,,,cms/medicaid-spending,strict_yoy,True,-850.0,-23.3966,-779313.46,-18.7427,2023,1214.0325,78.8245,0.0,2783.0,42863.0,3378652.52,7,"['Novo Nordisk', 'Xultophy', 'Xultophy 100/3.6', 'liraglutide']",2,,,overall_rows_only,1,2022,3633.0,4157965.98,,https://data.cms.gov/sites/default/files/2025-05/113322af-a725-4df3-95a6-dfeb03756160/DSD_MCD_RY25_P06_V20_D23_BGM.csv,0.0,0.0,0.0,0.0,,"['2019', '2020', '2021', '2022', '2023']"
Zepbound,0.0,493.0,987.0,483676.98,,,cms/medicaid-spending,,,,,,,2023,981.0892,489.9977,0.0,493.0,987.0,483676.98,6,"['Eli Lilly', 'Lilly', 'Zepbound', 'tirzepatide']",2,,,overall_rows_only,1,,,,,https://data.cms.gov/sites/default/files/2025-05/113322af-a725-4df3-95a6-dfeb03756160/DSD_MCD_RY25_P06_V20_D23_BGM.csv,0.0,0.0,0.0,0.0,,['2023']
Bydureon,0,0,0,0,,,cms/nadac,,,,,,,,,,,,,,120,"['Bydureon', 'Bydureon BCise']",60,,,all_matched_rows,60,,,,,https://download.medicaid.gov/data/nadac-national-average-drug-acquisition-cost-03-25-2026.csv,0.0,0.0,0.0,0.0,,[]
Byetta,0,0,0,0,,,cms/nadac,,,,,,,,,,,,,,118,['Byetta'],118,,,all_matched_rows,118,,,,,https://download.medicaid.gov/data/nadac-national-average-drug-acquisition-cost-03-25-2026.csv,0.0,0.0,0.0,0.0,,[]
Mounjaro,0,0,0,0,,,cms/nadac,,,,,,,,,,,,,,390,['Mounjaro'],390,,,all_matched_rows,390,,,,,https://download.medicaid.gov/data/nadac-national-average-drug-acquisition-cost-03-25-2026.csv,0.0,0.0,0.0,0.0,,[]
Ozempic,0,0,0,0,,,cms/nadac,,,,,,,,,,,,,,470,['Ozempic'],470,,,all_matched_rows,470,,,,,https://download.medicaid.gov/data/nadac-national-average-drug-acquisition-cost-03-25-2026.csv,0.0,0.0,0.0,0.0,,[]
Rybelsus,0,0,0,0,,,cms/nadac,,,,,,,,,,,,,,216,['Rybelsus'],216,,,all_matched_rows,216,,,,,https://download.medicaid.gov/data/nadac-national-average-drug-acquisition-cost-03-25-2026.csv,0.0,0.0,0.0,0.0,,[]
Saxenda,0,0,0,0,,,cms/nadac,,,,,,,,,,,,,,65,['Saxenda'],65,,,all_matched_rows,65,,,,,https://download.medicaid.gov/data/nadac-national-average-drug-acquisition-cost-03-25-2026.csv,0.0,0.0,0.0,0.0,,[]
Soliqua,0,0,0,0,,,cms/nadac,,,,,,,,,,,,,,65,['Soliqua'],65,,,all_matched_rows,65,,,,,https://download.medicaid.gov/data/nadac-national-average-drug-acquisition-cost-03-25-2026.csv,0.0,0.0,0.0,0.0,,[]
Trulicity,0,0,0,0,,,cms/nadac,,,,,,,,,,,,,,260,['Trulicity'],260,,,all_matched_rows,260,,,,,https://download.medicaid.gov/data/nadac-national-average-drug-acquisition-cost-03-25-2026.csv,0.0,0.0,0.0,0.0,,[]
Victoza,0,0,0,0,,,cms/nadac,,,,,,,,,,,,,,130,['Victoza'],130,,,all_matched_rows,130,,,,,https://download.medicaid.gov/data/nadac-national-average-drug-acquisition-cost-03-25-2026.csv,0.0,0.0,0.0,0.0,,[]
Wegovy,0,0,0,0,,,cms/nadac,,,,,,,,,,,,,,333,['Wegovy'],333,,,all_matched_rows,333,,,,,https://download.medicaid.gov/data/nadac-national-average-drug-acquisition-cost-03-25-2026.csv,0.0,0.0,0.0,0.0,,[]
Xultophy,0,0,0,0,,,cms/nadac,,,,,,,,,,,,,,65,['Xultophy'],65,,,all_matched_rows,65,,,,,https://download.medicaid.gov/data/nadac-national-average-drug-acquisition-cost-03-25-2026.csv,0.0,0.0,0.0,0.0,,[]
Zepbound,0,0,0,0,,,cms/nadac,,,,,,,,,,,,,,390,['Zepbound'],390,,,all_matched_rows,390,,,,,https://download.medicaid.gov/data/nadac-national-average-drug-acquisition-cost-03-25-2026.csv,0.0,0.0,0.0,0.0,,[]
ingredient:exenatide,0,0,0,0,,,cms/nadac,,,,,,,,,,,,,,23,['exenatide'],23,,,all_matched_rows,23,,,,,https://download.medicaid.gov/data/nadac-national-average-drug-acquisition-cost-03-25-2026.csv,0.0,0.0,0.0,0.0,,[]
ingredient:liraglutide,0,0,0,0,,,cms/nadac,,,,,,,,,,,,,,381,['liraglutide'],381,,,all_matched_rows,381,,,,,https://download.medicaid.gov/data/nadac-national-average-drug-acquisition-cost-03-25-2026.csv,0.0,0.0,0.0,0.0,,[]
Bydureon,393742.0,1837320.0,9826606.038,2077538436.3,,,cms/part-d-spending,strict_yoy,True,-64945.0,-23.3772,-71568058.56,-20.1212,2023,1142.7348,221.2277,45902.0,212868.0,1163773.75,284117600.04,12,"['AstraZeneca', 'Bydureon', 'Bydureon BCise', 'exenatide']",4,,,overall_rows_only,2,2022,277813.0,355685658.6,,https://data.cms.gov/sites/default/files/2025-05/56d95a8b-138c-4b60-84a5-613fbab7197f/DSD_PTD_RY25_P04_V10_DY23_BGM.csv,0.0,0.0,0.0,0.0,,"['2019', '2020', '2021', '2022', '2023']"
Byetta,34431.0,154651.0,547865.7,195213458.47,,,cms/part-d-spending,strict_yoy,True,-5548.0,-28.3206,-6855334.99,-24.9276,2023,1470.2768,442.1504,3396.0,14042.0,52092.0,20645626.17,5,"['AstraZeneca', 'Byetta', 'exenatide']",2,,,overall_rows_only,1,2022,19590.0,27500961.16,,https://data.cms.gov/sites/default/files/2025-05/56d95a8b-138c-4b60-84a5-613fbab7197f/DSD_PTD_RY25_P04_V10_DY23_BGM.csv,0.0,0.0,0.0,0.0,,"['2019', '2020', '2021', '2022', '2023']"
Mounjaro,424405.0,1942581.0,4654612.0,2505419309.42,,,cms/part-d-spending,strict_yoy,True,1700391.0,1404.1794,2217349004.78,1539.4499,2023,1296.4053,539.8175,370203.0,1821486.0,4374599.5,2361384157.1,6,"['Eli Lilly', 'Lilly', 'Mounjaro', 'tirzepatide']",2,,,overall_rows_only,1,2022,121095.0,144035152.32,,https://data.cms.gov/sites/default/files/2025-05/56d95a8b-138c-4b60-84a5-613fbab7197f/DSD_PTD_RY25_P04_V10_DY23_BGM.csv,0.0,0.0,0.0,0.0,,"['2022', '2023']"
Ozempic,3115521.0,14082634.0,50211648.339,18452117475.25,,,cms/part-d-spending,strict_yoy,True,3517133.0,103.1164,4565887791.7,98.6545,2023,1327.0909,355.9027,1464468.0,6927972.0,26990261.403,9194048435.1,5,"['Novo Nordisk', 'Ozempic', 'semaglutide']",2,,,overall_rows_only,1,2022,3410839.0,4628160643.4,,https://data.cms.gov/sites/default/files/2025-05/56d95a8b-138c-4b60-84a5-613fbab7197f/DSD_PTD_RY25_P04_V10_DY23_BGM.csv,0.0,0.0,0.0,0.0,,"['2019', '2020', '2021', '2022', '2023']"
Rybelsus,606665.0,2197721.0,101566303.286,3169176867.13,,,cms/part-d-spending,strict_yoy,True,388680.0,56.6303,691012473.17,70.8807,2023,1549.6434,32.4135,285693.0,1075026.0,51408381.197,1665906943.3,5,"['Novo Nordisk', 'Rybelsus', 'semaglutide']",2,,,overall_rows_only,1,2022,686346.0,974894470.13,,https://data.cms.gov/sites/default/files/2025-05/56d95a8b-138c-4b60-84a5-613fbab7197f/DSD_PTD_RY25_P04_V10_DY23_BGM.csv,0.0,0.0,0.0,0.0,,"['2019', '2020', '2021', '2022', '2023']"
Saxenda,0.0,53.0,705.0,62680.47,,,cms/part-d-spending,latest_vs_prior_observed,False,-1.0,-3.7037,5211.45,18.1366,2023,1305.6138,88.4009,0.0,26.0,384.0,33945.96,5,"['Novo Nordisk', 'Saxenda', 'liraglutide']",2,,,overall_rows_only,1,2021,27.0,28734.51,,https://data.cms.gov/sites/default/files/2025-05/56d95a8b-138c-4b60-84a5-613fbab7197f/DSD_PTD_RY25_P04_V10_DY23_BGM.csv,0.0,0.0,0.0,0.0,,"['2021', '2023']"
Soliqua,193434.0,861619.0,16097022.8,886315858.78,,,cms/part-d-spending,strict_yoy,True,65756.0,33.199,87055439.84,40.314,2023,1148.4965,59.7963,59571.0,263822.0,5067178.3,302998642.22,7,"['Sanofi', 'Soliqua', 'Soliqua 100/33', 'lixisenatide']",2,,,overall_rows_only,1,2022,198066.0,215943202.38,,https://data.cms.gov/sites/default/files/2025-05/56d95a8b-138c-4b60-84a5-613fbab7197f/DSD_PTD_RY25_P04_V10_DY23_BGM.csv,0.0,0.0,0.0,0.0,,"['2019', '2020', '2021', '2022', '2023']"
Trulicity,3333018.0,18592671.0,53836061.858,23849071961.1,,,cms/part-d-spending,strict_yoy,True,705197.0,15.2944,1138564556.7,18.2893,2023,1385.2198,483.2053,938731.0,5316020.0,15240416.417,7363856224.3,6,"['Eli Lilly', 'Lilly', 'Trulicity', 'dulaglutide']",2,,,overall_rows_only,1,2022,4610823.0,6225291667.6,,https://data.cms.gov/sites/default/files/2025-05/56d95a8b-138c-4b60-84a5-613fbab7197f/DSD_PTD_RY25_P04_V10_DY23_BGM.csv,0.0,0.0,0.0,0.0,,"['2019', '2020', '2021', '2022', '2023']"
Victoza,1463886.0,6154395.0,74486674.39,8426163624.58,,,cms/part-d-spending,strict_yoy,True,-164726.0,-15.9555,-235951671.02,-15.1465,2023,1415.2534,126.7996,225990.0,867680.0,10418094.3,1321848710.67,10,"['Novo Nordisk', 'Victoza', 'liraglutide']",4,,,overall_rows_only,2,2022,1032406.0,1557800381.69,,https://data.cms.gov/sites/default/files/2025-05/56d95a8b-138c-4b60-84a5-613fbab7197f/DSD_PTD_RY25_P04_V10_DY23_BGM.csv,0.0,0.0,0.0,0.0,,"['2019', '2020', '2021', '2022', '2023']"
Wegovy,47.0,142.0,417.0,199773.59,,,cms/part-d-spending,,,,,,,2023,1406.8563,496.2511,47.0,142.0,417.0,199773.59,5,"['Novo Nordisk', 'Wegovy', 'semaglutide']",2,,,overall_rows_only,1,,,,,https://data.cms.gov/sites/default/files/2025-05/56d95a8b-138c-4b60-84a5-613fbab7197f/DSD_PTD_RY25_P04_V10_DY23_BGM.csv,0.0,0.0,0.0,0.0,,['2023']
Xultophy,59852.0,269373.0,4775084.911,373485926.2,,,cms/part-d-spending,strict_yoy,True,3757.0,7.4312,13421502.81,17.2083,2023,1683.1013,86.5559,12906.0,54314.0,1056149.0,91415961.49,7,"['Novo Nordisk', 'Xultophy', 'Xultophy 100/3.6', 'liraglutide']",2,,,overall_rows_only,1,2022,50557.0,77994458.68,,https://data.cms.gov/sites/default/files/2025-05/56d95a8b-138c-4b60-84a5-613fbab7197f/DSD_PTD_RY25_P04_V10_DY23_BGM.csv,0.0,0.0,0.0,0.0,,"['2019', '2020', '2021', '2022', '2023']"
Bydureon,0,0,0,0,,,cms/sdud,,,,,,,,,,,,,,319,['Bydureon'],319,,,all_matched_rows,319,,,,,https://download.medicaid.gov/data/sdud-2024-updated-dec2025.csv,0.0,0.0,0.0,0.0,,[]
Byetta,0,0,0,0,,,cms/sdud,,,,,,,,,,,,,,404,['Byetta'],404,,,all_matched_rows,404,,,,,https://download.medicaid.gov/data/sdud-2024-updated-dec2025.csv,0.0,0.0,0.0,0.0,,[]
Mounjaro,0,0,0,0,,,cms/sdud,,,,,,,,,,,,,,2298,['Mounjaro'],2298,,,all_matched_rows,2298,,,,,https://download.medicaid.gov/data/sdud-2024-updated-dec2025.csv,0.0,0.0,0.0,0.0,,[]
Ozempic,0,0,0,0,,,cms/sdud,,,,,,,,,,,,,,1404,['Ozempic'],1404,,,all_matched_rows,1404,,,,,https://download.medicaid.gov/data/sdud-2024-updated-dec2025.csv,0.0,0.0,0.0,0.0,,[]
Rybelsus,0,0,0,0,,,cms/sdud,,,,,,,,,,,,,,1071,['Rybelsus'],1071,,,all_matched_rows,1071,,,,,https://download.medicaid.gov/data/sdud-2024-updated-dec2025.csv,0.0,0.0,0.0,0.0,,[]
Saxenda,0,0,0,0,,,cms/sdud,,,,,,,,,,,,,,142,['Saxenda'],142,,,all_matched_rows,142,,,,,https://download.medicaid.gov/data/sdud-2024-updated-dec2025.csv,0.0,0.0,0.0,0.0,,[]
Soliqua,0,0,0,0,,,cms/sdud,,,,,,,,,,,,,,267,['Soliqua'],267,,,all_matched_rows,267,,,,,https://download.medicaid.gov/data/sdud-2024-updated-dec2025.csv,0.0,0.0,0.0,0.0,,[]
Trulicity,0,0,0,0,,,cms/sdud,,,,,,,,,,,,,,1791,['Trulicity'],1791,,,all_matched_rows,1791,,,,,https://download.medicaid.gov/data/sdud-2024-updated-dec2025.csv,0.0,0.0,0.0,0.0,,[]
Victoza,0,0,0,0,,,cms/sdud,,,,,,,,,,,,,,655,['Victoza'],655,,,all_matched_rows,655,,,,,https://download.medicaid.gov/data/sdud-2024-updated-dec2025.csv,0.0,0.0,0.0,0.0,,[]
Wegovy,0,0,0,0,,,cms/sdud,,,,,,,,,,,,,,1009,['Wegovy'],1009,,,all_matched_rows,1009,,,,,https://download.medicaid.gov/data/sdud-2024-updated-dec2025.csv,0.0,0.0,0.0,0.0,,[]
Xultophy,0,0,0,0,,,cms/sdud,,,,,,,,,,,,,,209,['Xultophy'],209,,,all_matched_rows,209,,,,,https://download.medicaid.gov/data/sdud-2024-updated-dec2025.csv,0.0,0.0,0.0,0.0,,[]
Zepbound,0,0,0,0,,,cms/sdud,,,,,,,,,,,,,,683,['Zepbound'],683,,,all_matched_rows,683,,,,,https://download.medicaid.gov/data/sdud-2024-updated-dec2025.csv,0.0,0.0,0.0,0.0,,[]
Ozempic,0,0,0,0,,,fda/drug-recalls,,,,,,,,,,,,,,3,"['Novo Nordisk', 'Ozempic', 'semaglutide']",1,,,all_matched_rows,1,,,,,https://download.open.fda.gov/drug/enforcement/drug-enforcement-0001-of-0001.json.zip,0.0,0.0,0.0,0.0,,[]
Rybelsus,0,0,0,0,,,fda/drug-recalls,,,,,,,,,,,,,,3,"['Novo Nordisk', 'Rybelsus', 'semaglutide']",1,,,all_matched_rows,1,,,,,https://download.open.fda.gov/drug/enforcement/drug-enforcement-0001-of-0001.json.zip,0.0,0.0,0.0,0.0,,[]
Saxenda,0,0,0,0,,,fda/drug-recalls,,,,,,,,,,,,,,3,"['Novo Nordisk', 'Saxenda', 'liraglutide']",1,,,all_matched_rows,1,,,,,https://download.open.fda.gov/drug/enforcement/drug-enforcement-0001-of-0001.json.zip,0.0,0.0,0.0,0.0,,[]
Trulicity,0,0,0,0,,,fda/drug-recalls,,,,,,,,,,,,,,12,"['Eli Lilly', 'Lilly', 'Trulicity', 'dulaglutide']",3,,,all_matched_rows,3,,,,,https://download.open.fda.gov/drug/enforcement/drug-enforcement-0001-of-0001.json.zip,0.0,0.0,0.0,0.0,,[]
Victoza,0,0,0,0,,,fda/drug-recalls,,,,,,,,,,,,,,3,"['Novo Nordisk', 'Victoza', 'liraglutide']",1,,,all_matched_rows,1,,,,,https://download.open.fda.gov/drug/enforcement/drug-enforcement-0001-of-0001.json.zip,0.0,0.0,0.0,0.0,,[]
Wegovy,0,0,0,0,,,fda/drug-recalls,,,,,,,,,,,,,,9,"['Novo Nordisk', 'Wegovy', 'semaglutide']",3,,,all_matched_rows,3,,,,,https://download.open.fda.gov/drug/enforcement/drug-enforcement-0001-of-0001.json.zip,0.0,0.0,0.0,0.0,,[]
Xultophy,0,0,0,0,,,fda/drug-recalls,,,,,,,,,,,,,,5,"['Novo Nordisk', 'Xultophy', 'Xultophy 100/3.6', 'insulin degludec and liraglutide', 'liraglutide']",1,,,all_matched_rows,1,,,,,https://download.open.fda.gov/drug/enforcement/drug-enforcement-0001-of-0001.json.zip,0.0,0.0,0.0,0.0,,[]
ingredient:semaglutide,0,0,0,0,,,fda/drug-recalls,,,,,,,,,,,,,,38,['semaglutide'],38,,,all_matched_rows,38,,,,,https://download.open.fda.gov/drug/enforcement/drug-enforcement-0001-of-0001.json.zip,0.0,0.0,0.0,0.0,,[]
ingredient:tirzepatide,0,0,0,0,,,fda/drug-recalls,,,,,,,,,,,,,,21,['tirzepatide'],21,,,all_matched_rows,21,,,,,https://download.open.fda.gov/drug/enforcement/drug-enforcement-0001-of-0001.json.zip,0.0,0.0,0.0,0.0,,[]
Saxenda,0,0,0,0,1,0,fda/drug-shortages,,,,,,,,,,,,,,3,"['Novo Nordisk', 'Saxenda', 'liraglutide']",1,,,all_matched_rows,1,,,,{'current_available': 1},https://download.open.fda.gov/drug/shortages/drug-shortages-0001-of-0001.json.zip,0.0,0.0,0.0,0.0,0,[]
Victoza,0,0,0,0,0,2,fda/drug-shortages,,,,,,,,,,,,,,6,"['Novo Nordisk', 'Victoza', 'liraglutide']",2,,,all_matched_rows,2,,,,{'current_limited_availability': 2},https://download.open.fda.gov/drug/shortages/drug-shortages-0001-of-0001.json.zip,0.0,0.0,0.0,0.0,0,[]
ingredient:liraglutide,0,0,0,0,6,0,fda/drug-shortages,,,,,,,,,,,,,,7,['liraglutide'],7,,,all_matched_rows,7,,,,"{'current_available': 6, 'to_be_discontinued': 1}",https://download.open.fda.gov/drug/shortages/drug-shortages-0001-of-0001.json.zip,0.0,0.0,0.0,0.0,1,[]
Adlyxin,0,0,0,0,,,fda/drugs-at-fda,,,,,,,,,,,,,,4,"['Adlyxin', 'lixisenatide']",2,,,all_matched_rows,2,,,,,https://www.fda.gov/media/89850/download,0.0,0.0,0.0,0.0,,[]
Bydureon,0,0,0,0,,,fda/drugs-at-fda,,,,,,,,,,,,,,7,"['Bydureon', 'Bydureon BCise', 'exenatide']",3,,,all_matched_rows,3,,,,,https://www.fda.gov/media/89850/download,0.0,0.0,0.0,0.0,,[]
Byetta,0,0,0,0,,,fda/drugs-at-fda,,,,,,,,,,,,,,10,"['Byetta', 'exenatide']",6,,,all_matched_rows,6,,,,,https://www.fda.gov/media/89850/download,0.0,0.0,0.0,0.0,,[]
Mounjaro,0,0,0,0,,,fda/drugs-at-fda,,,,,,,,,,,,,,48,"['Mounjaro', 'tirzepatide']",24,,,all_matched_rows,24,,,,,https://www.fda.gov/media/89850/download,0.0,0.0,0.0,0.0,,[]
Ozempic,0,0,0,0,,,fda/drugs-at-fda,,,,,,,,,,,,,,14,"['Ozempic', 'semaglutide']",7,,,all_matched_rows,7,,,,,https://www.fda.gov/media/89850/download,0.0,0.0,0.0,0.0,,[]
Rybelsus,0,0,0,0,,,fda/drugs-at-fda,,,,,,,,,,,,,,10,"['Rybelsus', 'semaglutide']",5,,,all_matched_rows,5,,,,,https://www.fda.gov/media/89850/download,0.0,0.0,0.0,0.0,,[]
Saxenda,0,0,0,0,,,fda/drugs-at-fda,,,,,,,,,,,,,,2,"['Saxenda', 'liraglutide']",1,,,all_matched_rows,1,,,,,https://www.fda.gov/media/89850/download,0.0,0.0,0.0,0.0,,[]
Soliqua,0,0,0,0,,,fda/drugs-at-fda,,,,,,,,,,,,,,3,"['Soliqua', 'Soliqua 100/33', 'lixisenatide']",1,,,all_matched_rows,1,,,,,https://www.fda.gov/media/89850/download,0.0,0.0,0.0,0.0,,[]
Trulicity,0,0,0,0,,,fda/drugs-at-fda,,,,,,,,,,,,,,8,"['Trulicity', 'dulaglutide']",4,,,all_matched_rows,4,,,,,https://www.fda.gov/media/89850/download,0.0,0.0,0.0,0.0,,[]
Victoza,0,0,0,0,,,fda/drugs-at-fda,,,,,,,,,,,,,,2,"['Victoza', 'liraglutide']",1,,,all_matched_rows,1,,,,,https://www.fda.gov/media/89850/download,0.0,0.0,0.0,0.0,,[]
Wegovy,0,0,0,0,,,fda/drugs-at-fda,,,,,,,,,,,,,,20,"['Wegovy', 'semaglutide']",10,,,all_matched_rows,10,,,,,https://www.fda.gov/media/89850/download,0.0,0.0,0.0,0.0,,[]
Xultophy,0,0,0,0,,,fda/drugs-at-fda,,,,,,,,,,,,,,3,"['Xultophy', 'Xultophy 100/3.6', 'liraglutide']",1,,,all_matched_rows,1,,,,,https://www.fda.gov/media/89850/download,0.0,0.0,0.0,0.0,,[]
Zepbound,0,0,0,0,,,fda/drugs-at-fda,,,,,,,,,,,,,,48,"['Zepbound', 'tirzepatide']",24,,,all_matched_rows,24,,,,,https://www.fda.gov/media/89850/download,0.0,0.0,0.0,0.0,,[]
ingredient:exenatide,0,0,0,0,,,fda/drugs-at-fda,,,,,,,,,,,,,,2,['exenatide'],2,,,all_matched_rows,2,,,,,https://www.fda.gov/media/89850/download,0.0,0.0,0.0,0.0,,[]
ingredient:liraglutide,0,0,0,0,,,fda/drugs-at-fda,,,,,,,,,,,,,,15,['liraglutide'],15,,,all_matched_rows,15,,,,,https://www.fda.gov/media/89850/download,0.0,0.0,0.0,0.0,,[]
ingredient:semaglutide,0,0,0,0,,,fda/drugs-at-fda,,,,,,,,,,,,,,3,['semaglutide'],3,,,all_matched_rows,3,,,,,https://www.fda.gov/media/89850/download,0.0,0.0,0.0,0.0,,[]
Byetta,0,0,0,0,,,fda/ndc-directory,,,,,,,,,,,,,,6,"['AstraZeneca', 'Byetta', 'exenatide']",2,,,all_matched_rows,2,,,,,https://download.open.fda.gov/drug/ndc/drug-ndc-0001-of-0001.json.zip,0.0,0.0,0.0,0.0,,[]
Mounjaro,0,0,0,0,,,fda/ndc-directory,,,,,,,,,,,,,,96,"['Eli Lilly', 'Lilly', 'Mounjaro', 'tirzepatide']",24,,,all_matched_rows,24,,,,,https://download.open.fda.gov/drug/ndc/drug-ndc-0001-of-0001.json.zip,0.0,0.0,0.0,0.0,,[]
Ozempic,0,0,0,0,,,fda/ndc-directory,,,,,,,,,,,,,,31,"['Novo Nordisk', 'Ozempic', 'semaglutide']",11,,,all_matched_rows,11,,,,,https://download.open.fda.gov/drug/ndc/drug-ndc-0001-of-0001.json.zip,0.0,0.0,0.0,0.0,,[]
Rybelsus,0,0,0,0,,,fda/ndc-directory,,,,,,,,,,,,,,9,"['Novo Nordisk', 'Rybelsus', 'semaglutide']",3,,,all_matched_rows,3,,,,,https://download.open.fda.gov/drug/ndc/drug-ndc-0001-of-0001.json.zip,0.0,0.0,0.0,0.0,,[]
Saxenda,0,0,0,0,,,fda/ndc-directory,,,,,,,,,,,,,,5,"['Novo Nordisk', 'Saxenda', 'liraglutide']",2,,,all_matched_rows,2,,,,,https://download.open.fda.gov/drug/ndc/drug-ndc-0001-of-0001.json.zip,0.0,0.0,0.0,0.0,,[]
Soliqua,0,0,0,0,,,fda/ndc-directory,,,,,,,,,,,,,,5,"['Sanofi', 'Soliqua', 'Soliqua 100/33', 'insulin glargine and lixisenatide', 'lixisenatide']",1,,,all_matched_rows,1,,,,,https://download.open.fda.gov/drug/ndc/drug-ndc-0001-of-0001.json.zip,0.0,0.0,0.0,0.0,,[]
Trulicity,0,0,0,0,,,fda/ndc-directory,,,,,,,,,,,,,,41,"['Eli Lilly', 'Lilly', 'Trulicity', 'dulaglutide']",22,,,all_matched_rows,22,,,,,https://download.open.fda.gov/drug/ndc/drug-ndc-0001-of-0001.json.zip,0.0,0.0,0.0,0.0,,[]
Victoza,0,0,0,0,,,fda/ndc-directory,,,,,,,,,,,,,,7,"['Novo Nordisk', 'Victoza', 'liraglutide']",3,,,all_matched_rows,3,,,,,https://download.open.fda.gov/drug/ndc/drug-ndc-0001-of-0001.json.zip,0.0,0.0,0.0,0.0,,[]
Wegovy,0,0,0,0,,,fda/ndc-directory,,,,,,,,,,,,,,47,"['Novo Nordisk', 'Wegovy', 'semaglutide']",16,,,all_matched_rows,16,,,,,https://download.open.fda.gov/drug/ndc/drug-ndc-0001-of-0001.json.zip,0.0,0.0,0.0,0.0,,[]
Xultophy,0,0,0,0,,,fda/ndc-directory,,,,,,,,,,,,,,5,"['Novo Nordisk', 'Xultophy', 'Xultophy 100/3.6', 'insulin degludec and liraglutide', 'liraglutide']",1,,,all_matched_rows,1,,,,,https://download.open.fda.gov/drug/ndc/drug-ndc-0001-of-0001.json.zip,0.0,0.0,0.0,0.0,,[]
Zepbound,0,0,0,0,,,fda/ndc-directory,,,,,,,,,,,,,,96,"['Eli Lilly', 'Lilly', 'Zepbound', 'tirzepatide']",24,,,all_matched_rows,24,,,,,https://download.open.fda.gov/drug/ndc/drug-ndc-0001-of-0001.json.zip,0.0,0.0,0.0,0.0,,[]
ingredient:exenatide,0,0,0,0,,,fda/ndc-directory,,,,,,,,,,,,,,11,['exenatide'],11,,,all_matched_rows,11,,,,,https://download.open.fda.gov/drug/ndc/drug-ndc-0001-of-0001.json.zip,0.0,0.0,0.0,0.0,,[]
ingredient:liraglutide,0,0,0,0,,,fda/ndc-directory,,,,,,,,,,,,,,57,['liraglutide'],57,,,all_matched_rows,57,,,,,https://download.open.fda.gov/drug/ndc/drug-ndc-0001-of-0001.json.zip,0.0,0.0,0.0,0.0,,[]
ingredient:semaglutide,0,0,0,0,,,fda/ndc-directory,,,,,,,,,,,,,,112,['semaglutide'],112,,,all_matched_rows,112,,,,,https://download.open.fda.gov/drug/ndc/drug-ndc-0001-of-0001.json.zip,0.0,0.0,0.0,0.0,,[]
ingredient:tirzepatide,0,0,0,0,,,fda/ndc-directory,,,,,,,,,,,,,,113,['tirzepatide'],113,,,all_matched_rows,113,,,,,https://download.open.fda.gov/drug/ndc/drug-ndc-0001-of-0001.json.zip,0.0,0.0,0.0,0.0,,[]
Adlyxin,0,0,0,0,,,fda/nme-approvals,,,,,,,,,,,,,,3,"['Adlyxin', 'Sanofi', 'lixisenatide']",1,,,all_matched_rows,1,,,,,https://www.fda.gov/media/177921/download?attachment,0.0,0.0,0.0,0.0,,[]
Byetta,0,0,0,0,,,fda/nme-approvals,,,,,,,,,,,,,,2,"['Byetta', 'exenatide']",1,,,all_matched_rows,1,,,,,https://www.fda.gov/media/177921/download?attachment,0.0,0.0,0.0,0.0,,[]
Mounjaro,0,0,0,0,,,fda/nme-approvals,,,,,,,,,,,,,,4,"['Eli Lilly', 'Lilly', 'Mounjaro', 'tirzepatide']",1,,,all_matched_rows,1,,,,,https://www.fda.gov/media/177921/download?attachment,0.0,0.0,0.0,0.0,,[]
Ozempic,0,0,0,0,,,fda/nme-approvals,,,,,,,,,,,,,,3,"['Novo Nordisk', 'Ozempic', 'semaglutide']",1,,,all_matched_rows,1,,,,,https://www.fda.gov/media/177921/download?attachment,0.0,0.0,0.0,0.0,,[]
Trulicity,0,0,0,0,,,fda/nme-approvals,,,,,,,,,,,,,,4,"['Eli Lilly', 'Lilly', 'Trulicity', 'dulaglutide']",1,,,all_matched_rows,1,,,,,https://www.fda.gov/media/177921/download?attachment,0.0,0.0,0.0,0.0,,[]
Victoza,0,0,0,0,,,fda/nme-approvals,,,,,,,,,,,,,,3,"['Novo Nordisk', 'Victoza', 'liraglutide']",1,,,all_matched_rows,1,,,,,https://www.fda.gov/media/177921/download?attachment,0.0,0.0,0.0,0.0,,[]
Byetta,0,0,0,0,,,fda/orange-book,,,,,,,,,,,,,,6,"['AstraZeneca', 'Byetta', 'exenatide']",2,,,all_matched_rows,2,,,,,https://www.fda.gov/media/76860/download,0.0,0.0,0.0,0.0,,[]
Mounjaro,0,0,0,0,,,fda/orange-book,,,,,,,,,,,,,,96,"['Eli Lilly', 'Lilly', 'Mounjaro', 'tirzepatide']",24,,,all_matched_rows,24,,,,,https://www.fda.gov/media/76860/download,0.0,0.0,0.0,0.0,,[]
Ozempic,0,0,0,0,,,fda/orange-book,,,,,,,,,,,,,,14,"['Ozempic', 'semaglutide']",7,,,all_matched_rows,7,,,,,https://www.fda.gov/media/76860/download,0.0,0.0,0.0,0.0,,[]
Rybelsus,0,0,0,0,,,fda/orange-book,,,,,,,,,,,,,,6,"['Rybelsus', 'semaglutide']",3,,,all_matched_rows,3,,,,,https://www.fda.gov/media/76860/download,0.0,0.0,0.0,0.0,,[]
Saxenda,0,0,0,0,,,fda/orange-book,,,,,,,,,,,,,,2,"['Saxenda', 'liraglutide']",1,,,all_matched_rows,1,,,,,https://www.fda.gov/media/76860/download,0.0,0.0,0.0,0.0,,[]
Victoza,0,0,0,0,,,fda/orange-book,,,,,,,,,,,,,,3,"['Novo Nordisk', 'Victoza', 'liraglutide']",1,,,all_matched_rows,1,,,,,https://www.fda.gov/media/76860/download,0.0,0.0,0.0,0.0,,[]
Wegovy,0,0,0,0,,,fda/orange-book,,,,,,,,,,,,,,20,"['Wegovy', 'semaglutide']",10,,,all_matched_rows,10,,,,,https://www.fda.gov/media/76860/download,0.0,0.0,0.0,0.0,,[]
Zepbound,0,0,0,0,,,fda/orange-book,,,,,,,,,,,,,,96,"['Eli Lilly', 'Lilly', 'Zepbound', 'tirzepatide']",24,,,all_matched_rows,24,,,,,https://www.fda.gov/media/76860/download,0.0,0.0,0.0,0.0,,[]
ingredient:exenatide,0,0,0,0,,,fda/orange-book,,,,,,,,,,,,,,5,['exenatide'],5,,,all_matched_rows,5,,,,,https://www.fda.gov/media/76860/download,0.0,0.0,0.0,0.0,,[]
ingredient:liraglutide,0,0,0,0,,,fda/orange-book,,,,,,,,,,,,,,9,['liraglutide'],9,,,all_matched_rows,9,,,,,https://www.fda.gov/media/76860/download,0.0,0.0,0.0,0.0,,[]
