rank,asset_id,asset_name,ctgov_urls,manufacturer,sponsor_class,therapeutic_area,indication,phase,development_status,marketed_status,expected_launch_window,expected_launch_date,launch_timeline_bucket,launch_timeline_display,launch_timeline_confidence,estimated_launch_date_range,clinical_differentiation,estimated_annual_cost_low,estimated_annual_cost_high,budget_impact_level,disruption_risk,recommended_action,expected_launch_rationale,expected_launch_basis_type,expected_launch_source_refs,launch_timeline_rationale,launch_timeline_basis_type,launch_timeline_source_refs,annual_cost_rationale,annual_cost_basis_type,annual_cost_source_refs,risk_rationale,risk_basis_type,risk_source_refs,action_rationale,action_basis_type,action_source_refs,research_status,research_agent
1,NCT07491497,TRI-611,https://clinicaltrials.gov/study/NCT07491497,"TRIANA Biomedicines, Inc.",INDUSTRY,Oncology,ALK-positive NSCLC,Phase 1/2,Recruiting first-in-human Phase 1/2 dose-escalation and dose-expansion study; FDA Fast Track designation announced by the company in March 2026; no clinical results posted.,,2031-2033,,36+ months,2031-2033,Medium,"{""start"":""2033-12-01"",""end"":""2033-12-01"",""label"":""2033-12-01""}",Meaningful,239674,262980,Medium,Medium,Monitor,"A launch before 2031 appears unlikely because dose escalation/expansion is ongoing and primary completion is estimated for 2029. Fast Track and refractory ALK-positive NSCLC unmet need could allow filing from strong expansion data, but pivotal requirements could push timing later.",source_derived,ctgov:NCT07491497; triana:first-patient-dosed-2026-03-19; triana:fast-track-2026-03-25,"A launch before 2031 appears unlikely because dose escalation/expansion is ongoing and primary completion is estimated for 2029. Fast Track and refractory ALK-positive NSCLC unmet need could allow filing from strong expansion data, but pivotal requirements could push timing later.",source_derived,ctgov:NCT07491497; triana:first-patient-dosed-2026-03-19; triana:fast-track-2026-03-25,"TRI-611 is unapproved and unpriced. If priced like branded oral ALK targeted therapies, annual gross drug cost would likely be about $240K-$263K before rebates or discounts.",source_derived,drugscom:alecensa-price; drugscom:lorbrena-price; dailymed:alecensa-label; dailymed:lorbrena-label; genentech:alecensa-wac-2026; pfizer:lorbrena-wac-2025,"TRI-611 could change sequencing if clinical activity after ALK TKI resistance or in CNS disease is confirmed, but current evidence is too early for a High disruption rating.",source_derived,triana:aacr-2026-04-15; triana:fast-track-2026-03-25; ctgov:NCT07491497,"No immediate coverage build is needed, but P&T teams should track Phase 1/2 readouts, RP2D selection, and potential accelerated-development signals.",source_derived,ctgov:NCT07491497; triana:first-patient-dosed-2026-03-19; triana:fast-track-2026-03-25; cigna:lorbrena-pa-2025,source_backed,
2,NCT07197827,YL242,https://clinicaltrials.gov/study/NCT07197827; https://www.cancer.gov/research/participate/clinical-trials-search/v?id=NCI-2025-07559,"MediLink Therapeutics (Suzhou) Co., Ltd.",INDUSTRY,Oncology,Advanced Solid Tumor,Phase 1/2,"Recruiting first-in-human, multicenter, open-label Phase 1/2 study in advanced solid tumors; ClinicalTrials.gov lists actual study start on 2025-09-22, estimated primary completion in 2028-09, estimated study completion in 2028-11, and no posted results.",,2032-2035,,36+ months,2032-2035,Medium,"{""start"":""2033-03-04"",""end"":""2033-03-04"",""label"":""2033-03-04""}",Modest,200000,250000,Medium,Low,Monitor,No company launch guidance was found. Earliest plausible launch is several years after the 2028 primary completion if efficacy supports accelerated or pivotal development.,source_derived,ctgov:NCT07197827; company:medilink-yl242-ind-cn,No company launch guidance was found. Earliest plausible launch is several years after the 2028 primary completion if efficacy supports accelerated or pivotal development.,source_derived,ctgov:NCT07197827; company:medilink-yl242-ind-cn,"YL242 has no price and dose is not established, so this is an analog drug-acquisition estimate only. Pembrolizumab or chemotherapy combinations could raise total regimen cost.",source_derived,label:enhertu-2026-05; cost:medfeeschedule-j9358-2026q2; cms:asp-pricing-files-2026; payer:independent-health-enhertu-2024,Near-term payer disruption is limited to monitoring; risk could rise after expansion data or a registrational cohort is disclosed.,source_derived,ctgov:NCT07197827; company:medilink-pipeline,"Track initial dose-escalation/expansion readouts, biomarker strategy, registrational plans, and combination use before moving to active policy planning.",source_derived,ctgov:NCT07197827; aacr:2025-3140,source_backed,
3,NCT06351527,ICP-248,https://clinicaltrials.gov/study/NCT06351527,InnoCare Pharma Inc.,INDUSTRY,Oncology,Mature B-cell Malignancies,Phase 1 for NCT06351527; company-reported China registrational Phase 3 in treatment-naive CLL/SLL and Phase 2 registrational in BTKi-treated r/r MCL,NCT06351527 is a recruiting Phase 1 study in mature B-cell malignancies. InnoCare reports mesutoclax has completed enrollment in a China Phase 3 registrational CLL/SLL study and is in registrational development for r/r MCL; no FDA approval was identified.,,US 2030+; China potentially 2027-2028 if registrational data support filing,,36+ months,US 2030+; China potentially 2027-2028 if registrational data support filing,Medium,"{""start"":""2031-12-25"",""end"":""2031-12-25"",""label"":""2031-12-25""}",Meaningful,193071,195493,Medium,Medium,Monitor,"The assigned U.S./global CT.gov trial remains Phase 1 and recruiting, so U.S. launch is unlikely before multiple additional development and review steps. China could be earlier because a registrational CLL/SLL study has completed enrollment, but no filing or approval date has been announced.",source_derived,ctgov:NCT06351527; company:innocare-annual-report-2025,"The assigned U.S./global CT.gov trial remains Phase 1 and recruiting, so U.S. launch is unlikely before multiple additional development and review steps. China could be earlier because a registrational CLL/SLL study has completed enrollment, but no filing or approval date has been announced.",source_derived,ctgov:NCT06351527; company:innocare-annual-report-2025,"ICP-248 is unpriced. Venetoclax is the closest marketed oral BCL-2 analog in CLL/SLL; the range reflects annualized WAC using package and unit-dose methods before rebates, discounts, wastage, or combination-agent costs.",source_derived,label:venclexta-dailymed-2026; cost:venclexta-wac-2026,"Potential regimen shifts in CLL/SLL or MCL could matter clinically, but U.S. development is still early and existing venetoclax management approaches provide a ready analog framework.",source_derived,ctgov:NCT06351527; label:venclexta-dailymed-2026; payer:uhc-venclexta-pa-2025; company:innocare-annual-report-2025,"Track U.S. trial updates, China registrational readouts, FDA/NCCN status, and pricing signals. Active formulary build is premature until registrational evidence and U.S. pathway become clearer.",source_derived,ctgov:NCT06351527; company:innocare-annual-report-2025; company:innocare-us-ind-2024,source_backed,
4,NCT05271318,TILT-123,https://clinicaltrials.gov/study/NCT05271318; https://www.nature.com/articles/s41467-025-56482-w,TILT Biotherapeutics Ltd.,INDUSTRY,Oncology,Platinum-refractory Ovarian Carcinoma,Phase 1/1b; ClinicalTrials.gov classifies the study as Phase 1/Phase 2,"Active, not recruiting. Company pipeline lists the ovarian cancer program as a Phase Ib trial with Phase Ib results expected in 2026; ClinicalTrials.gov estimates primary completion in March 2027 and study completion in August 2027.",,2030-2032,,36+ months,2030-2032,Medium,"{""start"":""2031-08-28"",""end"":""2031-08-28"",""label"":""2031-08-28""}",Modest,215000,785000,High,Medium,Monitor,A launch before 2030 is unlikely without additional Phase 2/3 or registrational evidence and regulatory review after the current early-phase trial.,source_derived,ctgov:NCT05271318; company:pipeline,A launch before 2030 is unlikely without additional Phase 2/3 or registrational evidence and regulatory review after the current early-phase trial.,source_derived,ctgov:NCT05271318; company:pipeline,"TILT-123 has no disclosed price; the range is an analog-based drug-acquisition estimate and excludes administration, biopsy/imaging, genomic or PD-L1 testing, facility fees, and management of adverse events.",source_derived,journal:nature-communications-2025-prota; cost:keytruda-list-price-2026; cost:cms-asp-2026q2; cost:imlygic-drugscom,"Near-term disruption is limited because the asset is early phase, but a positive Phase 1b/registrational path could create pathway and site-management pressure.",source_derived,ctgov:NCT05271318; company:pipeline; journal:nature-communications-2025-prota,Monitor Phase 1b results and any registrational-trial design before active formulary or pathway planning.,source_derived,ctgov:NCT05271318; company:pipeline; journal:nature-communications-2025-prota,source_backed,
5,NCT06710561,SPN01 for Injection,https://clinicaltrials.gov/study/NCT06710561,"Beijing SonoPhotoNano Medical Technology Co., Ltd.",OTHER,Oncology,Colorectal Carcinoma,Phase 1,"ClinicalTrials.gov lists a Phase 1, single-center, single-blind, randomized study as not yet recruiting, with an estimated 32 participants, estimated start date of 2024-12-17, and estimated primary completion date of 2026-04-10.",,2031+; not forecastable from current evidence,,36+ months,2031+; not forecastable from current evidence,Medium,"{""start"":""2030-10-10"",""end"":""2030-10-10"",""label"":""2030-10-10""}",Modest,3315,3315,Low,Low,Monitor,"A targeted surgical imaging agent could follow a shorter diagnostic path than chronic oncology drugs, but SPN01 has only an early Phase 1 safety/PK study and no posted detection-performance data. A launch before 2031 is not supportable from available sources.",source_derived,ctgov:NCT06710561,"A targeted surgical imaging agent could follow a shorter diagnostic path than chronic oncology drugs, but SPN01 has only an early Phase 1 safety/PK study and no posted detection-performance data. A launch before 2031 is not supportable from available sources.",source_derived,ctgov:NCT06710561,"SPN01 is given as a single pre-surgical IV dose in the colorectal cancer arm. No direct SPN01 price was found, so annual per-patient exposure is modeled as one imaging-agent use rather than recurring therapy.",source_derived,ctgov:NCT06710561; label:cytalux-dailymed; cost:wsi-inpatient-2025-cytalux,"The asset is early-stage with no posted results. Adoption would require surgical workflow and compatible imaging equipment, and payer disruption can be managed through medical-benefit criteria.",source_derived,ctgov:NCT06710561; label:cytalux-dailymed; cms:asc-april-2026-update,"Track trial status updates, posted results, China regulatory progress, and any payer-relevant detection-performance endpoints before preparing coverage operations.",source_derived,ctgov:NCT06710561,source_backed,
6,NCT06746870,IMM2510,https://clinicaltrials.gov/study/NCT06746870; https://clinicaltrials.gov/study/NCT05972460,ImmuneOnco Biopharmaceuticals (Shanghai) Inc.,OTHER,Oncology,NSCLC,Phase 2,"China Phase II first-line NSCLC chemotherapy-combination study is active by company report, although the ClinicalTrials.gov record remains not yet recruiting; global ex-Greater China rights reverted to ImmuneOnco after Axion/Instil termination in January 2026.",,2030+ / uncertain,,36+ months,2030+ / uncertain,Medium,"{""start"":""2028-05-02"",""end"":""2028-05-02"",""label"":""2028-05-02""}",Meaningful,195247,330574,High,Medium,Monitor,"The asset remains early for first-line NSCLC and has no confirmed registrational program; partner termination adds strategic uncertainty, so launch timing should be treated as post-2030 and uncertain.",source_derived,ctgov:NCT06746870; company:immuneonco-2025-interim; company:immuneonco-rights-reversion-2026,"The asset remains early for first-line NSCLC and has no confirmed registrational program; partner termination adds strategic uncertainty, so launch timing should be treated as post-2030 and uncertain.",source_derived,ctgov:NCT06746870; company:immuneonco-2025-interim; company:immuneonco-rights-reversion-2026,IMM2510 has no direct price. Atezolizumab anchors the PD-L1 component and atezolizumab plus bevacizumab anchors a combined PD-L1/VEGF biologic ceiling relevant to first-line NSCLC.,source_derived,label:tecentriq-dailymed; label:avastin-dailymed; cost:cms-asp-april-2026,"IMM2510 could alter first-line NSCLC sequencing if randomized outcomes confirm the early response signal, but current evidence and commercial pathway remain immature.",source_derived,company:immuneonco-2025-interim; company:immuneonco-rights-reversion-2026,"Track updated NSCLC data, pivotal-trial decisions, global partnership status, and registry updates; active planning is premature before registrational evidence emerges.",source_derived,ctgov:NCT06746870; company:immuneonco-2025-interim; company:immuneonco-rights-reversion-2026,source_backed,
7,NCT06913218,AK154,https://clinicaltrials.gov/study/NCT06913218,Akeso,INDUSTRY,Oncology,Pancreas Cancer,Phase 1,"Exploratory Phase 1 adjuvant PDAC study. ClinicalTrials.gov remains not yet recruiting with an estimated July 2025 start, while Akeso announced first patient dosing in November 2025 for AK154 as monotherapy or with cadonilimab or ivonescimab after pancreatic cancer resection.",,2032+ / uncertain,,36+ months,2032+ / uncertain,Medium,"{""start"":""2032-08-22"",""end"":""2032-08-22"",""label"":""2032-08-22""}",Meaningful,168808,515000,Medium,Low,Monitor,"Even if Phase 1 finishes on schedule, AK154 would still need dose/regimen definition, registrational evidence, filing, and review. A 2032+ window is a conservative pipeline-monitoring estimate, and the absence of a U.S. pathway makes timing uncertain.",source_derived,ctgov:NCT06913218; company:akeso-ak154-first-patient-2025,"Even if Phase 1 finishes on schedule, AK154 would still need dose/regimen definition, registrational evidence, filing, and review. A 2032+ window is a conservative pipeline-monitoring estimate, and the absence of a U.S. pathway makes timing uncertain.",source_derived,ctgov:NCT06913218; company:akeso-ak154-first-patient-2025,"AK154 has no disclosed price. Provenge is the closest marketed therapeutic cancer vaccine/autologous immunotherapy analog, while Amtagvi provides a high-end personalized solid-tumor immunotherapy analog. Range excludes checkpoint antibody, chemotherapy, administration, sequencing, hospitalization, and supportive-care costs.",source_derived,label:provenge-dailymed; cost:cms-asp-april-2026-provenge; regulatory:fda-amtagvi-2024; cost:amtagvi-wac-fierce-2024,"AK154 has an interesting mechanism, but operational or formulary disruption is not near-term because the program is exploratory and pre-registrational.",source_derived,ctgov:NCT06913218; company:akeso-ak154-first-patient-2025,"Track registry updates, AK154 safety/immunogenicity readouts, manufacturing feasibility, combination regimen selection, and any movement toward registrational or U.S. development.",source_derived,ctgov:NCT06913218; company:akeso-ak154-first-patient-2025; analog:nature-autogene-cevumeran-pdac-2025,source_backed,
8,NCT06912165,WD-890 tablet,https://clinicaltrials.gov/study/NCT06912165; https://clinicaltrials.gov/study/NCT06506591,Zhejiang Wenda Pharma Technology LTD.,OTHER,Immunology,Brief Description of Focus of Study,Phase 2 in assigned ClinicalTrials.gov psoriasis study; company pipeline reports WD-890 psoriasis program in Phase 3 in China,"NCT06912165 is a recruiting, randomized, double-blind, placebo-controlled Phase 2 study of once-daily WD-890 tablets in moderate-to-severe plaque psoriasis, with estimated primary completion October 30, 2025. A related Phase 1 healthy-volunteer study (NCT06506591) is completed. Wenda's pipeline page reports WD-890 for psoriasis, lupus erythematosus and enteritis in Phase 3; no U.S. FDA approval or direct U.S. regulatory filing was identified.",,China 2028 if company pipeline timing is achieved; U.S. not forecastable/2030+,,24-36 months,China 2028 if company pipeline timing is achieved; U.S. not forecastable/2030+,Medium,"{""start"":""2028-04-30"",""end"":""2028-04-30"",""label"":""2028-04-30""}",Modest,83735,84899,Medium,Medium,Prepare,"Wenda's pipeline lists WD-890 psoriasis as Phase 3 and provides 2028 Q4 timing, supporting a China-focused 2028 launch hypothesis. The assigned CT.gov trial remains Phase 2 and non-FDA-regulated, so U.S. timing cannot be forecast beyond a conservative 2030+ monitor horizon.",source_derived,company:wenda-pipeline-2026; ctgov:NCT06912165,"Wenda's pipeline lists WD-890 psoriasis as Phase 3 and provides 2028 Q4 timing, supporting a China-focused 2028 launch hypothesis. The assigned CT.gov trial remains Phase 2 and non-FDA-regulated, so U.S. timing cannot be forecast beyond a conservative 2030+ monitor horizon.",source_derived,company:wenda-pipeline-2026; ctgov:NCT06912165,"WD-890 is unpriced. Because both WD-890 and Sotyktu are oral TYK2 inhibitors for moderate-to-severe plaque psoriasis, Sotyktu cash-price data provide the most relevant current analog before rebates, discounts, adherence effects or launch pricing differences.",source_derived,label:sotyktu-dailymed-2026; cost:sotyktu-drugscom-2026,"An additional oral TYK2 inhibitor could affect psoriasis pathway positioning and specialty spend, but existing Sotyktu policies provide a practical analog and U.S. launch timing is unclear.",source_derived,company:wenda-pipeline-2026; label:sotyktu-dailymed-2026; payer:mgb-sotyktu-pa-2025,"Maintain active surveillance of China Phase 3 progress, WD-890 Phase 2/3 readouts, regulatory filings and price signals; prepare analog PA and quantity-limit criteria based on Sotyktu rather than executing formulary changes now.",source_derived,company:wenda-pipeline-2026; ctgov:NCT06912165; payer:mgb-sotyktu-pa-2025,source_backed,
9,NCT06865105,Lutikizumab,https://clinicaltrials.gov/study/NCT06865105,AbbVie,INDUSTRY,Immunology,Psoriatic Arthritis,Phase 2,"ClinicalTrials.gov lists NCT06865105 as a recruiting Phase 2 randomized platform study in active psoriatic arthritis, with lutikizumab monotherapy, risankizumab monotherapy, and lutikizumab plus risankizumab arms. AbbVie lists Skyrizi plus lutikizumab (ABBV-166) as Phase 2 for psoriatic arthritis.",,US 2031+ / uncertain,,36+ months,US 2031+ / uncertain,Medium,"{""start"":""2030-05-30"",""end"":""2030-05-30"",""label"":""2030-05-30""}",Modest,103300,286061,Medium,Medium,Monitor,"The PsA program is pre-pivotal and still recruiting. Even with an approved risankizumab backbone, lutikizumab or ABBV-166 would likely need additional pivotal evidence and regulatory review before launch.",source_derived,ctgov:NCT06865105; company:abbvie-pipeline-2026,"The PsA program is pre-pivotal and still recruiting. Even with an approved risankizumab backbone, lutikizumab or ABBV-166 would likely need additional pivotal evidence and regulatory review before launch.",source_derived,ctgov:NCT06865105; company:abbvie-pipeline-2026,"Lutikizumab has no direct price. The assigned study includes lutikizumab monotherapy and a risankizumab combination arm, so the range brackets a single biologic-course analog and a high-end dual-biologic combination-course scenario before rebates, discounts, administration, monitoring, or wastage.",source_derived,ctgov:NCT06865105; label:skyrizi-dailymed-2026; cost:skyrizi-wac-2026,"A Skyrizi plus lutikizumab label could force new rules for concurrent targeted immunomodulators and high-cost combination therapy, but the program is still Phase 2 and lacks PsA results.",source_derived,ctgov:NCT06865105; company:abbvie-pipeline-2026; label:skyrizi-dailymed-2026; payer:caremark-skyrizi-pa-2025,"Track Phase 2 readout timing, whether AbbVie advances monotherapy or ABBV-166 combination, Phase 3 design, pricing signals, and eventual payer implications for dual-biologic use.",source_derived,ctgov:NCT06865105; company:abbvie-pipeline-2026,source_backed,
10,NCT06620692,5% GM-XANTHO [GM-XAN003],https://clinicaltrials.gov/study/NCT06620692; https://clinicaltrials.gov/study/NCT04369846,"Xantho Biotechnology Co., LTD",INDUSTRY,Immunology,Psoriasis,Phase 2,"ClinicalTrials.gov lists a randomized, double-blind, placebo-controlled Phase 2a psoriasis study as not yet recruiting, with estimated enrollment of 65, estimated start October 1, 2025, estimated primary completion December 31, 2027, and estimated study completion June 30, 2028. Xantho's website states US IND approval was obtained in March 2022 and Phase IIa initiation is anticipated, but its pages contain conflicting Q1 2026 and Q1 2027 timing statements.",,2031+ / uncertain,,36+ months,2031+ / uncertain,Medium,"{""start"":""2030-06-30"",""end"":""2030-06-30"",""label"":""2030-06-30""}",Modest,13762,22905,Medium,Low,Monitor,A launch before 2031 is not supportable from current public evidence because the psoriasis study has no posted results and appears not to have started despite a past estimated start date.,source_derived,ctgov:NCT06620692; company:xanthobio-gm-xan003; company:xanthobio-home,A launch before 2031 is not supportable from current public evidence because the psoriasis study has no posted results and appears not to have started despite a past estimated start date.,source_derived,ctgov:NCT06620692; company:xanthobio-gm-xan003; company:xanthobio-home,"GM-XAN003 has no disclosed price, commercial tube size, or long-term dosing quantity. The range excludes rebates, manufacturer assistance, patient cost-sharing, dispensing fees, and lower utilization from intermittent flare treatment.",source_derived,cost:goodrx-zoryve-2026; cost:goodrx-vtama-2026; label:vtama-dailymed; label:zoryve-dailymed,"Near-term disruption is low because the trial is not yet recruiting and the category already has steroid, vitamin D, tapinarof, and roflumilast management pathways.",source_derived,ctgov:NCT06620692; payer:cigna-vtama-zoryve-step-2025; label:vtama-dailymed; label:zoryve-dailymed,"Track registry status updates, first patient dosing, Phase 2a efficacy/safety results, and any Phase 2b/3 or licensing announcements before preparing coverage policy.",source_derived,ctgov:NCT06620692; company:xanthobio-gm-xan003; company:xanthobio-home,source_backed,
11,NCT06943950,SYHX1901,https://clinicaltrials.gov/study/NCT06943950; https://clinicaltrials.gov/study/NCT05858047; https://clinicaltrials.gov/study/NCT06511739; https://clinicaltrials.gov/study/NCT06562894,"CSPC Ouyi Pharmaceutical Co., Ltd.",INDUSTRY,Immunology,Moderate to Severe Plaque Psoriasis,Phase 3 in assigned ClinicalTrials.gov plaque psoriasis study,"NCT06943950 is a Phase 3 multicenter, randomized, placebo-controlled study of once-daily oral SYHX1901 tablets in 500 adults with moderate-to-severe plaque psoriasis. ClinicalTrials.gov lists the study as not yet recruiting with estimated June 1, 2025 start, estimated April 28, 2027 primary completion, and estimated June 30, 2027 completion; CSPC's 2025 Q1 presentation describes the plaque psoriasis program as enrolling and shows a 2027 timing marker. No FDA-regulated U.S. study, U.S. filing, or U.S. launch plan was identified.",,China 2028-2030 if Phase 3 succeeds; U.S. not forecastable/2030+,,24-36 months,China 2028-2030 if Phase 3 succeeds; U.S. not forecastable/2030+,Medium,"{""start"":""2028-06-28"",""end"":""2028-06-28"",""label"":""2028-06-28""}",Modest,83735,84899,Medium,Medium,Prepare,"A China-focused approval could plausibly follow successful Phase 3 completion after 2027, but the ClinicalTrials.gov record is not FDA-regulated and no U.S. pathway was found. U.S. timing should therefore remain a monitoring assumption, not a launch forecast.",source_derived,ctgov:NCT06943950; company:cspc-1q-2025,"A China-focused approval could plausibly follow successful Phase 3 completion after 2027, but the ClinicalTrials.gov record is not FDA-regulated and no U.S. pathway was found. U.S. timing should therefore remain a monitoring assumption, not a launch forecast.",source_derived,ctgov:NCT06943950; company:cspc-1q-2025,"SYHX1901 is unapproved and unpriced. Sotyktu provides the most relevant current U.S. oral psoriasis kinase-inhibitor analog before rebates, discounts, adherence effects, or launch-pricing differences.",source_derived,label:sotyktu-dailymed-2026; cost:sotyktu-drugscom-2026,"If launched, SYHX1901 could require pathway placement among oral systemic, biologic, and TYK2 options. Near-term U.S. disruption is moderated by missing Phase 3 data and absent U.S. regulatory signals.",source_derived,ctgov:NCT06943950; company:cspc-1q-2025; label:sotyktu-dailymed-2026; payer:caremark-sotyktu-pa-2025,"Prepare reusable oral psoriasis kinase-inhibitor PA and quantity-limit logic using Sotyktu as the analog, and monitor Phase 3 recruitment/results, dose selection, safety signals, China filing status, and any U.S. development signal.",source_derived,ctgov:NCT06943950; abstract:eadv-2024-syhx1901-p3135; company:cspc-1q-2025; payer:caremark-sotyktu-pa-2025,source_backed,
12,NCT07150988,HSK44459 dose level 1,https://clinicaltrials.gov/study/NCT07150988,"Haisco Pharmaceutical Group Co., Ltd.",INDUSTRY,Immunology,Psoriasis,Phase 2,"Assigned ClinicalTrials.gov study HSK44459-206 is a multicenter, randomized, double-blind, placebo-controlled Phase 2 psoriasis trial with HSK44459 dose level 1, HSK44459 dose level 2, and placebo arms. ClinicalTrials.gov lists not-yet-recruiting status, an estimated September 26, 2025 start, estimated November 6, 2026 primary completion, and no posted results; Haisco disclosed NMPA clinical-trial approval for psoriasis and atopic dermatitis in March 2025 after Phase 1 was completed.",,2030-2032 / China; U.S. uncertain,,36+ months,2030-2032 / China; U.S. uncertain,Medium,"{""start"":""2029-05-05"",""end"":""2029-05-05"",""label"":""2029-05-05""}",Modest,65000,70000,Medium,Low,Monitor,"A China launch before 2030 would likely require rapid Phase 2 readout, Phase 3 execution, filing, and review. The U.S. path is uncertain because the assigned trial is China-based and not FDA-regulated.",source_derived,company:haisco-nmpa-approval-hsk44459-2025; ctgov:NCT07150988; company:haisco-hsk44459-phase3-news-2026,"A China launch before 2030 would likely require rapid Phase 2 readout, Phase 3 execution, filing, and review. The U.S. path is uncertain because the assigned trial is China-based and not FDA-regulated.",source_derived,company:haisco-nmpa-approval-hsk44459-2025; ctgov:NCT07150988; company:haisco-hsk44459-phase3-news-2026,"HSK44459 dose and price are undisclosed. The estimate is a U.S. gross drug-cost analog only and excludes rebates, patient assistance, monitoring, and any China-specific pricing dynamics.",source_derived,label:otezla-dailymed-2025; cost:otezla-list-pricing-2026,"Current action is monitoring rather than formulary preparation. Risk could rise after Phase 2 psoriasis readout, a Phase 3 psoriasis start, or U.S./ex-China development disclosure.",source_derived,ctgov:NCT07150988; company:haisco-nmpa-approval-hsk44459-2025,"Track registry status correction, Phase 2 PASI/IGA results, dose selection, GI/psychiatric/weight safety, and any Phase 3 or U.S. development plan before active policy planning.",source_derived,ctgov:NCT07150988; company:haisco-pipeline-2026; payer:cigna-otezla-pa-2026,source_backed,
13,NCT07406035,TQH3906 Capsule,https://clinicaltrials.gov/study/NCT07406035; https://clinicaltrials.gov/study/NCT06542614,"Chia Tai Tianqing Pharmaceutical Group Nanjing Shunxin Pharmaceutical Co., Ltd.",INDUSTRY,Immunology,Psoriatic Arthritis,Phase 2,"Not yet recruiting randomized, double-blind, placebo- and active-controlled Phase 2 trial in active psoriatic arthritis in China. The study plans 156 participants, evaluates TQH3906 16 mg and 24 mg once daily versus placebo with a tofacitinib active comparator, and uses Week 12 ACR20 response as the primary endpoint. A related TQH3906 Phase 2 plaque psoriasis study is completed with company-reported positive top-line results, but no posted CT.gov results.",,2031-2033,,36+ months,2031-2033,Medium,"{""start"":""2030-02-01"",""end"":""2030-02-01"",""label"":""2030-02-01""}",Modest,83735,85085,High,Medium,Monitor,A PsA launch before 2031 appears unlikely because the assigned study has not begun recruitment and later-stage confirmatory development would still be required. Positive plaque psoriasis data support continued development but do not remove PsA efficacy and regulatory uncertainty.,source_derived,ctgov:NCT07406035; ctgov:NCT06542614; sinobiopharm:tqh3906-pso-phase2-2025-12-29,A PsA launch before 2031 appears unlikely because the assigned study has not begun recruitment and later-stage confirmatory development would still be required. Positive plaque psoriasis data support continued development but do not remove PsA efficacy and regulatory uncertainty.,source_derived,ctgov:NCT07406035; ctgov:NCT06542614; sinobiopharm:tqh3906-pso-phase2-2025-12-29,"TQH3906 is unapproved and unpriced. If launched and priced like branded oral TYK2/JAK immunology therapies, gross annual drug acquisition cost would likely be about $84K-$85K before rebates, discounts, patient assistance, adherence effects, or plan-specific utilization.",source_derived,cost:drugscom-sotyktu-2026; cost:rinvoq-wac-2026; label:sotyktu-uspi-2026-03,"A convenient oral agent with high skin response and acceptable safety could pressure existing oral and injectable sequencing, but no PsA data are available and approved TYK2/JAK competitors already exist.",source_derived,ctgov:NCT07406035; sinobiopharm:tqh3906-pso-phase2-2025-12-29; label:sotyktu-uspi-2026-03; payer:cigna-sotyktu-pa-2026,"Track NCT07406035 recruitment, Week 12 ACR/PASI readouts, safety differentiation versus JAK/TYK2 analogs, China regulatory progress, and any U.S./global development signals before preparing coverage policy.",source_derived,ctgov:NCT07406035; ctgov:NCT06542614; sinobiopharm:tqh3906-pso-phase2-2025-12-29; payer:cigna-sotyktu-pa-2026,source_backed,
14,NCT07242664,GZR-33,https://clinicaltrials.gov/study/NCT07242664; https://clinicaltrials.gov/study/NCT06548932; https://clinicaltrials.gov/study/NCT06558708; https://clinicaltrials.gov/study/NCT07527078,"Gan and Lee Pharmaceuticals, USA",INDUSTRY,Cardiometabolic,Type 1 Diabetes Mellitis,Phase 1 for assigned Type 1 Diabetes record; broader GZR33 program has entered Phase 3 in China for Type 2 Diabetes,"ClinicalTrials.gov lists NCT07242664 as a recruiting Phase 1 randomized double-blind crossover clamp study in adults with Type 1 Diabetes Mellitis, with estimated enrollment of 12, actual start October 13, 2025, estimated primary completion February 28, 2026, estimated completion April 15, 2026, and no posted results. Separate GZR33 records show a completed Phase 1 healthy-subject study, a Phase 2 GZR101/GZR33-70 Type 2 Diabetes study, and a Phase 3 China Type 2 Diabetes study comparing once-daily GZR33 with insulin degludec.",,Type 1 Diabetes: 2031+; broader China Type 2 Diabetes program could be earlier if Phase 3 succeeds,,36+ months,Type 1 Diabetes: 2031+; broader China Type 2 Diabetes program could be earlier if Phase 3 succeeds,Medium,"{""start"":""2030-08-27"",""end"":""2030-08-27"",""label"":""2030-08-27""}",Modest,6101,12202,Medium,Low,Monitor,"A Type 1 Diabetes launch is not near-term because the assigned record is an early clamp study. Broader GZR33 development is more advanced in T2D, but that does not establish a Type 1 Diabetes regulatory timeline.",source_derived,ctgov:NCT07242664; ctgov:NCT07527078; company:ganlee-gzr33-phase3-cn-2026,"A Type 1 Diabetes launch is not near-term because the assigned record is an early clamp study. Broader GZR33 development is more advanced in T2D, but that does not establish a Type 1 Diabetes regulatory timeline.",source_derived,ctgov:NCT07242664; ctgov:NCT07527078; company:ganlee-gzr33-phase3-cn-2026,"GZR33 has no disclosed price. This analog estimate represents gross list-price drug acquisition only and excludes rebates, discounts, patient cost caps, needles, glucose monitoring, visits, hypoglycemia management, or prandial insulin.",source_derived,cost:novocare-tresiba-list-price; label:tresiba-dailymed; ctgov:NCT07242664,Near-term payer disruption is low for the assigned indication. The asset should be watched for Phase 3 readouts and any U.S. filing signals rather than actively planned now.,source_derived,ctgov:NCT07242664; ctgov:NCT07527078; payer:healthnet-tresiba-pa,"Monitor ClinicalTrials.gov updates, China Phase 3 progress, any Type 1 Diabetes Phase 2/3 trial initiation, and pricing or regulatory signals before building active formulary policy.",source_derived,ctgov:NCT07242664; ctgov:NCT07527078; company:ganlee-gzr33-phase3-cn-2026; cost:novocare-tresiba-list-price,source_backed,
15,NCT07535307,NNC0487-0111,https://clinicaltrials.gov/study/NCT07535307; https://clinicaltrials.gov/study/NCT06542874; https://clinicaltrials.gov/study/NCT07400107; https://clinicaltrials.gov/study/NCT06064006,Novo Nordisk A/S,INDUSTRY,Cardiometabolic,Diabetes Mellitus,Assigned study is Phase 1; diabetes program has completed Phase 2 dose-finding with Phase 3 T2D development planned/initiating in 2026,"NCT07535307 is a recruiting, non-FDA-regulated Phase 1 mechanistic study in adults with type 2 diabetes evaluating once-weekly subcutaneous NNC0487-0111 versus placebo for insulin sensitivity and pancreatic endocrine function through Week 40. The broader NNC0487-0111/amycretin/zenagamtide diabetes program includes completed FDA-regulated Phase 2 dose-finding study NCT06542874 in 448 adults with type 2 diabetes, where Novo Nordisk reported positive headline HbA1c and weight results in November 2025 and stated it planned to initiate a Phase 3 T2D program in 2026. As of this packet, a standalone Phase 3 T2D glycemic-control CT.gov record was not identified, though Phase 3 AMAZE 8 includes participants with overweight/obesity and type 2 diabetes and compares NNC0487-0111 with semaglutide on body-weight endpoints.",,U.S./EU 2030-2032 if Phase 3 T2D program starts in 2026 and succeeds,,36+ months,U.S./EU 2030-2032 if Phase 3 T2D program starts in 2026 and succeeds,Medium,"{""start"":""2032-05-10"",""end"":""2032-05-10"",""label"":""2032-05-10""}",Meaningful,12330,12957,High,Medium,Prepare,"A T2D launch is unlikely before Phase 3 glycemic-control trials complete, filing occurs, and regulatory review is finished. With Phase 3 planned in 2026 but no standalone T2D Phase 3 CT.gov record identified, 2030-2032 is a planning range rather than a direct company-guided launch date.",source_derived,ctgov:NCT06542874; ctgov:NCT07400107; company:novo-amycretin-t2d-phase2-2025; company:novo-ada-zenagamtide-2026,"A T2D launch is unlikely before Phase 3 glycemic-control trials complete, filing occurs, and regulatory review is finished. With Phase 3 planned in 2026 but no standalone T2D Phase 3 CT.gov record identified, 2030-2032 is a planning range rather than a direct company-guided launch date.",source_derived,ctgov:NCT06542874; ctgov:NCT07400107; company:novo-amycretin-t2d-phase2-2025; company:novo-ada-zenagamtide-2026,"The estimate is a gross analog range before rebates, discounts, patient assistance, adherence, titration wastage, medical visits, labs, or downstream cardiometabolic savings. Final pricing could differ because zenagamtide may have both oral and injectable forms and may launch into a more competitive GLP-1/amylin market.",source_derived,cost:ozempic-novocare-2026; cost:mounjaro-lilly-wac-2025; label:ozempic-dailymed-2026; label:mounjaro-dailymed-2026,"The asset could reshape preferred GLP sequencing if Phase 3 confirms a best-in-class profile, but near-term disruption is moderated by current evidence maturity and the fact that payers already manage semaglutide/tirzepatide with PA, step, and quantity-limit tools.",source_derived,company:novo-amycretin-t2d-phase2-2025; company:novo-ada-zenagamtide-2026; payer:cigna-glp1-diabetes-pa-2026; label:ozempic-dailymed-2026; label:mounjaro-dailymed-2026,"Prepare a GLP-1/amylin policy path now, including T2D diagnosis controls, preferred-product sequencing, and safety monitoring. Defer active formulary contracting or launch controls until Phase 3 T2D trials, dose selection, route strategy, filing timing, and price are clearer.",source_derived,ctgov:NCT07535307; ctgov:NCT06542874; company:novo-amycretin-t2d-phase2-2025; payer:cigna-glp1-diabetes-pa-2026,source_backed,
16,NCT07400653,PF-08653944,https://clinicaltrials.gov/study/NCT07400653; https://clinicaltrials.gov/study/NCT07311850; https://clinicaltrials.gov/study/NCT06973720,Pfizer,INDUSTRY,Cardiometabolic,Obesity,Phase 3,"Recruiting Phase 3 VESPER-5 trial in adults with obesity or overweight and type 2 diabetes, with 999 planned participants, weekly subcutaneous PF-08653944 versus placebo, and Week 64 percent body-weight change as the primary endpoint. Related VESPER-4 Phase 3 trial in obesity/overweight without T2D is also recruiting, and VESPER-3 Phase 2b has company-reported positive topline monthly-maintenance data.",,2029-2031,,36+ months,2029-2031,Medium,"{""start"":""2028-12-12"",""end"":""2028-12-12"",""label"":""2028-12-12""}",Meaningful,4188,13036,High,High,Actively Plan,"A first U.S. obesity launch before 2029 is unlikely because pivotal studies are ongoing with no posted results, but Pfizer's active Phase 3 program and public acquisition milestones support a plausible 2029-2031 launch window if Phase 3 efficacy and safety are positive.",source_derived,ctgov:NCT07400653; ctgov:NCT07311850; pfizer:pipeline-2026-05-05; pfizer:pf3944-vesper3-2026-02-03; pfizer:metsera-acquisition-2025-09-22,"A first U.S. obesity launch before 2029 is unlikely because pivotal studies are ongoing with no posted results, but Pfizer's active Phase 3 program and public acquisition milestones support a plausible 2029-2031 launch window if Phase 3 efficacy and safety are positive.",source_derived,ctgov:NCT07400653; ctgov:NCT07311850; pfizer:pipeline-2026-05-05; pfizer:pf3944-vesper3-2026-02-03; pfizer:metsera-acquisition-2025-09-22,"PF-08653944 is unapproved and unpriced. A public analog range anchored by current GLP-1 direct/cash and WAC prices gives a conservative planning range before rebates, discounts, adherence effects, device differences, or final weekly/monthly launch pricing.",source_derived,cost:novocare-wegovy-2026-05-28; cost:zepbound-ct-disclosure-2025-12,"A long-acting GLP-1 with monthly optionality could disrupt formulary contracting, adherence assumptions, GLP-1 sequencing, and access policy if pivotal outcomes confirm competitive efficacy and safety.",source_derived,pfizer:pipeline-2026-05-05; pfizer:pf3944-vesper3-2026-02-03; pfizer:metsera-acquisition-2025-09-22; payer:cigna-weight-loss-glp1-pa-2026,"Begin scenario planning for formulary placement, PA/continuation criteria, step sequencing, quantity limits, and contracting assumptions while monitoring VESPER-4/VESPER-5 readouts and monthly VESPER-6 development.",source_derived,ctgov:NCT07400653; ctgov:NCT07311850; pfizer:pf3944-vesper3-2026-02-03; payer:cigna-weight-loss-glp1-pa-2026,source_backed,
17,NCT07055516,NT-0796,https://clinicaltrials.gov/study/NCT07055516; https://clinicaltrials.gov/study/NCT06129409; https://clinicaltrials.gov/study/NCT07220629; https://www.sciencedirect.com/science/article/pii/S0022356524172138; https://pmc.ncbi.nlm.nih.gov/articles/PMC12210099/,NodThera Limited,INDUSTRY,Cardiometabolic,Obesity and Type 2 Diabetes,Phase 2a,"ClinicalTrials.gov lists RESOLVE-1 (NCT07055516) as an active, not recruiting Phase 2 randomized, triple-masked, placebo-controlled trial of oral NT-0796 once daily or twice daily versus placebo as an adjunct to reduced-calorie diet and increased physical activity in participants with obesity with or without type 2 diabetes. Actual enrollment is 176; the registry shows an estimated primary and study completion date of May 21, 2026, while NodThera has guided to RESOLVE-1/RESOLVE-2 completion in 3Q 2026.",,2030-2032,,36+ months,2030-2032,Medium,"{""start"":""2028-11-21"",""end"":""2028-11-21"",""label"":""2028-11-21""}",Modest,4188,16188,High,Medium,Monitor,"Even if RESOLVE-1 is positive in 2026, NT-0796 would likely require at least one multi-year Phase 3 program before launch in obesity or obesity with type 2 diabetes.",source_derived,ctgov:NCT07055516; company:resolve1-first-patients-2025; company:resolve2-first-patients-2025,"Even if RESOLVE-1 is positive in 2026, NT-0796 would likely require at least one multi-year Phase 3 program before launch in obesity or obesity with type 2 diabetes.",source_derived,ctgov:NCT07055516; company:resolve1-first-patients-2025; company:resolve2-first-patients-2025,"The range is a gross analog estimate and excludes rebates, discounts, adherence, lab monitoring, visits, cardiometabolic event offsets, or combination use with GLP-1 therapy.",source_derived,cost:novocare-wegovy-self-pay-2026; cost:novocare-wegovy-list-price-2026; cost:lilly-zepbound-wac-2025,"Near-term formulary disruption is limited before Phase 3, but positive RESOLVE-1/2 results could shift payer attention toward oral non-GLP-1 and combination obesity management.",source_derived,company:resolve1-first-patients-2025; company:resolve2-first-patients-2025; ctgov:NCT07055516; ctgov:NCT07220629,"Track RESOLVE-1 and RESOLVE-2 readouts, subsequent Phase 3 initiation, and whether efficacy supports monotherapy, GLP-1 adjunct, or weight-maintenance positioning before active formulary planning.",source_derived,ctgov:NCT07055516; ctgov:NCT07220629; company:resolve1-first-patients-2025; company:resolve2-first-patients-2025; payer:cigna-weight-loss-glp1-pa-2026,source_backed,
18,NCT06506175,HRS9531 tablets,https://clinicaltrials.gov/study/NCT06506175; https://clinicaltrials.gov/study/NCT06435676; https://clinicaltrials.gov/study/NCT06841445; https://clinicaltrials.gov/study/NCT07150962; https://clinicaltrials.gov/study/NCT07599410,"Fujian Shengdi Pharmaceutical Co., Ltd.",INDUSTRY,Cardiometabolic,"Overweight or Obese, Type 2 Diabetes",Phase 2 oral tablet program; assigned NCT06506175 is Phase 1,"The assigned NCT06506175 record is a Phase 1 China dosing-condition/food-effect pharmacokinetic study in healthy male volunteers and remains not yet recruiting with stale 2024 estimated dates. Related HRS9531 tablet studies include a completed Phase 1 SAD/MAD trial, a completed Phase 2 obesity trial, a recruiting Phase 1 relative-bioavailability study, and a not-yet-recruiting Phase 2 T2D trial. Kailera/Hengrui reported positive oral Phase 2 obesity topline data and stated that Hengrui plans China Phase 3 and Kailera plans a global Phase 2 trial in 2026.",,US 2030+ / uncertain,,36+ months,US 2030+ / uncertain,Medium,"{""start"":""2029-05-29"",""end"":""2029-05-29"",""label"":""2029-05-29""}",Meaningful,11971,16188,High,Medium,Monitor,"The oral formulation has supportive early data but remains behind injectable ribupatide. A U.S. launch would require global Phase 2 execution, pivotal evidence, filing, and review, so 2030+ is a conservative monitoring estimate.",source_derived,ctgov:NCT06506175; ctgov:NCT06841445; ctgov:NCT07150962; ctgov:NCT07599410; company:kailera-hengrui-oral-ribupatide-phase2-2026,"The oral formulation has supportive early data but remains behind injectable ribupatide. A U.S. launch would require global Phase 2 execution, pivotal evidence, filing, and review, so 2030+ is a conservative monitoring estimate.",source_derived,ctgov:NCT06506175; ctgov:NCT06841445; ctgov:NCT07150962; ctgov:NCT07599410; company:kailera-hengrui-oral-ribupatide-phase2-2026,"The range brackets an oral GLP-1 T2D tablet analog and an approved oral obesity GLP-1 tablet analog. It excludes rebates, discounts, self-pay programs, dispensing fees, monitoring, and any premium for dual GLP-1/GIP activity.",source_derived,cost:rybelsus-novocare-2026; cost:wegovy-novocare-2026; label:wegovy-pi-2026,"If approved, the tablet could complicate sequencing, oral/injectable preference, and formulary contracting. Near-term disruption is moderated by the absence of a U.S. pivotal tablet program or filing.",source_derived,company:kailera-hengrui-oral-ribupatide-phase2-2026; ctgov:NCT07150962; ctgov:NCT07599410; payer:caremark-antiobesity-pa-2025,"Track full oral Phase 2 presentation, China Phase 3 start, global Phase 2 initiation, T2D tablet data, formulation/bioavailability results, and any U.S. regulatory or pricing signal.",source_derived,ctgov:NCT06506175; ctgov:NCT06841445; ctgov:NCT07150962; ctgov:NCT07599410; company:kailera-hengrui-oral-ribupatide-phase2-2026,source_backed,
19,NCT06346600,SKG0106,https://clinicaltrials.gov/study/NCT06346600; https://clinicaltrials.gov/study/NCT05986864; https://clinicaltrials.gov/study/NCT06213038,Skyline Therapeutics,INDUSTRY,Ophthalmology,Neovascular (Wet) Age-related Macular Degeneration,Long-term follow-up observational study for Phase 1 and Phase 1/2 parent trials,"NCT06346600 is a recruiting prospective, multicenter, non-interventional 5-year follow-up study enrolling patients who received SKG0106 in parent studies NCT06213038 and NCT05986864. The main U.S./global parent study NCT05986864 is a recruiting Phase 1/2 trial of one-time SKG0106 intravitreal injection in nAMD; no FDA approval or posted ClinicalTrials.gov results were identified.",,US 2030+ / uncertain,,36+ months,US 2030+ / uncertain,Medium,"{""start"":""2031-08-28"",""end"":""2031-08-28"",""label"":""2031-08-28""}",Meaningful,425000,850000,High,Medium,Monitor,"SKG0106 is clinically active but still early. Without a pivotal Phase 3 or filing signal, a U.S. launch before 2030 is unlikely; the long-term follow-up requirement reinforces meaningful safety/durability uncertainty.",source_derived,ctgov:NCT06346600; ctgov:NCT05986864; ctgov:NCT06213038; company:skytx-fda-ind-2023; abstract:arvo-2024-skg0106-interim,"SKG0106 is clinically active but still early. Without a pivotal Phase 3 or filing signal, a U.S. launch before 2030 is unlikely; the long-term follow-up requirement reinforces meaningful safety/durability uncertainty.",source_derived,ctgov:NCT06346600; ctgov:NCT05986864; ctgov:NCT06213038; company:skytx-fda-ind-2023; abstract:arvo-2024-skg0106-interim,"SKG0106 is a one-time ocular AAV therapy, so a one-time per-eye analog is more relevant than annualizing chronic anti-VEGF injections. Final SKG0106 price could differ materially based on durability, bilateral treatment assumptions, outcomes-based contracts, and administration costs.",source_derived,cost:luxturna-launch-price-2018; label:luxturna-uspi-2022; cost:eylea-hd-wac-2026,"A durable one-time therapy could disrupt injection frequency, site-of-care economics, and payment design, but near-term disruption is moderated by early clinical maturity and uncertain launch timing.",source_derived,company:skytx-nmpa-ind-2023; abstract:arvo-2024-skg0106-interim; ctgov:NCT06346600; payer:uhc-ophthalmologic-vegf-policy-2026,"Track parent study updates, full Phase 1/2 data, rescue-injection durability, ocular inflammation signals, Phase 3 initiation, and any gene-therapy payment model signals. Formal coverage build is premature before pivotal evidence and label details.",source_derived,ctgov:NCT06346600; ctgov:NCT05986864; abstract:arvo-2024-skg0106-interim; cost:luxturna-launch-price-2018,source_backed,
20,NCT05986864,SKG0106,https://clinicaltrials.gov/study/NCT05986864; https://clinicaltrials.gov/study/NCT06213038; https://clinicaltrials.gov/study/NCT06346600,Skyline Therapeutics (US) Inc.,INDUSTRY,Ophthalmology,Neovascular Age-related Macular Degeneration,Phase 1/2,"NCT05986864 is a recruiting U.S./global Phase 1/2, open-label, non-randomized study of one-time SKG0106 intraocular injection in anti-VEGF-responsive nAMD. A linked China Phase 1 study, NCT06213038, and a 5-year long-term follow-up study, NCT06346600, provide asset context; no FDA approval, BLA filing, Phase 3 trial, or posted ClinicalTrials.gov results were identified.",,US 2030+ / uncertain,,36+ months,US 2030+ / uncertain,Medium,"{""start"":""2030-07-01"",""end"":""2030-07-01"",""label"":""2030-07-01""}",Meaningful,425000,850000,High,Medium,Monitor,"SKG0106 is clinically active but still early. Without a pivotal Phase 3 or filing signal, a U.S. launch before 2030 is unlikely; long-term follow-up reinforces unresolved safety and durability questions.",source_derived,ctgov:NCT05986864; ctgov:NCT06346600; ctgov:NCT06213038; company:skytx-fda-ind-2023; abstract:arvo-2024-skg0106-interim,"SKG0106 is clinically active but still early. Without a pivotal Phase 3 or filing signal, a U.S. launch before 2030 is unlikely; long-term follow-up reinforces unresolved safety and durability questions.",source_derived,ctgov:NCT05986864; ctgov:NCT06346600; ctgov:NCT06213038; company:skytx-fda-ind-2023; abstract:arvo-2024-skg0106-interim,"SKG0106 is a one-time ocular AAV therapy, so a one-time per-eye gene therapy analog is more relevant than annualizing chronic anti-VEGF injections. Final SKG0106 price could differ materially based on durability, bilateral use, outcomes-based contracts, rebates, and administration costs.",source_derived,cost:luxturna-price-2025; label:luxturna-uspi-2022; cost:vabysmo-drugscom-2026,"A durable one-time therapy could disrupt injection frequency, site-of-care economics, and payment design, but near-term disruption is moderated by early clinical maturity and uncertain launch timing.",source_derived,company:skytx-nmpa-ind-2023; abstract:arvo-2024-skg0106-interim; ctgov:NCT05986864; ctgov:NCT06346600; payer:aetna-vegf-ocular-policy-2026,"Track NCT05986864 updates, full Phase 1/2 data, rescue-injection durability, ocular inflammation signals, Phase 3 initiation, and any gene-therapy payment model signals. Formal coverage build is premature before pivotal evidence and label details.",source_derived,ctgov:NCT05986864; ctgov:NCT06346600; abstract:arvo-2024-skg0106-interim; cost:luxturna-price-2025,source_backed,
21,NCT06635148,JNJ-81201887,https://clinicaltrials.gov/study/NCT06635148; https://clinicaltrials.gov/study/NCT05811351; https://clinicaltrials.gov/study/NCT03144999; https://pubmed.ncbi.nlm.nih.gov/38909914/,"Janssen Research & Development, LLC",INDUSTRY,Ophthalmology,Geographic Atrophy,Phase 2 long-term extension; completed Phase 2b parent study; J&J's April 2026 development pipeline lists JNJ-1887 sCD59 for geographic atrophy in Phase 2.,"ClinicalTrials.gov lists NCT06635148 as a recruiting Phase 2 long-term extension of JNJ-81201887 parent studies in participants with geographic atrophy secondary to AMD. The extension started on 2024-09-19, estimates enrollment of 274, has estimated primary completion on 2029-08-24 and estimated study completion on 2030-07-16, and gives no study intervention in the LTE. The randomized Phase 2b parent study NCT05811351 completed on 2026-02-23 with actual enrollment of 305, but no ClinicalTrials.gov results are posted. J&J's current pipeline still places JNJ-1887 sCD59 in Phase 2, with no disclosed filing or launch timing.",,2031 or later unless Janssen advances using the completed Phase 2b dataset on an accelerated or otherwise shortened regulatory path,,36+ months,2031 or later unless Janssen advances using the completed Phase 2b dataset on an accelerated or otherwise shortened regulatory path,Medium,"{""start"":""2032-02-24"",""end"":""2032-02-24"",""label"":""2032-02-24""}",Meaningful,27300,425000,High,Medium,Monitor,"A near-term launch is not source-supported. The program could move faster if the completed Phase 2b study is treated as registrational or triggers an expedited path, but public sources currently support monitoring as a Phase 2 asset with long-term safety follow-up extending to 2030.",source_derived,ctgov:NCT06635148; ctgov:NCT05811351; company:jnj-pipeline-1q26,"A near-term launch is not source-supported. The program could move faster if the completed Phase 2b study is treated as registrational or triggers an expedited path, but public sources currently support monitoring as a Phase 2 asset with long-term safety follow-up extending to 2030.",source_derived,ctgov:NCT06635148; ctgov:NCT05811351; company:jnj-pipeline-1q26,"No JNJ-81201887 price exists. The low end reflects the annual one-eye cost of an approved intravitreal GA complement inhibitor; the high end reflects a one-time ocular gene therapy WAC per eye. The range excludes rebates, medical administration, imaging, corticosteroid prophylaxis, anti-VEGF rescue, bilateral treatment, facility fees, and outcomes-based contracting.",source_derived,cost:oklahoma-dur-ga-complement-2024; cost:luxturna-cigna-2018; ctgov:NCT05811351,"Operational disruption is not imminent, but the asset could alter current repeated-injection GA pathways and medical-benefit contracting if controlled data support durable benefit.",source_derived,ctgov:NCT06635148; ctgov:NCT05811351; company:jnj-pipeline-1q26; cost:luxturna-cigna-2018,Monitor for Phase 2b readout and regulatory-path clarity before drafting final coverage policy; maintain early scenario notes for one-time ophthalmic gene therapy pricing and outcomes-based contracting.,source_derived,ctgov:NCT06635148; ctgov:NCT05811351; company:jnj-pipeline-1q26; payer:aetna-syfovre-policy-2026; payer:aetna-izervay-policy-2025,source_backed,
22,NCT06223958,OTX-TKI (axitinib implant),https://clinicaltrials.gov/study/NCT06223958; https://clinicaltrials.gov/study/NCT06495918; https://clinicaltrials.gov/study/NCT04989699; https://clinicaltrials.gov/study/NCT03630315,"Ocular Therapeutix, Inc.",INDUSTRY,Ophthalmology,Neovascular Age-Related Macular Degeneration,Phase 3 registrational,"NCT06223958/SOL-1 is an active-not-recruiting Phase 3 superiority trial in treatment-naive wet AMD with 344 actual randomized subjects. Ocular reported positive Week 36 and Week 52 SOL-1 data in February 2026 and states that an NDA based on SOL-1 Week 52 data remains on track, subject to ongoing or planned formal FDA discussions. A second Phase 3 wet AMD trial, NCT06495918/SOL-R, is active not recruiting and is expected by the company to read out in 1Q 2027.",,"Potential U.S. 2027 launch if NDA submission, FDA acceptance, review, and approval proceed on the company's planned SOL-1-based path; timing remains contingent on FDA discussions and review.",,12-24 months,"Potential U.S. 2027 launch if NDA submission, FDA acceptance, review, and approval proceed on the company's planned SOL-1-based path; timing remains contingent on FDA discussions and review.",Medium,"{""start"":""2027-06-29"",""end"":""2027-06-29"",""label"":""2027-06-29""}",High,11252,22504,High,High,Actively Plan,"A 2027 window is plausible because SOL-1 is positive and Ocular is preparing an NDA, but the packet should not assume approval before FDA accepts the filing path, reviews the single-trial package, and resolves CMC/label questions.",source_derived,company:ocular-q1-2026-update; company:ocular-sol1-topline-2026; ctgov:NCT06223958; ctgov:NCT06495918,"A 2027 window is plausible because SOL-1 is positive and Ocular is preparing an NDA, but the packet should not assume approval before FDA accepts the filing path, reviews the single-trial package, and resolves CMC/label questions.",source_derived,company:ocular-q1-2026-update; company:ocular-sol1-topline-2026; ctgov:NCT06223958; ctgov:NCT06495918,"This is a gross drug-acquisition planning proxy, not a forecast of AXPAXLI list price or net payer cost. Final cost may differ materially if Ocular prices the durable implant at a premium to annual anti-VEGF drug spend, if bilateral use is common, or if rescue aflibercept and administration costs are included.",source_derived,cost:eylea-hd-wac-2026; label:eylea-hd-dailymed-2026; company:ocular-sol1-topline-2026,AXPAXLI could materially change wet AMD treatment cadence and payer controls if approved. Disruption is high despite remaining regulatory uncertainty because commercial preparedness and pivotal data are already in place.,source_derived,company:ocular-sol1-topline-2026; company:ocular-q1-2026-update; ctgov:NCT06495918; payer:cigna-vabysmo-pa-2026,"Begin draft coverage and operations planning now, while keeping assumptions provisional until FDA filing status, label, pricing, HCPCS/J-code strategy, SOL-R data, and launch timing are clarified.",source_derived,company:ocular-q1-2026-update; company:ocular-sol1-topline-2026; payer:cigna-vabysmo-pa-2026; cost:eylea-hd-wac-2026,source_backed,
23,NCT06707753,AL-001,https://clinicaltrials.gov/study/NCT06707753; https://clinicaltrials.gov/study/NCT06839339; https://clinicaltrials.gov/study/NCT06718816,"Beijing Anlong Biopharmaceutical Co., Ltd.",INDUSTRY,Ophthalmology,Wet Age-related Macular Degeneration (wAMD),Phase 2 program; assigned NCT06707753 is Phase 1/2a and related NCT06839339 is Phase 2,"ClinicalTrials.gov lists NCT06707753 as an active, not recruiting, open-label, nonrandomized, single-dose, dose-escalation Phase 1/2a study of AL-001 suprachoroidal injection in 21 patients with wet AMD; estimated primary and final completion were 2025-08-31 and no results are posted. The related randomized, positive-controlled Phase 2 study NCT06839339 plans 40 patients randomized to two AL-001 dose cohorts or aflibercept, with estimated primary completion 2026-09-30 and estimated final completion 2027-01-30. A linked long-term follow-up study, NCT06718816, follows AL-001-treated patients through an estimated 2029-06-30 completion.",,China 2030+ if Phase 2 and later registrational data support approval; U.S. launch not forecast without FDA/US trial signal,,36+ months,China 2030+ if Phase 2 and later registrational data support approval; U.S. launch not forecast without FDA/US trial signal,Medium,"{""start"":""2030-03-03"",""end"":""2030-03-03"",""label"":""2030-03-03""}",Modest,425000,850000,High,Low,Monitor,"AL-001 has advanced into a Phase 2 aflibercept-controlled China study, but pivotal evidence, filing guidance, and U.S. regulatory signals are not yet public. A China-first 2030+ watch window is more defensible than near-term launch planning.",source_derived,ctgov:NCT06707753; ctgov:NCT06839339; ctgov:NCT06718816; news:bydrug-cde-clearance-2023,"AL-001 has advanced into a Phase 2 aflibercept-controlled China study, but pivotal evidence, filing guidance, and U.S. regulatory signals are not yet public. A China-first 2030+ watch window is more defensible than near-term launch planning.",source_derived,ctgov:NCT06707753; ctgov:NCT06839339; ctgov:NCT06718816; news:bydrug-cde-clearance-2023,"AL-001 is described publicly as an ocular AAV anti-VEGF gene therapy, so a one-time per-eye ocular gene therapy analog is more relevant than annualizing chronic anti-VEGF injections. Final AL-001 price could differ materially based on China pricing, U.S. launch status, durability, bilateral use, rebates, payment model, and administration costs.",source_derived,cost:luxturna-price-2018; label:luxturna-uspi-2022; cost:vabysmo-wac-2026; cost:eylea-hd-wac-2026,"The mechanism could be disruptive if durable and safe, but near-term operational disruption is low because AL-001 remains pre-pivotal publicly and has no identified U.S. launch pathway.",source_derived,ctgov:NCT06707753; ctgov:NCT06839339; ctgov:NCT06718816; payer:aetna-vegf-ocular-policy-2026,"Monitor Phase 2 activation/completion, BCVA and CRT results, rescue anti-VEGF frequency, ocular inflammation/immunogenicity signals, long-term follow-up, and any U.S. IND or partner activity before preparing policy build.",source_derived,ctgov:NCT06707753; ctgov:NCT06839339; ctgov:NCT06718816; news:packgene-al001-start-2023,source_backed,
24,NCT05769153,AR-14034 SR implant lower dose,https://clinicaltrials.gov/study/NCT05769153,Alcon Research,INDUSTRY,Ophthalmology,Neovascular Age-related Macular Degeneration (nAMD),Phase 1/2,"ClinicalTrials.gov lists NOVA-1 (NCT05769153) as an active, not recruiting Phase 1/2 two-stage study in neovascular age-related macular degeneration. Stage 1 included an open-label lower-dose cohort receiving one aflibercept 2 mg injection at Week -1 and one AR-14034 SR lower-dose intravitreal insertion at baseline, with up to one AR-14034 SR retreatment between Weeks 4 and 36 based on disease activity. Stage 2 randomizes participants to one or two AR-14034 SR insertions versus labeled aflibercept. Actual enrollment is 139, estimated primary completion is May 2027, estimated study completion is October 2027, and no ClinicalTrials.gov results are posted.",,2031-2033,,36+ months,2031-2033,Medium,"{""start"":""2031-10-31"",""end"":""2031-10-31"",""label"":""2031-10-31""}",Modest,12047,16950,Medium,Medium,Monitor,A launch before 2031 is unlikely unless the Phase 1/2 study produces unusually registrational evidence or Alcon accelerates directly into a rapid pivotal program after 2027.,source_derived,ctgov:NCT05769153; sec:aerie-2021-10k-ar14034; sec:aerie-ar14034-overview-2021,A launch before 2031 is unlikely unless the Phase 1/2 study produces unusually registrational evidence or Alcon accelerates directly into a rapid pivotal program after 2027.,source_derived,ctgov:NCT05769153; sec:aerie-2021-10k-ar14034; sec:aerie-ar14034-overview-2021,"AR-14034 SR has no disclosed price. The range anchors to current nAMD durable anti-VEGF drug acquisition and sustained-delivery implant analogs, excluding administration, surgery/procedure fees, imaging, office visits, adverse-event management, rebates, discounts, and supplemental rescue injections.",source_derived,ctgov:NCT05769153; label:eylea-hd-dailymed-2025; label:susvimo-dailymed-2025; cost:cms-asp-2026q2; cost:susvimo-ordering-guide-2025,"AR-14034 SR could alter visit and injection burden if durable, but the near-term risk is limited by lack of results and likely need for pivotal development.",source_derived,ctgov:NCT05769153; sec:aerie-2021-10k-ar14034; label:eylea-hd-dailymed-2025; label:susvimo-dailymed-2025; payer:aetna-vegf-ocular-2026,"Monitor NOVA-1 results, dose selection, and pivotal-trial plans before drafting product-specific policy; retain general anti-VEGF/implant management concepts for launch readiness.",source_derived,ctgov:NCT05769153; sec:aerie-2021-10k-ar14034; payer:aetna-vegf-ocular-2026,source_backed,
25,NCT06888492,EXG202,https://clinicaltrials.gov/study/NCT06888492; https://clinicaltrials.gov/study/NCT07178249,Guangzhou Jiayin Biotech Ltd,INDUSTRY,Ophthalmology,Wet Age-related Macular Degeneration (wAMD),Early Phase 1 for assigned IIT record NCT06888492; separate EXG202-111 record NCT07178249 is Phase 1/2.,"NCT06888492 is a not-yet-recruiting, open-label, non-randomized, sequential dose-escalation Early Phase 1 study in China evaluating two intravitreal EXG202 dose cohorts in 8 participants with wet/neovascular AMD; estimated start is 2025-03-28, estimated primary completion is 2026-04-25, estimated study completion is 2026-04-30, and no results are posted. A separate EXG202 Phase 1/2 study, NCT07178249, is also not yet recruiting, plans 60 participants, has estimated start 2025-10-16, estimated primary completion 2028-02-28, and estimated study completion 2032-12-30. Exegenesis/Jiayin's HKEX application proof states EXG202 received FDA IND clearance in July 2025 and NMPA IND approval in August 2025, and that an IIT was being conducted for early safety, tolerability, and biological-activity insights.",,2033 or later unless Phase 1/2 data support an accelerated or otherwise shortened regulatory path,,36+ months,2033 or later unless Phase 1/2 data support an accelerated or otherwise shortened regulatory path,Medium,"{""start"":""2030-10-25"",""end"":""2030-10-25"",""label"":""2030-10-25""}",Meaningful,14065,425000,High,Medium,Monitor,"A near-term launch is not source-supported. EXG202 has IND clearance and early clinical activity, but current public records support a long development path with Phase 1/2 follow-up extending to 2032 before any standard late-stage filing pathway.",source_derived,ctgov:NCT06888492; ctgov:NCT07178249; company:exegenesis-hkex-application-proof-2026,"A near-term launch is not source-supported. EXG202 has IND clearance and early clinical activity, but current public records support a long development path with Phase 1/2 follow-up extending to 2032 before any standard late-stage filing pathway.",source_derived,ctgov:NCT06888492; ctgov:NCT07178249; company:exegenesis-hkex-application-proof-2026,"EXG202 has no disclosed price. The low end anchors to a durable branded wet AMD anti-VEGF regimen; the high end anchors to an approved one-time ocular gene therapy. The range excludes rebates, bilateral treatment, facility/professional fees, imaging, steroid prophylaxis, adverse-event management, and rescue anti-VEGF injections.",source_derived,label:eylea-hd-dailymed-2026; cost:regeneron-eylea-hd-wac-2026; cost:luxturna-cigna-2018,"Operational disruption is not imminent, but positive data could change wet AMD treatment pathways, anti-VEGF utilization, rescue-injection protocols, and medical-benefit contracting.",source_derived,ctgov:NCT06888492; ctgov:NCT07178249; company:exegenesis-hkex-application-proof-2026; payer:aetna-vegf-ocular-policy-2026,"Monitor registry updates, first human data, dose selection, and regulatory progression before drafting final coverage criteria; maintain early scenario notes for one-time intravitreal gene therapy pricing and rescue anti-VEGF management.",source_derived,ctgov:NCT06888492; ctgov:NCT07178249; company:exegenesis-hkex-application-proof-2026; cost:luxturna-cigna-2018; payer:aetna-vegf-ocular-policy-2026,source_backed,
26,NCT07607561,SCAI-005 0.04% 2drops TID,https://clinicaltrials.gov/study/NCT07607561; https://clinicaltrials.gov/study/NCT06969001,SCAI Therapeutics,INDUSTRY,Ophthalmology,wetAMD,Phase 2a,"ClinicalTrials.gov lists NCT07607561 as a not-yet-recruiting Phase 2a randomized, double-blind, placebo-controlled, parallel, multicenter study in neovascular wet AMD. The trial will randomize 50 subjects 2:2:1 to SCAI-005 0.04%, SCAI-005 0.08%, or placebo, with estimated start on 2026-11-01 and estimated primary/study completion on 2027-08-31. SCAI and Korean industry coverage report Phase 1 completion and Korean MFDS Phase 2 IND approval in May 2026.",,2031-2033+ if Phase 2a is positive and a partner-backed pivotal program succeeds; no defined U.S. launch path.,,36+ months,2031-2033+ if Phase 2a is positive and a partner-backed pivotal program succeeds; no defined U.S. launch path.,Medium,"{""start"":""2030-03-03"",""end"":""2030-03-03"",""label"":""2030-03-03""}",Modest,14065,22504,Medium,Medium,Monitor,"The asset is early Phase 2a, not yet recruiting, and SCAI has publicly discussed Phase 2 evaluation and external collaboration rather than a direct launch timeline.",source_derived,ctgov:NCT07607561; company:scai-pipeline-scai005; news:biospectator-scai005-phase2-ind-2026,"The asset is early Phase 2a, not yet recruiting, and SCAI has publicly discussed Phase 2 evaluation and external collaboration rather than a direct launch timeline.",source_derived,ctgov:NCT07607561; company:scai-pipeline-scai005; news:biospectator-scai005-phase2-ind-2026,"No SCAI-005 price, bottle size, days supply, or net cost exists. Because SCAI-005 is intended to affect wet AMD injection burden, branded anti-VEGF WAC provides a conservative wet AMD analog, not a forecast of final topical axitinib pricing.",source_derived,label:eylea-hd-dailymed-2025; cost:eylea-hd-wac-2026; label:vabysmo-dailymed-2026; cost:vabysmo-wac-2025,"Operational disruption would be meaningful if topical SCAI-005 reduces injection frequency, but Phase 2a has not started and no patient efficacy data are available.",source_derived,ctgov:NCT07607561; company:scai-pipeline-scai005; news:biospectator-scai005-phase2-ind-2026; payer:cigna-vabysmo-pa-2025,"No active formulary build is warranted yet; reassess when Phase 2a recruitment, CST/BCVA results, safety, dosing, partnering, and regulatory plans become public.",source_derived,ctgov:NCT07607561; ctgov:NCT06969001; company:scai-pipeline-scai005; news:biospectator-scai005-phase2-ind-2026,source_backed,
27,NCT06832657,JMKX003948 Ophthalmic Suspension,https://clinicaltrials.gov/study/NCT06832657; https://clinicaltrials.gov/study/NCT06321250,Jemincare,INDUSTRY,Ophthalmology,Age-Related Macular Degeneration (AMD),Phase 1,"ClinicalTrials.gov lists NCT06832657 as a not-yet-recruiting, randomized, double-blind, placebo-controlled Phase 1 study of single and multiple ascending doses of JMKX003948 Ophthalmic Suspension in 40 healthy adults. The trial lists AMD and DME as conditions, uses 1%, 2%, 3%, and 5% suspension strengths, and measures AEs, ophthalmic examination changes, and plasma PK through Day 14. The record was last updated February 18, 2025, with estimated start February 2025 and estimated primary/study completion December 2025, but no posted results were available and the status remained not yet recruiting in the reviewed CT.gov API snapshot. A separate JMKX003948 tablet Phase 1 RCC study, NCT06321250, is recruiting in China and supports broader clinical activity for the molecule but not ophthalmic efficacy.",,2031+ / uncertain,,36+ months,2031+ / uncertain,Medium,"{""start"":""2030-05-30"",""end"":""2030-05-30"",""label"":""2030-05-30""}",Modest,14433,33756,Medium,Low,Monitor,"A near-term launch is not supportable. Even if development resumes, JMKX003948 would need patient dose-ranging, comparative efficacy, longer safety, and registrational evidence before an AMD/DME approval.",source_derived,ctgov:NCT06832657; ctgov:NCT06321250; company:jemincare-pr-2023,"A near-term launch is not supportable. Even if development resumes, JMKX003948 would need patient dose-ranging, comparative efficacy, longer safety, and registrational evidence before an AMD/DME approval.",source_derived,ctgov:NCT06832657; ctgov:NCT06321250; company:jemincare-pr-2023,"This is a gross drug-acquisition analog before rebates, discounts, administration fees, bilateral treatment, adherence, or topical-pricing differences. A topical small molecule could price below, near, or above injectable analogs depending on final efficacy and positioning.",source_derived,label:vabysmo-dailymed-2024; cost:vabysmo-wac-2026; cost:eylea-hd-wac-2026,"Operational disruption is low now. The risk should be revisited if Jemincare posts patient efficacy data, starts a Phase 2 AMD/DME trial, or demonstrates injection-sparing outcomes.",source_derived,ctgov:NCT06832657; ctgov:NCT06321250; payer:aetna-vegf-ocular-policy-2026,"Monitor CT.gov status changes, Phase 1 completion/results, patient AMD/DME study starts, mechanism confirmation from Jemincare or regulators, and any U.S. development signal before preparing policy criteria.",source_derived,ctgov:NCT06832657; drugdb:synapse-jmkx003948; company:jemincare-pr-2023,source_backed,
