display_name,booth,website,website_source,profile_url,pages_visited,ai_pages,screenshots,errors
Access Infinity Ltd,305,https://accessinfinity.com/,curated_override,https://n1b.goexposoftware.com/events/ispor26/goExpo/exhibitor/viewExhibitorProfile.php?__id=60,30,26,26,
Acumetis,811,https://acumetisglobal.com/,curated_override,https://n1b.goexposoftware.com/events/ispor26/goExpo/exhibitor/viewExhibitorProfile.php?__id=53,7,3,3,
Adelphi Real World and Adelphi Values,525,https://www.adelphigroup.com/,curated_override,https://n1b.goexposoftware.com/events/ispor26/goExpo/exhibitor/viewExhibitorProfile.php?__id=6,5,0,0,
Adigens Health Limited,928,https://www.adigenshealth.com/,curated_override,https://n1b.goexposoftware.com/events/ispor26/goExpo/exhibitor/viewExhibitorProfile.php?__id=74,4,0,0,
Amaris Consulting,539,https://amaris.com/,curated_override,https://n1b.goexposoftware.com/events/ispor26/goExpo/exhibitor/viewExhibitorProfile.php?__id=122,35,35,35,
American Association for Cancer Research (AACR),741,https://www.aacr.org/,curated_override,https://n1b.goexposoftware.com/events/ispor26/goExpo/exhibitor/viewExhibitorProfile.php?__id=78,35,16,16,
Analysis Group,605,https://www.analysisgroup.com/,curated_override,https://n1b.goexposoftware.com/events/ispor26/goExpo/exhibitor/viewExhibitorProfile.php?__id=7,35,35,35,
Arcadia.io,913,https://arcadia.io/,curated_override,https://n1b.goexposoftware.com/events/ispor26/goExpo/exhibitor/viewExhibitorProfile.php?__id=114,35,31,31,
Arcturis Data (UK) Ltd,937,https://www.arcturisdata.com/,curated_override,https://n1b.goexposoftware.com/events/ispor26/goExpo/exhibitor/viewExhibitorProfile.php?__id=90,4,1,1,
ATHAGORAS Holding GmbH,436,https://athagoras.com/,curated_override,https://n1b.goexposoftware.com/events/ispor26/goExpo/exhibitor/viewExhibitorProfile.php?__id=82,7,3,3,
Avalere Health LLC,938,https://avalerehealth.com/,curated_override,https://n1b.goexposoftware.com/events/ispor26/goExpo/exhibitor/viewExhibitorProfile.php?__id=102,5,4,4,
Barrington James,532,https://www.barringtonjames.com/,curated_override,https://n1b.goexposoftware.com/events/ispor26/goExpo/exhibitor/viewExhibitorProfile.php?__id=107,34,16,16,"https://www.barringtonjames.com/job-search/?specialisms=Medical%20Affairs: Error('Page.evaluate: Execution context was destroyed, most likely because of a navigation')"
Behavioral Health Insights,1106,https://behavioralhealth-insights.com/,curated_override,https://n1b.goexposoftware.com/events/ispor26/goExpo/exhibitor/viewExhibitorProfile.php?__id=143,1,0,0,
BRG,541,https://www.thinkbrg.com/,curated_override,https://n1b.goexposoftware.com/events/ispor26/goExpo/exhibitor/viewExhibitorProfile.php?__id=95,35,35,35,
Cardinal Health,325,https://www.cardinalhealth.com/,curated_override,https://n1b.goexposoftware.com/events/ispor26/goExpo/exhibitor/viewExhibitorProfile.php?__id=8,0,0,0,"https://www.cardinalhealth.com/: Error('Page.goto: net::ERR_HTTP2_PROTOCOL_ERROR at https://www.cardinalhealth.com/\nCall log:\n  - navigating to ""https://www.cardinalhealth.com/"", waiting until ""domcontentloaded""\n') | https://www.cardinalhealth.com/en/about-us/our-leaders/craig-cowman.html: Error('Page.goto: net::ERR_HTTP2_PROTOCOL_ERROR at https://www.cardinalhealth.com/en/about-us/our-leaders/craig-cowman.html\nCall log:\n  - navigating to ""https://www.cardinalhealth.com/en/about-us/our-leaders/craig-cowman.html"", waiting until ""domcontentloaded""\n') | https://www.cardinalhealth.com/en/about-us/sustainable-business-practices.html: Error('Page.goto: net::ERR_HTTP2_PROTOCOL_ERROR at https://www.cardinalhealth.com/en/about-us/sustainable-business-practices.html\nCall log:\n  - navigating to ""https://www.cardinalhealth.com/en/about-us/sustainable-business-practices.html"", waiting until ""domcontentloaded""\n') | https://www.cardinalhealth.com/en/about-us/sustainable-business-practices/combating-opioid-misuse.html: Error('Page.goto: net::ERR_HTTP2_PROTOCOL_ERROR at https://www.cardinalhealth.com/en/about-us/sustainable-business-practices/combating-opioid-misuse.html\nCall log:\n  - navigating to ""https://www.cardinalhealth.com/en/about-us/sustainable-business-practices/combating-opioid-misuse.html"", waiting until ""domcontentloaded""\n') | https://www.cardinalhealth.com/en/about-us/sustainable-business-practices/combating-opioid-misuse/distributor-role.html: Error('Page.goto: net::ERR_HTTP2_PROTOCOL_ERROR at https://www.cardinalhealth.com/en/about-us/sustainable-business-practices/combating-opioid-misuse/distributor-role.html\nCall log:\n  - navigating to ""https://www.cardinalhealth.com/en/about-us/sustainable-business-practices/combating-opioid-misuse/distributor-role.html"", waiting until ""domcontentloaded""\n') | https://www.cardinalhealth.com/en/about-us/sustainable-business-practices/combating-opioid-misuse/news.html: Error('Page.goto: net::ERR_HTTP2_PROTOCOL_ERROR at https://www.cardinalhealth.com/en/about-us/sustainable-business-practices/combating-opioid-misuse/news.html\nCall log:\n  - navigating to ""https://www.cardinalhealth.com/en/about-us/sustainable-business-practices/combating-opioid-misuse/news.html"", waiting until ""domcontentloaded""\n') | https://www.cardinalhealth.com/en/about-us/sustainable-business-practices/combating-opioid-misuse/understanding-the-epidemic.html: Error('Page.goto: net::ERR_HTTP2_PROTOCOL_ERROR at https://www.cardinalhealth.com/en/about-us/sustainable-business-practices/combating-opioid-misuse/understanding-the-epidemic.html\nCall log:\n  - navigating to ""https://www.cardinalhealth.com/en/about-us/sustainable-business-practices/combating-opioid-misuse/understanding-the-epidemic.html"", waiting until ""domcontentloaded""\n') | https://www.cardinalhealth.com/en/about-us/sustainable-business-practices/controlled-substance-monitoring-program.html: Error('Page.goto: net::ERR_HTTP2_PROTOCOL_ERROR at https://www.cardinalhealth.com/en/about-us/sustainable-business-practices/controlled-substance-monitoring-program.html\nCall log:\n  - navigating to ""https://www.cardinalhealth.com/en/about-us/sustainable-business-practices/controlled-substance-monitoring-program.html"", waiting until ""domcontentloaded""\n') | https://www.cardinalhealth.com/en/about-us/sustainable-business-practices/controlled-substance-monitoring-program/contact-csmp-team.html: Error('Page.goto: net::ERR_HTTP2_PROTOCOL_ERROR at https://www.cardinalhealth.com/en/about-us/sustainable-business-practices/controlled-substance-monitoring-program/contact-csmp-team.html\nCall log:\n  - navigating to ""https://www.cardinalhealth.com/en/about-us/sustainable-business-practices/controlled-substance-monitoring-program/contact-csmp-team.html"", waiting until ""domcontentloaded""\n') | https://www.cardinalhealth.com/en/about-us/sustainable-business-practices/controlled-substance-monitoring-program/pharmacy-customer-data.html: Error('Page.goto: net::ERR_HTTP2_PROTOCOL_ERROR at https://www.cardinalhealth.com/en/about-us/sustainable-business-practices/controlled-substance-monitoring-program/pharmacy-customer-data.html\nCall log:\n  - navigating to ""https://www.cardinalhealth.com/en/about-us/sustainable-business-practices/controlled-substance-monitoring-program/pharmacy-customer-data.html"", waiting until ""domcontentloaded""\n') | https://www.cardinalhealth.com/en/about-us/sustainable-business-practices/environmental-sustainability.html: Error('Page.goto: net::ERR_HTTP2_PROTOCOL_ERROR at https://www.cardinalhealth.com/en/about-us/sustainable-business-practices/environmental-sustainability.html\nCall log:\n  - navigating to ""https://www.cardinalhealth.com/en/about-us/sustainable-business-practices/environmental-sustainability.html"", waiting until ""domcontentloaded""\n') | https://www.cardinalhealth.com/en/about-us/sustainable-business-practices/key-metrics.html: Error('Page.goto: net::ERR_HTTP2_PROTOCOL_ERROR at https://www.cardinalhealth.com/en/about-us/sustainable-business-practices/key-metrics.html\nCall log:\n  - navigating to ""https://www.cardinalhealth.com/en/about-us/sustainable-business-practices/key-metrics.html"", waiting until ""domcontentloaded""\n') | https://www.cardinalhealth.com/en/about-us/sustainable-business-practices/our-culture.html: Error('Page.goto: net::ERR_HTTP2_PROTOCOL_ERROR at https://www.cardinalhealth.com/en/about-us/sustainable-business-practices/our-culture.html\nCall log:\n  - navigating to ""https://www.cardinalhealth.com/en/about-us/sustainable-business-practices/our-culture.html"", waiting until ""domcontentloaded""\n') | https://www.cardinalhealth.com/en/about-us/sustainable-business-practices/policies-and-principles.html: Error('Page.goto: net::ERR_HTTP2_PROTOCOL_ERROR at https://www.cardinalhealth.com/en/about-us/sustainable-business-practices/policies-and-principles.html\nCall log:\n  - navigating to ""https://www.cardinalhealth.com/en/about-us/sustainable-business-practices/policies-and-principles.html"", waiting until ""domcontentloaded""\n') | https://www.cardinalhealth.com/en/about-us/sustainable-business-practices/sustainable-business-report-and-archive.html: Error('Page.goto: net::ERR_HTTP2_PROTOCOL_ERROR at https://www.cardinalhealth.com/en/about-us/sustainable-business-practices/sustainable-business-report-and-archive.html\nCall log:\n  - navigating to ""https://www.cardinalhealth.com/en/about-us/sustainable-business-practices/sustainable-business-report-and-archive.html"", waiting until ""domcontentloaded""\n') | https://www.cardinalhealth.com/en/about-us/who-we-are/supply-chain-inclusion.html: Error('Page.goto: net::ERR_HTTP2_PROTOCOL_ERROR at https://www.cardinalhealth.com/en/about-us/who-we-are/supply-chain-inclusion.html\nCall log:\n  - navigating to ""https://www.cardinalhealth.com/en/about-us/who-we-are/supply-chain-inclusion.html"", waiting until ""domcontentloaded""\n') | https://www.cardinalhealth.com/en/careers/culture/stem-initiative/trailblazing-women-stem.html: Error('Page.goto: net::ERR_HTTP2_PROTOCOL_ERROR at https://www.cardinalhealth.com/en/careers/culture/stem-initiative/trailblazing-women-stem.html\nCall log:\n  - navigating to ""https://www.cardinalhealth.com/en/careers/culture/stem-initiative/trailblazing-women-stem.html"", waiting until ""domcontentloaded""\n') | https://www.cardinalhealth.com/en/careers/culture/stem-initiative/women-technology-services.html: Error('Page.goto: net::ERR_HTTP2_PROTOCOL_ERROR at https://www.cardinalhealth.com/en/careers/culture/stem-initiative/women-technology-services.html\nCall log:\n  - navigating to ""https://www.cardinalhealth.com/en/careers/culture/stem-initiative/women-technology-services.html"", waiting until ""domcontentloaded""\n') | https://www.cardinalhealth.com/en/cmp/ext/ac/benefits-of-blood-bank-automation.html: Error('Page.goto: net::ERR_HTTP2_PROTOCOL_ERROR at https://www.cardinalhealth.com/en/cmp/ext/ac/benefits-of-blood-bank-automation.html\nCall log:\n  - navigating to ""https://www.cardinalhealth.com/en/cmp/ext/ac/benefits-of-blood-bank-automation.html"", waiting until ""domcontentloaded""\n') | https://www.cardinalhealth.com/en/cmp/ext/ac/influenza-testing-platforms.html: Error('Page.goto: net::ERR_HTTP2_PROTOCOL_ERROR at https://www.cardinalhealth.com/en/cmp/ext/ac/influenza-testing-platforms.html\nCall log:\n  - navigating to ""https://www.cardinalhealth.com/en/cmp/ext/ac/influenza-testing-platforms.html"", waiting until ""domcontentloaded""\n') | https://www.cardinalhealth.com/en/cmp/ext/ac/laboratory-products-premier/logistics-and-supply-chain.html: Error('Page.goto: net::ERR_HTTP2_PROTOCOL_ERROR at https://www.cardinalhealth.com/en/cmp/ext/ac/laboratory-products-premier/logistics-and-supply-chain.html\nCall log:\n  - navigating to ""https://www.cardinalhealth.com/en/cmp/ext/ac/laboratory-products-premier/logistics-and-supply-chain.html"", waiting until ""domcontentloaded""\n') | https://www.cardinalhealth.com/en/cmp/ext/ac/strep-testing-solutions.html: Error('Page.goto: net::ERR_HTTP2_PROTOCOL_ERROR at https://www.cardinalhealth.com/en/cmp/ext/ac/strep-testing-solutions.html\nCall log:\n  - navigating to ""https://www.cardinalhealth.com/en/cmp/ext/ac/strep-testing-solutions.html"", waiting until ""domcontentloaded""\n') | https://www.cardinalhealth.com/en/cmp/ext/cor/improve-patient-care-and-hospital-efficiency/supply-chains-opportunity-to-enable-value-based-care.html: Error('Page.goto: net::ERR_HTTP2_PROTOCOL_ERROR at https://www.cardinalhealth.com/en/cmp/ext/cor/improve-patient-care-and-hospital-efficiency/supply-chains-opportunity-to-enable-value-based-care.html\nCall log:\n  - navigating to ""https://www.cardinalhealth.com/en/cmp/ext/cor/improve-patient-care-and-hospital-efficiency/supply-chains-opportunity-to-enable-value-based-care.html"", waiting until ""domcontentloaded""\n') | https://www.cardinalhealth.com/en/cmp/ext/rp/medicare-open-enrollment.html: Error('Page.goto: net::ERR_HTTP2_PROTOCOL_ERROR at https://www.cardinalhealth.com/en/cmp/ext/rp/medicare-open-enrollment.html\nCall log:\n  - navigating to ""https://www.cardinalhealth.com/en/cmp/ext/rp/medicare-open-enrollment.html"", waiting until ""domcontentloaded""\n') | https://www.cardinalhealth.com/en/cmp/ext/rp/medicare-open-enrollment/become-a-psao-member.html: Error('Page.goto: net::ERR_HTTP2_PROTOCOL_ERROR at https://www.cardinalhealth.com/en/cmp/ext/rp/medicare-open-enrollment/become-a-psao-member.html\nCall log:\n  - navigating to ""https://www.cardinalhealth.com/en/cmp/ext/rp/medicare-open-enrollment/become-a-psao-member.html"", waiting until ""domcontentloaded""\n') | https://www.cardinalhealth.com/en/cmp/ext/rp/medicare-open-enrollment/inflation-reduction-act.html: Error('Page.goto: net::ERR_HTTP2_PROTOCOL_ERROR at https://www.cardinalhealth.com/en/cmp/ext/rp/medicare-open-enrollment/inflation-reduction-act.html\nCall log:\n  - navigating to ""https://www.cardinalhealth.com/en/cmp/ext/rp/medicare-open-enrollment/inflation-reduction-act.html"", waiting until ""domcontentloaded""\n') | https://www.cardinalhealth.com/en/cmp/ext/spp/oncology-cloud-platform.html: Error('Page.goto: net::ERR_HTTP2_PROTOCOL_ERROR at https://www.cardinalhealth.com/en/cmp/ext/spp/oncology-cloud-platform.html\nCall log:\n  - navigating to ""https://www.cardinalhealth.com/en/cmp/ext/spp/oncology-cloud-platform.html"", waiting until ""domcontentloaded""\n') | https://www.cardinalhealth.com/en/essential-insights/an-eye-on-growth-in-outpatient-hospital-services.html: Error('Page.goto: net::ERR_HTTP2_PROTOCOL_ERROR at https://www.cardinalhealth.com/en/essential-insights/an-eye-on-growth-in-outpatient-hospital-services.html\nCall log:\n  - navigating to ""https://www.cardinalhealth.com/en/essential-insights/an-eye-on-growth-in-outpatient-hospital-services.html"", waiting until ""domcontentloaded""\n') | https://www.cardinalhealth.com/en/essential-insights/importance-of-staff-training-for-proper-ppe-use.html: Error('Page.goto: net::ERR_HTTP2_PROTOCOL_ERROR at https://www.cardinalhealth.com/en/essential-insights/importance-of-staff-training-for-proper-ppe-use.html\nCall log:\n  - navigating to ""https://www.cardinalhealth.com/en/essential-insights/importance-of-staff-training-for-proper-ppe-use.html"", waiting until ""domcontentloaded""\n') | https://www.cardinalhealth.com/en/essential-insights/raising-vte-awareness.html: Error('Page.goto: net::ERR_HTTP2_PROTOCOL_ERROR at https://www.cardinalhealth.com/en/essential-insights/raising-vte-awareness.html\nCall log:\n  - navigating to ""https://www.cardinalhealth.com/en/essential-insights/raising-vte-awareness.html"", waiting until ""domcontentloaded""\n') | https://www.cardinalhealth.com/en/essential-insights/vte-cancer-raises-dvt-risk.html: Error('Page.goto: net::ERR_HTTP2_PROTOCOL_ERROR at https://www.cardinalhealth.com/en/essential-insights/vte-cancer-raises-dvt-risk.html\nCall log:\n  - navigating to ""https://www.cardinalhealth.com/en/essential-insights/vte-cancer-raises-dvt-risk.html"", waiting until ""domcontentloaded""\n') | https://www.cardinalhealth.com/en/essential-insights/vte-clinical-evidence-for-intermittent-pneumatic-compression.html: Error('Page.goto: net::ERR_HTTP2_PROTOCOL_ERROR at https://www.cardinalhealth.com/en/essential-insights/vte-clinical-evidence-for-intermittent-pneumatic-compression.html\nCall log:\n  - navigating to ""https://www.cardinalhealth.com/en/essential-insights/vte-clinical-evidence-for-intermittent-pneumatic-compression.html"", waiting until ""domcontentloaded""\n') | https://www.cardinalhealth.com/en/medical-affairs.html: Error('Page.goto: net::ERR_HTTP2_PROTOCOL_ERROR at https://www.cardinalhealth.com/en/medical-affairs.html\nCall log:\n  - navigating to ""https://www.cardinalhealth.com/en/medical-affairs.html"", waiting until ""domcontentloaded""\n') | https://www.cardinalhealth.com/en/medical-affairs/medical-products.html: Error('Page.goto: net::ERR_HTTP2_PROTOCOL_ERROR at https://www.cardinalhealth.com/en/medical-affairs/medical-products.html\nCall log:\n  - navigating to ""https://www.cardinalhealth.com/en/medical-affairs/medical-products.html"", waiting until ""domcontentloaded""\n') | https://www.cardinalhealth.com/en/medical-affairs/medical-products/continuing-education.html: Error('Page.goto: net::ERR_HTTP2_PROTOCOL_ERROR at https://www.cardinalhealth.com/en/medical-affairs/medical-products/continuing-education.html\nCall log:\n  - navigating to ""https://www.cardinalhealth.com/en/medical-affairs/medical-products/continuing-education.html"", waiting until ""domcontentloaded""\n')"
Carelon Research,925,https://www.carelonresearch.com/,curated_override,https://n1b.goexposoftware.com/events/ispor26/goExpo/exhibitor/viewExhibitorProfile.php?__id=84,28,5,5,
Castor,1007,https://www.castoredc.com/,curated_override,https://n1b.goexposoftware.com/events/ispor26/goExpo/exhibitor/viewExhibitorProfile.php?__id=125,35,35,35,
Cencora,517,https://www.cencora.com/,curated_override,https://n1b.goexposoftware.com/events/ispor26/goExpo/exhibitor/viewExhibitorProfile.php?__id=9,35,3,3,
"Certara, L.P.",911,https://www.certara.com/,curated_override,https://n1b.goexposoftware.com/events/ispor26/goExpo/exhibitor/viewExhibitorProfile.php?__id=44,35,18,18,
Clarivate,1042,https://clarivate.com/,curated_override,https://n1b.goexposoftware.com/events/ispor26/goExpo/exhibitor/viewExhibitorProfile.php?__id=120,35,5,5,
Clinigma,441,https://www.clinigma.com/,curated_override,https://n1b.goexposoftware.com/events/ispor26/goExpo/exhibitor/viewExhibitorProfile.php?__id=109,9,1,1,
CMap,1105,https://www.cmap.io/,curated_override,https://n1b.goexposoftware.com/events/ispor26/goExpo/exhibitor/viewExhibitorProfile.php?__id=147,35,35,35,
Columbia Data Analytics,511,https://columbiadataanalytics.com/,curated_override,https://n1b.goexposoftware.com/events/ispor26/goExpo/exhibitor/viewExhibitorProfile.php?__id=39,35,7,7,
ConnectHEOR,705,https://connectheor.com/,curated_override,https://n1b.goexposoftware.com/events/ispor26/goExpo/exhibitor/viewExhibitorProfile.php?__id=11,9,2,2,"https://connectheor.com/publication/current-scenario-of-scenario-analysis-in-health-economic-modelling-in-oncology-a-review-of-nice-appraisals/: Error('Page.goto: Download is starting\nCall log:\n  - navigating to ""https://connectheor.com/publication/current-scenario-of-scenario-analysis-in-health-economic-modelling-in-oncology-a-review-of-nice-appraisals/"", waiting until ""domcontentloaded""\n') | https://connectheor.com/publication/enhance-attribute-identification-with-ai-more-nuanced-and-resource-efficient-patient-preference-research-2/: TimeoutError('Page.goto: Timeout 18000ms exceeded.\nCall log:\n  - navigating to ""https://connectheor.com/publication/enhance-attribute-identification-with-ai-more-nuanced-and-resource-efficient-patient-preference-research-2/"", waiting until ""domcontentloaded""\n') | https://connectheor.com/publication/how-uncertain-is-uncertainty-testing-in-budget-impact-models/: Error('Page.goto: Download is starting\nCall log:\n  - navigating to ""https://connectheor.com/publication/how-uncertain-is-uncertainty-testing-in-budget-impact-models/"", waiting until ""domcontentloaded""\n')"
Core Clinical Sciences,537,https://www.coreclinicalsciences.com/,curated_override,https://n1b.goexposoftware.com/events/ispor26/goExpo/exhibitor/viewExhibitorProfile.php?__id=57,2,0,0,
Costello Medical,440,https://www.costellomedical.com/,curated_override,https://n1b.goexposoftware.com/events/ispor26/goExpo/exhibitor/viewExhibitorProfile.php?__id=88,35,6,6,
Curta,904,https://curta.com/,curated_override,https://n1b.goexposoftware.com/events/ispor26/goExpo/exhibitor/viewExhibitorProfile.php?__id=45,2,0,0,
CVS Healthspire,1016,https://www.cvshealthspire.com/life-sciences/research.html,curated_override,https://n1b.goexposoftware.com/events/ispor26/goExpo/exhibitor/viewExhibitorProfile.php?__id=12,24,0,0,
Cytel,1036,https://cytel.com/,curated_override,https://n1b.goexposoftware.com/events/ispor26/goExpo/exhibitor/viewExhibitorProfile.php?__id=85,35,0,0,
Datavant,617,https://www.datavant.com/,curated_override,https://n1b.goexposoftware.com/events/ispor26/goExpo/exhibitor/viewExhibitorProfile.php?__id=13,35,35,35,
DistillerSR Inc.,1031,https://www.distillersr.com/,curated_override,https://n1b.goexposoftware.com/events/ispor26/goExpo/exhibitor/viewExhibitorProfile.php?__id=42,35,35,35,
EasySLR,543,https://www.easyslr.com/,curated_override,https://n1b.goexposoftware.com/events/ispor26/goExpo/exhibitor/viewExhibitorProfile.php?__id=64,35,35,35,
EBM Health Consultants,643,https://ebmhealth.in/,curated_override,https://n1b.goexposoftware.com/events/ispor26/goExpo/exhibitor/viewExhibitorProfile.php?__id=58,6,0,0,
Elicit,1116,https://elicit.com/,curated_override,https://n1b.goexposoftware.com/events/ispor26/goExpo/exhibitor/viewExhibitorProfile.php?__id=72,6,6,6,
eMAX Health Systems,310,https://emaxhealth.net/,curated_override,https://n1b.goexposoftware.com/events/ispor26/goExpo/exhibitor/viewExhibitorProfile.php?__id=126,35,4,4,
"EntityRisk, Inc.",805,https://entityrisk.com/,curated_override,https://n1b.goexposoftware.com/events/ispor26/goExpo/exhibitor/viewExhibitorProfile.php?__id=34,8,2,2,
"EPI-Q, Inc.",1110,https://www.epi-q.com/,curated_override,https://n1b.goexposoftware.com/events/ispor26/goExpo/exhibitor/viewExhibitorProfile.php?__id=142,2,0,0,
EVERSANA,417,https://www.eversana.com/,curated_override,https://n1b.goexposoftware.com/events/ispor26/goExpo/exhibitor/viewExhibitorProfile.php?__id=14,35,35,35,
Evidencia Life Sciences,528,https://www.evisci.com/,curated_override,https://n1b.goexposoftware.com/events/ispor26/goExpo/exhibitor/viewExhibitorProfile.php?__id=51,3,0,0,
Flatiron,316,https://flatiron.com/,curated_override,https://n1b.goexposoftware.com/events/ispor26/goExpo/exhibitor/viewExhibitorProfile.php?__id=16,35,25,25,
Folia Health,642,https://www.foliahealth.com/,curated_override,https://n1b.goexposoftware.com/events/ispor26/goExpo/exhibitor/viewExhibitorProfile.php?__id=43,9,1,1,
Forian Inc.,638,https://forian.com/,curated_override,https://n1b.goexposoftware.com/events/ispor26/goExpo/exhibitor/viewExhibitorProfile.php?__id=47,8,0,0,
Frekil,439,https://www.frekil.com/,curated_override,https://n1b.goexposoftware.com/events/ispor26/goExpo/exhibitor/viewExhibitorProfile.php?__id=140,8,2,2,
GeneDx,837,https://www.genedx.com/,curated_override,https://n1b.goexposoftware.com/events/ispor26/goExpo/exhibitor/viewExhibitorProfile.php?__id=132,7,1,1,
Genesis Research Group,725,https://genesisrg.com/,curated_override,https://n1b.goexposoftware.com/events/ispor26/goExpo/exhibitor/viewExhibitorProfile.php?__id=15,20,10,10,
Guardian Research Network,835,https://www.guardianresearch.org/,curated_override,https://n1b.goexposoftware.com/events/ispor26/goExpo/exhibitor/viewExhibitorProfile.php?__id=113,5,1,1,
Guidehouse,905,https://guidehouse.com/,curated_override,https://n1b.goexposoftware.com/events/ispor26/goExpo/exhibitor/viewExhibitorProfile.php?__id=94,35,35,35,
Health Analytics LLC,536,https://www.healthanalytics.com/,curated_override,https://n1b.goexposoftware.com/events/ispor26/goExpo/exhibitor/viewExhibitorProfile.php?__id=133,29,2,2,
Health Catalyst,934,https://www.healthcatalyst.com/,curated_override,https://n1b.goexposoftware.com/events/ispor26/goExpo/exhibitor/viewExhibitorProfile.php?__id=99,35,15,15,
HealthVerity,1004,https://healthverity.com/,curated_override,https://n1b.goexposoftware.com/events/ispor26/goExpo/exhibitor/viewExhibitorProfile.php?__id=98,35,13,13,
"Icon Clinical Research, LLC",1017,https://www.iconplc.com/,curated_override,https://n1b.goexposoftware.com/events/ispor26/goExpo/exhibitor/viewExhibitorProfile.php?__id=48,35,15,15,
IMO Health,304,https://www.imohealth.com/,curated_override,https://n1b.goexposoftware.com/events/ispor26/goExpo/exhibitor/viewExhibitorProfile.php?__id=108,35,32,32,
Indence Health,433,https://www.indencehealth.com/,curated_override,https://n1b.goexposoftware.com/events/ispor26/goExpo/exhibitor/viewExhibitorProfile.php?__id=65,3,0,0,
Initiate Consultancy,810,https://www.initiateconsultancy.com/,curated_override,https://n1b.goexposoftware.com/events/ispor26/goExpo/exhibitor/viewExhibitorProfile.php?__id=17,24,4,4,
Inovalon Inc.,311,https://www.inovalon.com/,curated_override,https://n1b.goexposoftware.com/events/ispor26/goExpo/exhibitor/viewExhibitorProfile.php?__id=37,35,20,20,
IQVIA,531,https://www.iqvia.com/,curated_override,https://n1b.goexposoftware.com/events/ispor26/goExpo/exhibitor/viewExhibitorProfile.php?__id=32,35,26,26,
ISPOR,625,https://www.ispor.org/,curated_override,https://n1b.goexposoftware.com/events/ispor26/goExpo/exhibitor/viewExhibitorProfile.php?__id=4,35,35,35,
Keiji.AI,213,https://keiji.ai/,curated_override,https://n1b.goexposoftware.com/events/ispor26/goExpo/exhibitor/viewExhibitorProfile.php?__id=150,35,35,35,
Kielo Research,636,https://www.kieloresearch.com/,curated_override,https://n1b.goexposoftware.com/events/ispor26/goExpo/exhibitor/viewExhibitorProfile.php?__id=49,3,0,0,
KMK Consulting Inc.,217,https://kmkconsultinginc.com/,curated_override,https://n1b.goexposoftware.com/events/ispor26/goExpo/exhibitor/viewExhibitorProfile.php?__id=50,35,5,5,
Komodo Health,504,https://www.komodohealth.com/,curated_override,https://n1b.goexposoftware.com/events/ispor26/goExpo/exhibitor/viewExhibitorProfile.php?__id=35,35,34,34,
Limina,1038,https://www.getlimina.ai/,curated_override,https://n1b.goexposoftware.com/events/ispor26/goExpo/exhibitor/viewExhibitorProfile.php?__id=116,35,35,35,
Loopback Health,943,https://loopbackhealth.com/,curated_override,https://n1b.goexposoftware.com/events/ispor26/goExpo/exhibitor/viewExhibitorProfile.php?__id=131,6,0,0,
Lumanity,624,https://lumanity.com/,curated_override,https://n1b.goexposoftware.com/events/ispor26/goExpo/exhibitor/viewExhibitorProfile.php?__id=18,35,35,35,
MadeAi,641,https://madeai.com/,curated_override,https://n1b.goexposoftware.com/events/ispor26/goExpo/exhibitor/viewExhibitorProfile.php?__id=40,35,32,32,
Mapi Research Trust,1112,https://www.mapi-trust.org/,curated_override,https://n1b.goexposoftware.com/events/ispor26/goExpo/exhibitor/viewExhibitorProfile.php?__id=112,35,0,0,
MarketScan by Merative,411,https://www.merative.com/,curated_override,https://n1b.goexposoftware.com/events/ispor26/goExpo/exhibitor/viewExhibitorProfile.php?__id=86,35,12,12,
MArS Market Access & Pricing Strategy GmbH,926,https://marketaccess4-0.com/,curated_override,https://n1b.goexposoftware.com/events/ispor26/goExpo/exhibitor/viewExhibitorProfile.php?__id=92,23,22,22,
"Medicus Economics, LLC",827,https://www.medicuseconomics.com/,curated_override,https://n1b.goexposoftware.com/events/ispor26/goExpo/exhibitor/viewExhibitorProfile.php?__id=56,3,0,0,
MGB HIRO,932,https://www.mgbhiro.org/,curated_override,https://n1b.goexposoftware.com/events/ispor26/goExpo/exhibitor/viewExhibitorProfile.php?__id=81,2,0,0,
Model N,739,https://www.modeln.com/,curated_override,https://n1b.goexposoftware.com/events/ispor26/goExpo/exhibitor/viewExhibitorProfile.php?__id=76,35,34,34,
ModMed,1035,https://www.modmed.com/,curated_override,https://n1b.goexposoftware.com/events/ispor26/goExpo/exhibitor/viewExhibitorProfile.php?__id=106,35,33,33,
"Natera, Inc.",1011,https://www.natera.com/,curated_override,https://n1b.goexposoftware.com/events/ispor26/goExpo/exhibitor/viewExhibitorProfile.php?__id=110,33,4,4,
Nested Knowledge,427,https://about.nested-knowledge.com/,curated_override,https://n1b.goexposoftware.com/events/ispor26/goExpo/exhibitor/viewExhibitorProfile.php?__id=52,35,28,28,
nference,312,https://nference.com/,curated_override,https://n1b.goexposoftware.com/events/ispor26/goExpo/exhibitor/viewExhibitorProfile.php?__id=139,31,5,5,
Novellia,939,https://www.novellia.com/,curated_override,https://n1b.goexposoftware.com/events/ispor26/goExpo/exhibitor/viewExhibitorProfile.php?__id=136,1,0,0,
OM1,1025,https://www.om1.com/,curated_override,https://n1b.goexposoftware.com/events/ispor26/goExpo/exhibitor/viewExhibitorProfile.php?__id=38,21,19,19,
OMNY Health,435,https://www.omnyhealth.com/,curated_override,https://n1b.goexposoftware.com/events/ispor26/goExpo/exhibitor/viewExhibitorProfile.php?__id=96,24,24,24,
OneMedNet,526,https://www.onemednet.com/,curated_override,https://n1b.goexposoftware.com/events/ispor26/goExpo/exhibitor/viewExhibitorProfile.php?__id=5,35,28,28,
Ontada,410,https://www.ontada.com/,curated_override,https://n1b.goexposoftware.com/events/ispor26/goExpo/exhibitor/viewExhibitorProfile.php?__id=36,12,4,4,
OPEN Health,717,https://www.openhealthgroup.com/,curated_override,https://n1b.goexposoftware.com/events/ispor26/goExpo/exhibitor/viewExhibitorProfile.php?__id=19,35,26,26,
Optum (E),731,https://www.optum.com/,curated_override,https://n1b.goexposoftware.com/events/ispor26/goExpo/exhibitor/viewExhibitorProfile.php?__id=61,35,0,0,
Oracle Health and Life Sciences,633,https://www.oracle.com/health/,curated_override,https://n1b.goexposoftware.com/events/ispor26/goExpo/exhibitor/viewExhibitorProfile.php?__id=87,35,26,26,
Panalgo,711,https://panalgo.com/,curated_override,https://n1b.goexposoftware.com/events/ispor26/goExpo/exhibitor/viewExhibitorProfile.php?__id=21,8,5,5,
PAREXEL,716,https://www.parexel.com/,curated_override,https://n1b.goexposoftware.com/events/ispor26/goExpo/exhibitor/viewExhibitorProfile.php?__id=20,35,9,9,
PearlDiver Technologies,534,https://pearldiverinc.com/,curated_override,https://n1b.goexposoftware.com/events/ispor26/goExpo/exhibitor/viewExhibitorProfile.php?__id=146,4,0,0,
Penfield Search,1029,https://www.penfieldsearch.com/,curated_override,https://n1b.goexposoftware.com/events/ispor26/goExpo/exhibitor/viewExhibitorProfile.php?__id=117,24,0,0,
Peritia,540,https://peritia.com/,curated_override,https://n1b.goexposoftware.com/events/ispor26/goExpo/exhibitor/viewExhibitorProfile.php?__id=75,20,4,4,
Petauri,804,https://petauri.com/,curated_override,https://n1b.goexposoftware.com/events/ispor26/goExpo/exhibitor/viewExhibitorProfile.php?__id=22,13,4,4,"https://petauri.com/AI-SLR-doc/: Error('Page.goto: Download is starting\nCall log:\n  - navigating to ""https://petauri.com/AI-SLR-doc/"", waiting until ""domcontentloaded""\n')"
Pharmacoevidence Pvt. Ltd.,841,https://www.pharmacoevidence.com/,curated_override,https://n1b.goexposoftware.com/events/ispor26/goExpo/exhibitor/viewExhibitorProfile.php?__id=100,1,0,0,
PharmaQuant,405,https://www.pharmaquant.net/,curated_override,https://n1b.goexposoftware.com/events/ispor26/goExpo/exhibitor/viewExhibitorProfile.php?__id=41,1,0,0,
PhaseV,306,https://phasevtrials.com/,curated_override,https://n1b.goexposoftware.com/events/ispor26/goExpo/exhibitor/viewExhibitorProfile.php?__id=129,13,10,10,
Pienomial Inc,907,https://www.pienomial.com/,curated_override,https://n1b.goexposoftware.com/events/ispor26/goExpo/exhibitor/viewExhibitorProfile.php?__id=46,35,6,6,
PointClickCare,404,https://pointclickcare.com/,curated_override,https://n1b.goexposoftware.com/events/ispor26/goExpo/exhibitor/viewExhibitorProfile.php?__id=83,35,35,35,
PolicyMap,438,https://www.policymap.com/,curated_override,https://n1b.goexposoftware.com/events/ispor26/goExpo/exhibitor/viewExhibitorProfile.php?__id=121,2,1,1,
Precision AQ,610,https://www.precisionaq.com/,curated_override,https://n1b.goexposoftware.com/events/ispor26/goExpo/exhibitor/viewExhibitorProfile.php?__id=23,30,9,9,
Premier Applied Sciences,824,https://premierinc.com/real-world-evidence,curated_override,https://n1b.goexposoftware.com/events/ispor26/goExpo/exhibitor/viewExhibitorProfile.php?__id=24,35,10,10,
Red Nucleus,916,https://rednucleus.com/,curated_override,https://n1b.goexposoftware.com/events/ispor26/goExpo/exhibitor/viewExhibitorProfile.php?__id=25,5,2,2,
RTI Health Solutions,516,https://www.rtihs.org/,curated_override,https://n1b.goexposoftware.com/events/ispor26/goExpo/exhibitor/viewExhibitorProfile.php?__id=26,18,3,3,
SimulStat,836,https://www.simulstat.com/,curated_override,https://n1b.goexposoftware.com/events/ispor26/goExpo/exhibitor/viewExhibitorProfile.php?__id=63,6,3,3,
SmartStep Consulting GmbH,942,https://www.smartstep-consulting.de/,curated_override,https://n1b.goexposoftware.com/events/ispor26/goExpo/exhibitor/viewExhibitorProfile.php?__id=115,3,0,0,
Stage Analytics,833,https://stageanalytics.com/,curated_override,https://n1b.goexposoftware.com/events/ispor26/goExpo/exhibitor/viewExhibitorProfile.php?__id=62,21,2,2,
Stratevi,737,https://www.stratevi.com/,curated_override,https://n1b.goexposoftware.com/events/ispor26/goExpo/exhibitor/viewExhibitorProfile.php?__id=54,4,0,0,
Target RWE,1111,https://www.targetrwe.com/,curated_override,https://n1b.goexposoftware.com/events/ispor26/goExpo/exhibitor/viewExhibitorProfile.php?__id=144,35,1,1,
Tempus,1010,https://www.tempus.com/,curated_override,https://n1b.goexposoftware.com/events/ispor26/goExpo/exhibitor/viewExhibitorProfile.php?__id=89,35,27,27,
Thermo Fisher Scientific,611,https://www.thermofisher.com/us/en/home.html,curated_override,https://n1b.goexposoftware.com/events/ispor26/goExpo/exhibitor/viewExhibitorProfile.php?__id=27,35,1,1,
"TreeAge Software, Inc.",743,https://www.treeage.com/,curated_override,https://n1b.goexposoftware.com/events/ispor26/goExpo/exhibitor/viewExhibitorProfile.php?__id=55,21,0,0,"https://www.treeage.com/training2/webinars/attachment/screen-shot-2023-08-02-at-8-45-32-pm/: TargetClosedError('Page.goto: Target page, context or browser has been closed\nCall log:\n  - navigating to ""https://www.treeage.com/training2/webinars/attachment/screen-shot-2023-08-02-at-8-45-32-pm/"", waiting until ""domcontentloaded""\n') | https://www.treeage.com/training2/webinars/attachment/tpweb-front-end/: TargetClosedError('Page.goto: Target page, context or browser has been closed') | https://www.treeage.com/trial-download/attachment/tp-capabilities-thumbnail/: TargetClosedError('Page.goto: Target page, context or browser has been closed') | https://www.treeage.com/TrainingAgenda-HC-Adv-Online: TargetClosedError('Page.goto: Target page, context or browser has been closed') | https://www.treeage.com/software-download/treeage-pro-network/: TargetClosedError('Page.goto: Target page, context or browser has been closed') | http://www.treeage.com/TrainingAgenda-HC-Adv-Online: TargetClosedError('Page.goto: Target page, context or browser has been closed') | http://www.treeage.com/TrainingAgenda-HC-Online: TargetClosedError('Page.goto: Target page, context or browser has been closed') | https://treeage.com/training2/: TargetClosedError('Page.goto: Target page, context or browser has been closed')"
TriNetX,817,https://trinetx.com/,curated_override,https://n1b.goexposoftware.com/events/ispor26/goExpo/exhibitor/viewExhibitorProfile.php?__id=29,3,0,0,"https://trinetx.com/: Error('Page.screenshot: Protocol error (Page.captureScreenshot): Unable to capture screenshot\nCall log:\n  - taking page screenshot\n  - waiting for fonts to load...\n  - fonts loaded\n') | https://trinetx.com/blog/powering-clinical-research-innovation-how-trinetx-uses-databricks-to-accelerate-drug-development/: Error('Page.screenshot: Protocol error (Page.captureScreenshot): Unable to capture screenshot\nCall log:\n  - taking page screenshot\n  - waiting for fonts to load...\n  - fonts loaded\n') | https://trinetx.com/blog/trinetx-wins-the-clinical-trial-innovation-award-and-what-it-means-for-the-future-of-research/: TargetClosedError(""Page.screenshot: Target page, context or browser has been closed\nBrowser logs:\n\n[pid=81941][err] [0514/094856.130683:ERROR:content/public/browser/web_contents_delegate.cc:300] WebContentsDelegate::CheckMediaAccessPermission: Not supported.\n[pid=81941][err] [0514/094856.130700:ERROR:content/public/browser/web_contents_delegate.cc:300] WebContentsDelegate::CheckMediaAccessPermission: Not supported.\n[pid=81941][err] [0514/094857.311684:ERROR:content/public/browser/web_contents_delegate.cc:300] WebContentsDelegate::CheckMediaAccessPermission: Not supported.\n[pid=81941][err] [0514/094857.311699:ERROR:content/public/browser/web_contents_delegate.cc:300] WebContentsDelegate::CheckMediaAccessPermission: Not supported.\n[pid=81941][err] [0514/094857.625761:WARNING:net/spdy/spdy_session.cc:3074] Received HEADERS for invalid stream 7\n[pid=81941][err] [0514/094857.629549:WARNING:net/spdy/spdy_session.cc:3074] Received HEADERS for invalid stream 9\n[pid=81941][err] [0514/094858.783576:INFO:third_party/blink/renderer/modules/peerconnection/peer_connection_dependency_factory.cc:924] Running WebRTC with a combined Network and Worker thread.\n[pid=81941][err] [0514/094858.791114:WARNING:third_party/webrtc/pc/sdp_munging_detector.cc:444] SDP munging: rtcp-mux modified.\n[pid=81941][err] [0514/094858.960499:ERROR:content/public/browser/web_contents_delegate.cc:300] WebContentsDelegate::CheckMediaAccessPermission: Not supported.\n[pid=81941][err] [0514/094858.960518:ERROR:content/public/browser/web_contents_delegate.cc:300] WebContentsDelegate::CheckMediaAccessPermission: Not supported.\n[pid=81941][err] [0514/094900.908160:ERROR:content/public/browser/web_contents_delegate.cc:300] WebContentsDelegate::CheckMediaAccessPermission: Not supported.\n[pid=81941][err] [0514/094900.908176:ERROR:content/public/browser/web_contents_delegate.cc:300] WebContentsDelegate::CheckMediaAccessPermission: Not supported.\n[pid=81941][err] [0514/094903.085575:ERROR:content/public/browser/web_contents_delegate.cc:300] WebContentsDelegate::CheckMediaAccessPermission: Not supported.\n[pid=81941][err] [0514/094903.085604:ERROR:content/public/browser/web_contents_delegate.cc:300] WebContentsDelegate::CheckMediaAccessPermission: Not supported.\n[pid=81941][err] [0514/094903.796162:ERROR:ui/display/mac/cv_display_link_mac.mm:165] CVDisplayLinkCreateWithCGDisplay failed. CVReturn: -6670\n[pid=81941][err] [0514/094905.319943:ERROR:content/public/browser/web_contents_delegate.cc:300] WebContentsDelegate::CheckMediaAccessPermission: Not supported.\n[pid=81941][err] [0514/094905.319960:ERROR:content/public/browser/web_contents_delegate.cc:300] WebContentsDelegate::CheckMediaAccessPermission: Not supported.\n[pid=81941][err] [0514/094905.708395:WARNING:third_party/webrtc/media/engine/webrtc_voice_engine.cc:805] Attempting to stop aecdump when no audio processing module is present\n[pid=81941][err] [0514/094907.121585:ERROR:content/public/browser/web_contents_delegate.cc:300] WebContentsDelegate::CheckMediaAccessPermission: Not supported.\n[pid=81941][err] [0514/094907.121603:ERROR:content/public/browser/web_contents_delegate.cc:300] WebContentsDelegate::CheckMediaAccessPermission: Not supported.\n[pid=81941][err] [0514/094908.262990:ERROR:content/public/browser/web_contents_delegate.cc:300] WebContentsDelegate::CheckMediaAccessPermission: Not supported.\n[pid=81941][err] [0514/094908.263003:ERROR:content/public/browser/web_contents_delegate.cc:300] WebContentsDelegate::CheckMediaAccessPermission: Not supported.\n[pid=81941][err] [0514/094910.972279:ERROR:content/public/browser/web_contents_delegate.cc:300] WebContentsDelegate::CheckMediaAccessPermission: Not supported.\n[pid=81941][err] [0514/094910.972293:ERROR:content/public/browser/web_contents_delegate.cc:300] WebContentsDelegate::CheckMediaAccessPermission: Not supported.\n[pid=81941][err] [0514/094911.566830:ERROR:content/public/browser/web_contents_delegate.cc:300] WebContentsDelegate::CheckMediaAccessPermission: Not supported.\n[pid=81941][err] [0514/094911.566846:ERROR:content/public/browser/web_contents_delegate.cc:300] WebContentsDelegate::CheckMediaAccessPermission: Not supported.\n[pid=81941][err] [0514/094913.590379:WARNING:net/spdy/spdy_session.cc:3074] Received HEADERS for invalid stream 7\n[pid=81941][err] [0514/094913.725605:ERROR:content/public/browser/web_contents_delegate.cc:300] WebContentsDelegate::CheckMediaAccessPermission: Not supported.\n[pid=81941][err] [0514/094913.725624:ERROR:content/public/browser/web_contents_delegate.cc:300] WebContentsDelegate::CheckMediaAccessPermission: Not supported.\n[pid=81941][err] [0514/094914.894901:ERROR:content/public/browser/web_contents_delegate.cc:300] WebContentsDelegate::CheckMediaAccessPermission: Not supported.\n[pid=81941][err] [0514/094914.894915:ERROR:content/public/browser/web_contents_delegate.cc:300] WebContentsDelegate::CheckMediaAccessPermission: Not supported.\n[pid=81941][err] [0514/094916.747447:ERROR:content/public/browser/web_contents_delegate.cc:300] WebContentsDelegate::CheckMediaAccessPermission: Not supported.\n[pid=81941][err] [0514/094916.747462:ERROR:content/public/browser/web_contents_delegate.cc:300] WebContentsDelegate::CheckMediaAccessPermission: Not supported.\n[pid=81941][err] [0514/094918.259545:ERROR:content/public/browser/web_contents_delegate.cc:300] WebContentsDelegate::CheckMediaAccessPermission: Not supported.\n[pid=81941][err] [0514/094918.259560:ERROR:content/public/browser/web_contents_delegate.cc:300] WebContentsDelegate::CheckMediaAccessPermission: Not supported.\n[pid=81941][err] [0514/094919.934113:ERROR:content/public/browser/web_contents_delegate.cc:300] WebContentsDelegate::CheckMediaAccessPermission: Not supported.\n[pid=81941][err] [0514/094919.934152:ERROR:content/public/browser/web_contents_delegate.cc:300] WebContentsDelegate::CheckMediaAccessPermission: Not supported.\n[pid=81941][err] [0514/094922.142587:ERROR:content/public/browser/web_contents_delegate.cc:300] WebContentsDelegate::CheckMediaAccessPermission: Not supported.\n[pid=81941][err] [0514/094922.142602:ERROR:content/public/browser/web_contents_delegate.cc:300] WebContentsDelegate::CheckMediaAccessPermission: Not supported.\n[pid=81941][err] [0514/094923.345527:ERROR:ui/display/mac/cv_display_link_mac.mm:165] CVDisplayLinkCreateWithCGDisplay failed. CVReturn: -6670\n[pid=81941][err] [0514/094927.822575:ERROR:cc/tiles/tile_manager.cc:1005] WARNING: tile memory limits exceeded, some content may not draw\n[pid=81941][err] [0514/094927.823456:ERROR:cc/tiles/tile_manager.cc:1005] WARNING: tile memory limits exceeded, some content may not draw\n[pid=81941][err] [0514/094927.833225:ERROR:cc/tiles/tile_manager.cc:1005] WARNING: tile memory limits exceeded, some content may not draw\n[pid=81941][err] [0514/094927.833611:ERROR:cc/tiles/tile_manager.cc:1005] WARNING: tile memory limits exceeded, some content may not draw\n[pid=81941][err] [0514/094928.280375:ERROR:content/browser/gpu/gpu_process_host.cc:964] GPU process exited unexpectedly: exit_code=5\n[pid=81941][err] [0514/094928.280415:WARNING:content/browser/gpu/gpu_process_host.cc:1405] The GPU process has crashed 1 time(s)\n[pid=81941][err] [0514/094928.375940:WARNING:content/browser/gpu/gpu_process_host.cc:986] Reinitialized the GPU process after a crash. The reported initialization time was 64 ms\n[pid=81941][err] [0514/094928.438045:ERROR:ui/display/mac/cv_display_link_mac.mm:165] CVDisplayLinkCreateWithCGDisplay failed. CVReturn: -6670\n[pid=81941][err] [0514/094928.438550:ERROR:ui/display/mac/cv_display_link_mac.mm:165] CVDisplayLinkCreateWithCGDisplay failed. CVReturn: -6670\n[pid=81941][err] [0514/094928.694765:ERROR:cc/tiles/tile_manager.cc:1005] WARNING: tile memory limits exceeded, some content may not draw\n[pid=81941][err] [0514/094928.704983:ERROR:cc/tiles/tile_manager.cc:1005] WARNING: tile memory limits exceeded, some content may not draw\n[pid=81941][err] [0514/094928.705397:ERROR:cc/tiles/tile_manager.cc:1005] WARNING: tile memory limits exceeded, some content may not draw\n[pid=81941][err] [0514/094929.159888:ERROR:content/browser/gpu/gpu_process_host.cc:964] GPU process exited unexpectedly: exit_code=5\n[pid=81941][err] [0514/094929.159901:WARNING:content/browser/gpu/gpu_process_host.cc:1405] The GPU process has crashed 2 time(s)\n[pid=81941][err] [0514/094929.213735:WARNING:content/browser/gpu/gpu_process_host.cc:986] Reinitialized the GPU process after a crash. The reported initialization time was 33 ms\n[pid=81941][err] [0514/094929.248028:ERROR:ui/display/mac/cv_display_link_mac.mm:165] CVDisplayLinkCreateWithCGDisplay failed. CVReturn: -6670\n[pid=81941][err] [0514/094929.248568:ERROR:ui/display/mac/cv_display_link_mac.mm:165] CVDisplayLinkCreateWithCGDisplay failed. CVReturn: -6670\n[pid=81941][err] [0514/094933.830814:ERROR:cc/tiles/tile_manager.cc:1005] WARNING: tile memory limits exceeded, some content may not draw\n[pid=81941][err] [0514/094933.831727:ERROR:cc/tiles/tile_manager.cc:1005] WARNING: tile memory limits exceeded, some content may not draw\n[pid=81941][err] [0514/094933.836508:ERROR:cc/tiles/tile_manager.cc:1005] WARNING: tile memory limits exceeded, some content may not draw\n[pid=81941][err] [0514/094933.845424:ERROR:cc/tiles/tile_manager.cc:1005] WARNING: tile memory limits exceeded, some content may not draw\n[pid=81941][err] [0514/094933.848057:ERROR:cc/tiles/tile_manager.cc:1005] WARNING: tile memory limits exceeded, some content may not draw\n[pid=81941][err] [0514/094933.848444:ERROR:cc/tiles/tile_manager.cc:1005] WARNING: tile memory limits exceeded, some content may not draw\n[pid=81941][err] [0514/094933.902714:ERROR:cc/tiles/tile_manager.cc:1005] WARNING: tile memory limits exceeded, some content may not draw\n[pid=81941][err] [0514/094933.904400:ERROR:cc/tiles/tile_manager.cc:1005] WARNING: tile memory limits exceeded, some content may not draw\n[pid=81941][err] [0514/094934.921580:ERROR:content/browser/gpu/gpu_process_host.cc:964] GPU process exited unexpectedly: exit_code=5\n[pid=81941][err] [0514/094934.921603:WARNING:content/browser/gpu/gpu_process_host.cc:1405] The GPU process has crashed 3 time(s)\n[pid=81941][err] [0514/094935.007988:WARNING:content/browser/gpu/gpu_process_host.cc:986] Reinitialized the GPU process after a crash. The reported initialization time was 34 ms\n[pid=81941][err] [0514/094935.042410:ERROR:ui/display/mac/cv_display_link_mac.mm:165] CVDisplayLinkCreateWithCGDisplay failed. CVReturn: -6670\n[pid=81941][err] [0514/094935.043147:ERROR:ui/display/mac/cv_display_link_mac.mm:165] CVDisplayLinkCreateWithCGDisplay failed. CVReturn: -6670\n[pid=81941][err] [0514/094935.062171:ERROR:gpu/command_buffer/service/shared_image/shared_image_manager.cc:521] SharedImageManager::ProduceMemory: Trying to Produce a Memory representation from a non-existent mailbox.\n[pid=81941][err] [0514/094935.062190:ERROR:gpu/command_buffer/service/shared_image/shared_image_manager.cc:521] SharedImageManager::ProduceMemory: Trying to Produce a Memory representation from a non-existent mailbox.\n[pid=81941][err] [0514/094935.062192:ERROR:gpu/command_buffer/service/shared_image/shared_image_manager.cc:521] SharedImageManager::ProduceMemory: Trying to Produce a Memory representation from a non-existent mailbox.\n[pid=81941][err] [0514/094935.062195:ERROR:gpu/command_buffer/service/shared_image/shared_image_manager.cc:521] SharedImageManager::ProduceMemory: Trying to Produce a Memory representation from a non-existent mailbox.\n[pid=81941][err] [0514/094935.062201:ERROR:gpu/command_buffer/service/shared_image/shared_image_manager.cc:521] SharedImageManager::ProduceMemory: Trying to Produce a Memory representation from a non-existent mailbox.\n[pid=81941][err] [0514/094935.062203:ERROR:gpu/command_buffer/service/shared_image/shared_image_manager.cc:521] SharedImageManager::ProduceMemory: Trying to Produce a Memory representation from a non-existent mailbox.\n[pid=81941][err] [0514/094935.062205:ERROR:gpu/command_buffer/service/shared_image/shared_image_manager.cc:521] SharedImageManager::ProduceMemory: Trying to Produce a Memory representation from a non-existent mailbox.\n[pid=81941][err] [0514/094935.062206:ERROR:gpu/command_buffer/service/shared_image/shared_image_manager.cc:521] SharedImageManager::ProduceMemory: Trying to Produce a Memory representation from a non-existent mailbox.\n[pid=81941][err] [0514/094935.062208:ERROR:gpu/command_buffer/service/shared_image/shared_image_manager.cc:521] SharedImageManager::ProduceMemory: Trying to Produce a Memory representation from a non-existent mailbox.\n[pid=81941][err] [0514/094935.062210:ERROR:gpu/command_buffer/service/shared_image/shared_image_manager.cc:521] SharedImageManager::ProduceMemory: Trying to Produce a Memory representation from a non-existent mailbox.\n[pid=81941][err] [0514/094935.062211:ERROR:gpu/command_buffer/service/shared_image/shared_image_manager.cc:521] SharedImageManager::ProduceMemory: Trying to Produce a Memory representation from a non-existent mailbox.\n[pid=81941][err] [0514/094935.062213:ERROR:gpu/command_buffer/service/shared_image/shared_image_manager.cc:521] SharedImageManager::ProduceMemory: Trying to Produce a Memory representation from a non-existent mailbox.\n[pid=81941][err] [0514/094935.062328:ERROR:gpu/command_buffer/service/shared_image/shared_image_manager.cc:521] SharedImageManager::ProduceMemory: Trying to Produce a Memory representation from a non-existent mailbox.\n[pid=81941][err] [0514/094935.062331:ERROR:gpu/command_buffer/service/shared_image/shared_image_manager.cc:521] SharedImageManager::ProduceMemory: Trying to Produce a Memory representation from a non-existent mailbox.\n[pid=81941][err] [0514/094935.062333:ERROR:gpu/command_buffer/service/shared_image/shared_image_manager.cc:521] SharedImageManager::ProduceMemory: Trying to Produce a Memory representation from a non-existent mailbox.\n[pid=81941][err] [0514/094935.062334:ERROR:gpu/command_buffer/service/shared_image/shared_image_manager.cc:521] SharedImageManager::ProduceMemory: Trying to Produce a Memory representation from a non-existent mailbox.\n[pid=81941][err] [0514/094935.062336:ERROR:gpu/command_buffer/service/shared_image/shared_image_manager.cc:521] SharedImageManager::ProduceMemory: Trying to Produce a Memory representation from a non-existent mailbox.\n[pid=81941][err] [0514/094935.062337:ERROR:gpu/command_buffer/service/shared_image/shared_image_manager.cc:521] SharedImageManager::ProduceMemory: Trying to Produce a Memory representation from a non-existent mailbox.\n[pid=81941][err] [0514/094935.062339:ERROR:gpu/command_buffer/service/shared_image/shared_image_manager.cc:521] SharedImageManager::ProduceMemory: Trying to Produce a Memory representation from a non-existent mailbox.\n[pid=81941][err] [0514/094935.062341:ERROR:gpu/command_buffer/service/shared_image/shared_image_manager.cc:521] SharedImageManager::ProduceMemory: Trying to Produce a Memory representation from a non-existent mailbox.\n[pid=81941][err] [0514/094935.062342:ERROR:gpu/command_buffer/service/shared_image/shared_image_manager.cc:521] SharedImageManager::ProduceMemory: Trying to Produce a Memory representation from a non-existent mailbox.\n[pid=81941][err] [0514/094935.062344:ERROR:gpu/command_buffer/service/shared_image/shared_image_manager.cc:521] SharedImageManager::ProduceMemory: Trying to Produce a Memory representation from a non-existent mailbox.\n[pid=81941][err] [0514/094935.062346:ERROR:gpu/command_buffer/service/shared_image/shared_image_manager.cc:521] SharedImageManager::ProduceMemory: Trying to Produce a Memory representation from a non-existent mailbox.\n[pid=81941][err] [0514/094935.062347:ERROR:gpu/command_buffer/service/shared_image/shared_image_manager.cc:521] SharedImageManager::ProduceMemory: Trying to Produce a Memory representation from a non-existent mailbox.\n[pid=81941][err] [0514/094935.062349:ERROR:gpu/command_buffer/service/shared_image/shared_image_manager.cc:521] SharedImageManager::ProduceMemory: Trying to Produce a Memory representation from a non-existent mailbox.\n[pid=81941][err] [0514/094935.062350:ERROR:gpu/command_buffer/service/shared_image/shared_image_manager.cc:521] SharedImageManager::ProduceMemory: Trying to Produce a Memory representation from a non-existent mailbox.\n[pid=81941][err] [0514/094935.062352:ERROR:gpu/command_buffer/service/shared_image/shared_image_manager.cc:521] SharedImageManager::ProduceMemory: Trying to Produce a Memory representation from a non-existent mailbox.\n[pid=81941][err] [0514/094935.062354:ERROR:gpu/command_buffer/service/shared_image/shared_image_manager.cc:521] SharedImageManager::ProduceMemory: Trying to Produce a Memory representation from a non-existent mailbox.\n[pid=81941][err] [0514/094935.062355:ERROR:gpu/command_buffer/service/shared_image/shared_image_manager.cc:521] SharedImageManager::ProduceMemory: Trying to Produce a Memory representation from a non-existent mailbox.\n[pid=81941][err] [0514/094935.062357:ERROR:gpu/command_buffer/service/shared_image/shared_image_manager.cc:521] SharedImageManager::ProduceMemory: Trying to Produce a Memory representation from a non-existent mailbox.\n[pid=81941][err] [0514/094935.062358:ERROR:gpu/command_buffer/service/shared_image/shared_image_manager.cc:521] SharedImageManager::ProduceMemory: Trying to Produce a Memory representation from a non-existent mailbox.\n[pid=81941][err] [0514/094935.062360:ERROR:gpu/command_buffer/service/shared_image/shared_image_manager.cc:521] SharedImageManager::ProduceMemory: Trying to Produce a Memory representation from a non-existent mailbox.\n[pid=81941][err] [0514/094935.062362:ERROR:gpu/command_buffer/service/shared_image/shared_image_manager.cc:521] SharedImageManager::ProduceMemory: Trying to Produce a Memory representation from a non-existent mailbox.\n[pid=81941][err] [0514/094935.062363:ERROR:gpu/command_buffer/service/shared_image/shared_image_manager.cc:521] SharedImageManager::ProduceMemory: Trying to Produce a Memory representation from a non-existent mailbox.\n[pid=81941][err] [0514/094935.062365:ERROR:gpu/command_buffer/service/shared_image/shared_image_manager.cc:521] SharedImageManager::ProduceMemory: Trying to Produce a Memory representation from a non-existent mailbox.\n[pid=81941][err] [0514/094935.078636:ERROR:gpu/command_buffer/service/shared_image/shared_image_manager.cc:521] SharedImageManager::ProduceMemory: Trying to Produce a Memory representation from a non-existent mailbox.\n[pid=81941][err] [0514/094935.078659:ERROR:gpu/command_buffer/service/shared_image/shared_image_manager.cc:521] SharedImageManager::ProduceMemory: Trying to Produce a Memory representation from a non-existent mailbox.\n[pid=81941][err] [0514/094935.078665:ERROR:gpu/command_buffer/service/shared_image/shared_image_manager.cc:521] SharedImageManager::ProduceMemory: Trying to Produce a Memory representation from a non-existent mailbox.\n[pid=81941][err] [0514/094935.078667:ERROR:gpu/command_buffer/service/shared_image/shared_image_manager.cc:521] SharedImageManager::ProduceMemory: Trying to Produce a Memory representation from a non-existent mailbox.\n[pid=81941][err] [0514/094935.078669:ERROR:gpu/command_buffer/service/shared_image/shared_image_manager.cc:521] SharedImageManager::ProduceMemory: Trying to Produce a Memory representation from a non-existent mailbox.\n[pid=81941][err] [0514/094935.078671:ERROR:gpu/command_buffer/service/shared_image/shared_image_manager.cc:521] SharedImageManager::ProduceMemory: Trying to Produce a Memory representation from a non-existent mailbox.\n[pid=81941][err] [0514/094935.078673:ERROR:gpu/command_buffer/service/shared_image/shared_image_manager.cc:521] SharedImageManager::ProduceMemory: Trying to Produce a Memory representation from a non-existent mailbox.\n[pid=81941][err] [0514/094935.078675:ERROR:gpu/command_buffer/service/shared_image/shared_image_manager.cc:521] SharedImageManager::ProduceMemory: Trying to Produce a Memory representation from a non-existent mailbox.\n[pid=81941][err] [0514/094935.078677:ERROR:gpu/command_buffer/service/shared_image/shared_image_manager.cc:521] SharedImageManager::ProduceMemory: Trying to Produce a Memory representation from a non-existent mailbox.\n[pid=81941][err] [0514/094935.078681:ERROR:gpu/command_buffer/service/shared_image/shared_image_manager.cc:521] SharedImageManager::ProduceMemory: Trying to Produce a Memory representation from a non-existent mailbox.\n[pid=81941][err] [0514/094935.078683:ERROR:gpu/command_buffer/service/shared_image/shared_image_manager.cc:521] SharedImageManager::ProduceMemory: Trying to Produce a Memory representation from a non-existent mailbox.\n[pid=81941][err] [0514/094935.078685:ERROR:gpu/command_buffer/service/shared_image/shared_image_manager.cc:521] SharedImageManager::ProduceMemory: Trying to Produce a Memory representation from a non-existent mailbox.\n[pid=81941][err] [0514/094935.209590:ERROR:cc/tiles/tile_manager.cc:1005] WARNING: tile memory limits exceeded, some content may not draw\n[pid=81941][err] [0514/094935.221875:ERROR:cc/tiles/tile_manager.cc:1005] WARNING: tile memory limits exceeded, some content may not draw\n[pid=81941][err] [0514/094935.222151:ERROR:cc/tiles/tile_manager.cc:1005] WARNING: tile memory limits exceeded, some content may not draw\n[pid=81941][err] [0514/094935.732018:ERROR:content/browser/gpu/gpu_process_host.cc:964] GPU process exited unexpectedly: exit_code=5\n[pid=81941][err] [0514/094935.732056:WARNING:content/browser/gpu/gpu_process_host.cc:1405] The GPU process has crashed 4 time(s)\n[pid=81941][err] [0514/094935.764608:WARNING:content/browser/gpu/gpu_process_host.cc:986] Reinitialized the GPU process after a crash. The reported initialization time was 0 ms\n[pid=81941][err] [0514/094935.765002:ERROR:services/video_capture/video_capture_service_impl.cc:190] Bind context provider failed.\n[pid=81941][err] [0514/094935.791497:ERROR:ui/display/mac/cv_display_link_mac.mm:165] CVDisplayLinkCreateWithCGDisplay failed. CVReturn: -6670\n[pid=81941][err] [0514/094935.791962:ERROR:ui/display/mac/cv_display_link_mac.mm:165] CVDisplayLinkCreateWithCGDisplay failed. CVReturn: -6670\n[pid=81941][err] [0514/094935.981204:ERROR:cc/tiles/tile_manager.cc:1005] WARNING: tile memory limits exceeded, some content may not draw\n[pid=81941][err] [0514/094935.992715:ERROR:cc/tiles/tile_manager.cc:1005] WARNING: tile memory limits exceeded, some content may not draw\n[pid=81941][err] [0514/094935.993133:ERROR:cc/tiles/tile_manager.cc:1005] WARNING: tile memory limits exceeded, some content may not draw\n[pid=81941][err] [0514/094936.625115:ERROR:content/browser/gpu/gpu_process_host.cc:964] GPU process exited unexpectedly: exit_code=5\n[pid=81941][err] [0514/094936.625129:WARNING:content/browser/gpu/gpu_process_host.cc:1405] The GPU process has crashed 5 time(s)\n[pid=81941][err] [0514/094936.748753:WARNING:content/browser/gpu/gpu_process_host.cc:986] Reinitialized the GPU process after a crash. The reported initialization time was 0 ms\n[pid=81941][err] [0514/094936.814012:ERROR:ui/display/mac/cv_display_link_mac.mm:165] CVDisplayLinkCreateWithCGDisplay failed. CVReturn: -6670\n[pid=81941][err] [0514/094936.814427:ERROR:ui/display/mac/cv_display_link_mac.mm:165] CVDisplayLinkCreateWithCGDisplay failed. CVReturn: -6670\n[pid=81941][err] [0514/094937.215288:WARNING:net/spdy/spdy_session.cc:3074] Received HEADERS for invalid stream 67\n[pid=81941][err] [0514/094939.437093:ERROR:cc/tiles/tile_manager.cc:1005] WARNING: tile memory limits exceeded, some content may not draw\n[pid=81941][err] [0514/094939.438231:ERROR:cc/tiles/tile_manager.cc:1005] WARNING: tile memory limits exceeded, some content may not draw\n[pid=81941][err] [0514/094939.449232:ERROR:cc/tiles/tile_manager.cc:1005] WARNING: tile memory limits exceeded, some content may not draw\n[pid=81941][err] [0514/094939.449630:ERROR:cc/tiles/tile_manager.cc:1005] WARNING: tile memory limits exceeded, some content may not draw\n[pid=81941][err] [0514/094940.071341:ERROR:content/browser/gpu/gpu_process_host.cc:964] GPU process exited unexpectedly: exit_code=5\n[pid=81941][err] [0514/094940.071504:WARNING:content/browser/gpu/gpu_process_host.cc:1405] The GPU process has crashed 6 time(s)\n[pid=81941][err] [0514/094940.190485:WARNING:content/browser/gpu/gpu_process_host.cc:986] Reinitialized the GPU process after a crash. The reported initialization time was 0 ms\n[pid=81941][err] [0514/094940.247395:ERROR:ui/display/mac/cv_display_link_mac.mm:165] CVDisplayLinkCreateWithCGDisplay failed. CVReturn: -6670\n[pid=81941][err] [0514/094940.253675:ERROR:ui/display/mac/cv_display_link_mac.mm:165] CVDisplayLinkCreateWithCGDisplay failed. CVReturn: -6670\n[pid=81941][err] [0514/094940.519866:ERROR:cc/tiles/tile_manager.cc:1005] WARNING: tile memory limits exceeded, some content may not draw\n[pid=81941][err] [0514/094940.530108:ERROR:cc/tiles/tile_manager.cc:1005] WARNING: tile memory limits exceeded, some content may not draw\n[pid=81941][err] [0514/094940.530542:ERROR:cc/tiles/tile_manager.cc:1005] WARNING: tile memory limits exceeded, some content may not draw\n[pid=81941][err] [0514/094941.027314:ERROR:content/browser/gpu/gpu_process_host.cc:964] GPU process exited unexpectedly: exit_code=5\n[pid=81941][err] [0514/094941.027347:WARNING:content/browser/gpu/gpu_process_host.cc:1405] The GPU process has crashed 7 time(s)\n[pid=81941][err] [0514/094941.027353:FATAL:content/browser/gpu/gpu_data_manager_impl_private.cc:415] GPU process isn't usable. Goodbye.\nCall log:\n  - taking page screenshot\n  - waiting for fonts to load...\n  - fonts loaded\n"") | https://trinetx.com/data-sets-analytics/: TargetClosedError('Page.goto: Target page, context or browser has been closed') | https://trinetx.com/products/consulting-services/tnxogmbh/: TargetClosedError('Page.goto: Target page, context or browser has been closed') | https://trinetx.com/solutions/live-platform/: TargetClosedError('Page.goto: Target page, context or browser has been closed') | https://trinetx.com/solutions/tnxogmbh/: TargetClosedError('Page.goto: Target page, context or browser has been closed') | https://trinetx.com/press-releases/trinetx-unveils-conversational-ai-interface-and-enhanced-api-capabilities/: TargetClosedError('Page.goto: Target page, context or browser has been closed') | https://trinetx.com/blog/trinetx-named-best-of-show-finalist-at-scope-advancing-clinical-trial-planning-with-conversational-ai-and-enhanced-api-capabilities/: TargetClosedError('Page.goto: Target page, context or browser has been closed') | https://trinetx.com/press-releases/trinetx-named-among-the-top-25-healthcare-software-companies-of-2025/: TargetClosedError('Page.goto: Target page, context or browser has been closed')"
Trinity Life Sciences,1117,https://trinitylifesciences.com/,curated_override,https://n1b.goexposoftware.com/events/ispor26/goExpo/exhibitor/viewExhibitorProfile.php?__id=130,25,25,25,
Truveta,505,https://www.truveta.com/,curated_override,https://n1b.goexposoftware.com/events/ispor26/goExpo/exhibitor/viewExhibitorProfile.php?__id=28,25,15,15,
United BioSource LLC (UBC),317,https://ubc.com/,curated_override,https://n1b.goexposoftware.com/events/ispor26/goExpo/exhibitor/viewExhibitorProfile.php?__id=103,24,6,6,
Value Analytics Labs,917,https://www.valueanalyticslabs.com/,curated_override,https://n1b.goexposoftware.com/events/ispor26/goExpo/exhibitor/viewExhibitorProfile.php?__id=30,25,25,25,
Veradigm,742,https://veradigm.com/,curated_override,https://n1b.goexposoftware.com/events/ispor26/goExpo/exhibitor/viewExhibitorProfile.php?__id=31,25,8,8,
Verana Health,1005,https://veranahealth.com/,curated_override,https://n1b.goexposoftware.com/events/ispor26/goExpo/exhibitor/viewExhibitorProfile.php?__id=97,25,25,25,
"Verantos, Inc.",406,https://verantos.com/,curated_override,https://n1b.goexposoftware.com/events/ispor26/goExpo/exhibitor/viewExhibitorProfile.php?__id=59,25,1,1,
Viver Health LLC,1104,https://www.viverhealth.com/,curated_override,https://n1b.goexposoftware.com/events/ispor26/goExpo/exhibitor/viewExhibitorProfile.php?__id=145,1,1,1,
Wickenstones Ltd,840,https://www.wickenstones.com/,curated_override,https://n1b.goexposoftware.com/events/ispor26/goExpo/exhibitor/viewExhibitorProfile.php?__id=77,1,0,0,
