category,effective_time,matched_dictionary_terms,published_date,query,setid,source_id,source_status,title,url
safety_tolerability,,Novo Nordisk; Wegovy; semaglutide,"May 22, 2026",Wegovy,ee06186f-2aa3-4990-a760-757579d8f77b,dailymed_labels,collected,"WEGOVY (SEMAGLUTIDE) INJECTION, SOLUTION WEGOVY (SEMAGLUTIDE) TABLET [NOVO NORDISK PHARMACEUTICAL INDUSTRIES, LP]",https://dailymed.nlm.nih.gov/dailymed/drugInfo.cfm?setid=ee06186f-2aa3-4990-a760-757579d8f77b
safety_tolerability,,Wegovy; semaglutide,"Apr 25, 2024",Wegovy,f5e548d0-cc79-4c34-a3f5-e20a5b8b6564,dailymed_labels,collected,"WEGOVY (SEMAGLUTIDE) INJECTION, SOLUTION [A-S MEDICATION SOLUTIONS]",https://dailymed.nlm.nih.gov/dailymed/drugInfo.cfm?setid=f5e548d0-cc79-4c34-a3f5-e20a5b8b6564
safety_tolerability,,Novo Nordisk; Ozempic; semaglutide,"May 21, 2026",Ozempic,adec4fd2-6858-4c99-91d4-531f5f2a2d79,dailymed_labels,collected,"OZEMPIC (SEMAGLUTIDE) INJECTION, SOLUTION [NOVO NORDISK PHARMACEUTICAL INDUSTRIES, LP]",https://dailymed.nlm.nih.gov/dailymed/drugInfo.cfm?setid=adec4fd2-6858-4c99-91d4-531f5f2a2d79
safety_tolerability,,Novo Nordisk; Ozempic; Rybelsus; semaglutide,"May 20, 2026",Ozempic,27f15fac-7d98-4114-a2ec-92494a91da98,dailymed_labels,collected,"OZEMPIC (ORAL SEMAGLUTIDE) TABLET RYBELSUS (ORAL SEMAGLUTIDE) TABLET [NOVO NORDISK PHARMACEUTICAL INDUSTRIES, LP]",https://dailymed.nlm.nih.gov/dailymed/drugInfo.cfm?setid=27f15fac-7d98-4114-a2ec-92494a91da98
safety_tolerability,,Ozempic; semaglutide,"Nov 23, 2023",Ozempic,979e4df4-0597-48ea-b51c-0f699fa6d166,dailymed_labels,collected,"OZEMPIC (SEMAGLUTIDE) INJECTION, SOLUTION [A-S MEDICATION SOLUTIONS]",https://dailymed.nlm.nih.gov/dailymed/drugInfo.cfm?setid=979e4df4-0597-48ea-b51c-0f699fa6d166
safety_tolerability,,Ozempic; semaglutide,"Nov 20, 2023",Ozempic,e6da837c-0da0-41d6-973c-5559bf764367,dailymed_labels,collected,"OZEMPIC (SEMAGLUTIDE) INJECTION, SOLUTION [A-S MEDICATION SOLUTIONS]",https://dailymed.nlm.nih.gov/dailymed/drugInfo.cfm?setid=e6da837c-0da0-41d6-973c-5559bf764367
safety_tolerability,,Ozempic; semaglutide,"Jan 19, 2021",Ozempic,35902e95-e00c-47ae-8f4e-ba17d41881ce,dailymed_labels,collected,"OZEMPIC (SEMAGLUTIDE) INJECTION, SOLUTION [A-S MEDICATION SOLUTIONS]",https://dailymed.nlm.nih.gov/dailymed/drugInfo.cfm?setid=35902e95-e00c-47ae-8f4e-ba17d41881ce
safety_tolerability,,Ozempic; semaglutide,"Sep 18, 2020",Ozempic,fdf509ac-7ae5-49be-9a3e-8465c76f38e1,dailymed_labels,collected,"OZEMPIC (SEMAGLUTIDE) INJECTION, SOLUTION [A-S MEDICATION SOLUTIONS]",https://dailymed.nlm.nih.gov/dailymed/drugInfo.cfm?setid=fdf509ac-7ae5-49be-9a3e-8465c76f38e1
safety_tolerability,,Eli Lilly; Zepbound; tirzepatide,"May 06, 2026",Zepbound,487cd7e7-434c-4925-99fa-aa80b1cc776b,dailymed_labels,collected,"ZEPBOUND (TIRZEPATIDE) INJECTION, SOLUTION ZEPBOUND (TIRZEPATIDE) INJECTION, SOLUTION ZEPBOUND KWIKPEN (TIRZEPATIDE) INJECTION, SOLUTION [ELI LILLY AND COMPANY]",https://dailymed.nlm.nih.gov/dailymed/drugInfo.cfm?setid=487cd7e7-434c-4925-99fa-aa80b1cc776b
safety_tolerability,,Eli Lilly; Mounjaro; tirzepatide,"May 06, 2026",Mounjaro,d2d7da5d-ad07-4228-955f-cf7e355c8cc0,dailymed_labels,collected,"MOUNJARO (TIRZEPATIDE) INJECTION, SOLUTION MOUNJARO KWIKPEN (TIRZEPATIDE) INJECTION, SOLUTION [ELI LILLY AND COMPANY]",https://dailymed.nlm.nih.gov/dailymed/drugInfo.cfm?setid=d2d7da5d-ad07-4228-955f-cf7e355c8cc0
safety_tolerability,,Novo Nordisk; Saxenda; liraglutide,"Mar 11, 2026",Saxenda,3946d389-0926-4f77-a708-0acb8153b143,dailymed_labels,collected,"SAXENDA (LIRAGLUTIDE) INJECTION, SOLUTION [NOVO NORDISK]",https://dailymed.nlm.nih.gov/dailymed/drugInfo.cfm?setid=3946d389-0926-4f77-a708-0acb8153b143
safety_tolerability,,Saxenda; liraglutide,"Jan 31, 2024",Saxenda,7b11f6ac-4c27-4748-9e65-22d4cf3adfb4,dailymed_labels,collected,"SAXENDA (LIRAGLUTIDE) INJECTION, SOLUTION [A-S MEDICATION SOLUTIONS]",https://dailymed.nlm.nih.gov/dailymed/drugInfo.cfm?setid=7b11f6ac-4c27-4748-9e65-22d4cf3adfb4
safety_tolerability,,Novo Nordisk; Victoza; liraglutide,"Nov 17, 2025",Victoza,5a9ef4ea-c76a-4d34-a604-27c5b505f5a4,dailymed_labels,collected,VICTOZA (LIRAGLUTIDE) INJECTION [NOVO NORDISK],https://dailymed.nlm.nih.gov/dailymed/drugInfo.cfm?setid=5a9ef4ea-c76a-4d34-a604-27c5b505f5a4
safety_tolerability,,Victoza; liraglutide,"Feb 08, 2023",Victoza,1d18f106-0584-4fee-97ab-32771a64b809,dailymed_labels,collected,VICTOZA (LIRAGLUTIDE) INJECTION [A-S MEDICATION SOLUTIONS],https://dailymed.nlm.nih.gov/dailymed/drugInfo.cfm?setid=1d18f106-0584-4fee-97ab-32771a64b809
safety_tolerability,,Victoza; liraglutide,"Feb 08, 2023",Victoza,35e613e3-7aae-4152-b827-99d1ee7841be,dailymed_labels,collected,VICTOZA (LIRAGLUTIDE) INJECTION [A-S MEDICATION SOLUTIONS],https://dailymed.nlm.nih.gov/dailymed/drugInfo.cfm?setid=35e613e3-7aae-4152-b827-99d1ee7841be
safety_tolerability,,Eli Lilly; Trulicity; dulaglutide,"Mar 25, 2026",Trulicity,463050bd-2b1c-40f5-b3c3-0a04bb433309,dailymed_labels,collected,"TRULICITY (DULAGLUTIDE) INJECTION, SOLUTION [ELI LILLY AND COMPANY]",https://dailymed.nlm.nih.gov/dailymed/drugInfo.cfm?setid=463050bd-2b1c-40f5-b3c3-0a04bb433309
safety_tolerability,,Trulicity; dulaglutide,"Jul 07, 2025",Trulicity,af4e38a6-ad3f-480c-ae82-5ac6c7735b99,dailymed_labels,collected,"TRULICITY (DULAGLUTIDE) INJECTION, SOLUTION [A-S MEDICATION SOLUTIONS]",https://dailymed.nlm.nih.gov/dailymed/drugInfo.cfm?setid=af4e38a6-ad3f-480c-ae82-5ac6c7735b99
safety_tolerability,,Trulicity; dulaglutide,"Dec 13, 2023",Trulicity,58353438-3236-4596-9324-62fed9615cb7,dailymed_labels,collected,"TRULICITY (DULAGLUTIDE) INJECTION, SOLUTION [A-S MEDICATION SOLUTIONS]",https://dailymed.nlm.nih.gov/dailymed/drugInfo.cfm?setid=58353438-3236-4596-9324-62fed9615cb7
safety_tolerability,,Trulicity; dulaglutide,"Dec 11, 2023",Trulicity,6088c732-afa1-4fee-9206-22e52baf4731,dailymed_labels,collected,"TRULICITY (DULAGLUTIDE) INJECTION, SOLUTION [A-S MEDICATION SOLUTIONS]",https://dailymed.nlm.nih.gov/dailymed/drugInfo.cfm?setid=6088c732-afa1-4fee-9206-22e52baf4731
safety_tolerability,,Trulicity; dulaglutide,"Aug 07, 2023",Trulicity,0a4716d0-9c9c-4bc3-a8f1-6784599aae89,dailymed_labels,collected,"TRULICITY (DULAGLUTIDE) INJECTION, SOLUTION [A-S MEDICATION SOLUTIONS]",https://dailymed.nlm.nih.gov/dailymed/drugInfo.cfm?setid=0a4716d0-9c9c-4bc3-a8f1-6784599aae89
safety_tolerability,,Trulicity; dulaglutide,"May 04, 2023",Trulicity,80d1e766-fefc-44b4-bec9-c7b0198ec08f,dailymed_labels,collected,"TRULICITY (DULAGLUTIDE) INJECTION, SOLUTION [A-S MEDICATION SOLUTIONS]",https://dailymed.nlm.nih.gov/dailymed/drugInfo.cfm?setid=80d1e766-fefc-44b4-bec9-c7b0198ec08f
safety_tolerability,,Trulicity; dulaglutide,"May 04, 2023",Trulicity,a923e467-fea3-431c-b7e4-c9669af607b7,dailymed_labels,collected,"TRULICITY (DULAGLUTIDE) INJECTION, SOLUTION [A-S MEDICATION SOLUTIONS]",https://dailymed.nlm.nih.gov/dailymed/drugInfo.cfm?setid=a923e467-fea3-431c-b7e4-c9669af607b7
safety_tolerability,,Byetta; exenatide,"Sep 08, 2025",Byetta,53d03c03-ebf7-418d-88a8-533eabd2ee4f,dailymed_labels,collected,BYETTA (EXENATIDE) INJECTION [ASTRAZENECA PHARMACEUTICALS LP],https://dailymed.nlm.nih.gov/dailymed/drugInfo.cfm?setid=53d03c03-ebf7-418d-88a8-533eabd2ee4f
safety_tolerability,,Byetta; exenatide,"Mar 14, 2012",Byetta,c621d002-b7bf-4f3a-af68-4f70fd298d05,dailymed_labels,collected,"BYETTA (EXENATIDE) INJECTION [PHYSICIANS TOTAL CARE, INC.]",https://dailymed.nlm.nih.gov/dailymed/drugInfo.cfm?setid=c621d002-b7bf-4f3a-af68-4f70fd298d05
safety_tolerability,,Soliqua; Soliqua 100/33; insulin glargine and lixisenatide; lixisenatide,"Mar 20, 2026",Soliqua,4bba538b-cf7c-4310-ae8f-cb711ed21bcc,dailymed_labels,collected,"SOLIQUA 100/33 (INSULIN GLARGINE AND LIXISENATIDE) INJECTION, SOLUTION [SANOFI-AVENTIS U.S. LLC]",https://dailymed.nlm.nih.gov/dailymed/drugInfo.cfm?setid=4bba538b-cf7c-4310-ae8f-cb711ed21bcc
safety_tolerability,,Novo Nordisk; Xultophy; Xultophy 100/3.6; insulin degludec and liraglutide; liraglutide,"Nov 17, 2025",Xultophy,21335fe4-d395-4501-ac2a-2f20d7520da9,dailymed_labels,collected,"XULTOPHY 100/3.6 (INSULIN DEGLUDEC AND LIRAGLUTIDE) INJECTION, SOLUTION [NOVO NORDISK]",https://dailymed.nlm.nih.gov/dailymed/drugInfo.cfm?setid=21335fe4-d395-4501-ac2a-2f20d7520da9
