uid,abstractNumber,title,sessionType,track,score,roleScore,url,tags
PRESENTATION266612,TPS1149,"HERTHENA-Breast04: A phase 3, randomized, open-label study evaluating the efficacy and safety of patritumab deruxtecan (HER3-DXd) versus treatment of physician’s choice in hormone receptor-positive (HR+)/human epidermal growth factor receptor 2-negative (HER2−) unresectable locally advanced or metastatic breast cancer.",Poster Session,Breast Cancer: Metastatic,85,5,https://www.asco.org/abstracts-presentations/266612,Trial in progress; Phase 3; Randomized; Overall survival; Progression-free survival; Objective response; Patient-reported outcomes; Safety
PRESENTATION266887,TPS4245,"Efficacy and safety of disitamab vedotin (DV) combined with trastuzumab, and tislelizumab versus chemotherapy (CAPOX) combined with trastuzumab ± pembrolizumab for patients with first-line HER2-high advanced gastric/gastroesophageal junction adenocarcinoma (G/GEJA): A randomized controlled phase 3 trial.",Poster Session,"Gastrointestinal Cancer: Gastroesophageal, Pancreatic, and Hepatobiliary",85,5,https://www.asco.org/abstracts-presentations/266887,Trial in progress; Phase 3; Randomized; Overall survival; Progression-free survival; Objective response; Patient-reported outcomes; Safety
PRESENTATION264425,e13684,Impact of a real-time updated evidence library in addressing lag in guideline updates to aide physicians.,Publication Only,Publication only,43,4,https://www.asco.org/abstracts-presentations/264425,Phase 3
PRESENTATION266728,TPS9596,Clinical trial in progress: Phase I/II study of tebentafusp in combination with liver-directed therapies for the treatment of metastatic uveal melanoma.,Poster Session,Melanoma/Skin Cancers,85,4,https://www.asco.org/abstracts-presentations/266728,Trial in progress; Phase 3; Randomized; Overall survival; Progression-free survival; Safety
PRESENTATION266686,TPS8661,"AndroMETa-Lung-713: A phase 2/3 study of telisotuzumab adizutecan (ABBV-400, Temab-A) vs standard of care (SOC) in patients with epidermal growth factor receptor ( EGFR )-mutated non-small cell lung cancer (NSCLC).",Poster Session,Lung Cancer: Non-Small Cell Metastatic,85,4,https://www.asco.org/abstracts-presentations/266686,Trial in progress; Phase 3; Randomized; Progression-free survival; Objective response; Biomarker; Safety
PRESENTATION266685,TPS8660,SigVie-003: Phase 3 trial of frontline sigvotatug vedotin plus pembrolizumab vs pembrolizumab alone in non-small cell lung cancer (NSCLC) with PD-L1 TPS ≥50%.,Poster Session,Lung Cancer: Non-Small Cell Metastatic,85,4,https://www.asco.org/abstracts-presentations/266685,Trial in progress; Phase 3; Randomized; Overall survival; Progression-free survival; Objective response; Biomarker; Safety
PRESENTATION266710,TPS8136,"A randomized, open-label, phase 3 study of ZL-1310, a DLL3 antibody-drug conjugate (ADC), compared to investigator’s choice therapy in participants with relapsed small cell lung cancer (DLLEVATE).",Poster Session,Lung Cancer: Non-Small Cell Local-Regional/Small Cell/Other Thoracic Cancers,85,4,https://www.asco.org/abstracts-presentations/266710,Trial in progress; Phase 3; Randomized; Overall survival; Objective response; Safety
PRESENTATION266931,TPS5150,"EORTC GUCG 2238: “Deescalate,” a pragmatic trial to revisit intermittent androgen deprivation therapy in metastatic hormone-sensitive prostate cancer in the era of new androgen receptor pathway inhibitors.",Poster Session,"Genitourinary Cancer: Prostate, Testicular, and Penile",85,4,https://www.asco.org/abstracts-presentations/266931,Trial in progress; Phase 3; Randomized; Overall survival; Patient-reported outcomes; Safety
PRESENTATION266921,TPS5137,"BNT324-03: Phase 3, randomized, open-label trial of BNT324/DB-1311, a B7H3 ADC, versus docetaxel in patients with taxane-naïve metastatic castration-resistant prostate cancer (mCRPC).",Poster Session,"Genitourinary Cancer: Prostate, Testicular, and Penile",85,4,https://www.asco.org/abstracts-presentations/266921,Trial in progress; Phase 3; Randomized; Overall survival; Progression-free survival; Objective response; Safety
PRESENTATION266904,TPS4642,TROPION-Urothelial03: A phase 2/3 study of datopotamab deruxtecan (Dato-DXd) + platinum chemotherapy (CT) vs gemcitabine + platinum CT in participants with locally advanced or metastatic urothelial carcinoma (la/mUC) with progression on or after enfortumab vedotin (EV) + pembrolizumab.,Poster Session,Genitourinary Cancer: Kidney and Bladder,85,4,https://www.asco.org/abstracts-presentations/266904,Trial in progress; Phase 3; Randomized; Overall survival; Progression-free survival; Objective response; Safety
PRESENTATION266888,TPS4257,"CAREFOL: A phase 3, randomized, open-label, multicenter trial of camrelizumab and rivoceranib with or without intravenous FOLFOX chemotherapy as first-line treatment for unresectable hepatocellular carcinoma.",Poster Session,"Gastrointestinal Cancer: Gastroesophageal, Pancreatic, and Hepatobiliary",85,4,https://www.asco.org/abstracts-presentations/266888,Trial in progress; Phase 3; Randomized; Overall survival; Progression-free survival; Objective response; Safety
PRESENTATION268031,TPS2102,"Gliofocus: A global, open-label, randomized phase 3 study comparing niraparib with temozolomide in newly diagnosed MGMT-unmethylated glioblastoma.",Poster Session,Central Nervous System Tumors,85,4,https://www.asco.org/abstracts-presentations/268031,Trial in progress; Phase 3; Randomized; Overall survival; Progression-free survival; Objective response; Patient-reported outcomes; Safety
PRESENTATION266756,TPS11588,"StrateGIST 3: A randomized, phase 3 study of velzatinib (IDRX-42) versus sunitinib in patients with advanced gastrointestinal stromal tumors after imatinib therapy.",Poster Session,Sarcoma,85,4,https://www.asco.org/abstracts-presentations/266756,Trial in progress; Phase 3; Randomized; Overall survival; Progression-free survival; Objective response; Patient-reported outcomes; Biomarker
PRESENTATION268036,4013,Results from a phase 2a study of atebimetinib in combination with mGnP in advanced or metastatic pancreatic cancer.,Rapid Oral Abstract Session,"Gastrointestinal Cancer: Gastroesophageal, Pancreatic, and Hepatobiliary",84,4,https://www.asco.org/abstracts-presentations/268036,Phase 3; Randomized; Overall survival; Progression-free survival; Objective response; Safety
PRESENTATION264147,4148,"Effectiveness and safety of IBI310 combined with sintilimab versus sorafenib in the first-line treatment of advanced hepatocellular carcinoma (aHCC): A randomized, open-label, controlled, multicenter phase III clinical study.",Poster Session,"Gastrointestinal Cancer: Gastroesophageal, Pancreatic, and Hepatobiliary",82,4,https://www.asco.org/abstracts-presentations/264147,Phase 3; Randomized; Overall survival; Progression-free survival; Objective response; Safety
PRESENTATION260427,104,"Phase 3, multicenter, randomized, controlled open-label study: Efficacy and safety of M701 (EpCAM×CD3 bispecific antibody) intraperitoneal infusion in advanced epithelial solid tumor with malignant ascites vs paracentesis.",Clinical Science Symposium,Elevating the Patient Voice: Choosing the Right Patient-Centered Endpoints in Modern Clinical Trials,80,4,https://www.asco.org/abstracts-presentations/260427,Phase 3; Randomized; Overall survival; Patient-reported outcomes; Safety
PRESENTATION260947,4118,"Envafolimab (KN035) plus gemcitabine and oxaliplatin (GEMOX) compared with GEMOX as first-line treatment for Chinese patients with advanced biliary tract cancer: A randomized, open-label, multi-center, phase III pivotal trial.",Poster Session,"Gastrointestinal Cancer: Gastroesophageal, Pancreatic, and Hepatobiliary",77,4,https://www.asco.org/abstracts-presentations/260947,Phase 3; Randomized; Overall survival; Progression-free survival; Objective response; Safety
PRESENTATION264052,4036,Phase I/II trial of anti-CLDN18.2/PD-L1 recombinant humanized bispecific antibody Q-1802 plus XELOX in treatment-naive CLDN18.2-positive advanced GC/GEJ.,Poster Session,"Gastrointestinal Cancer: Gastroesophageal, Pancreatic, and Hepatobiliary",77,4,https://www.asco.org/abstracts-presentations/264052,Phase 3; Randomized; Overall survival; Progression-free survival; Objective response; Safety
PRESENTATION261781,5554,Trastuzumab deruxtecan (T-DXd) + bevacizumab (BEV) as first-line (1L) maintenance therapy in patients (pts) with human epidermal growth factor receptor 2 (HER2)-expressing ovarian cancer (OC): Results from the DESTINY-Ovarian01 (DO-01/ENGOT-ov89/GOG-3112/APGOT-OV13) safety run-in (SRI).,Poster Session,Gynecologic Cancer,74,4,https://www.asco.org/abstracts-presentations/261781,Phase 3; Randomized; Biomarker; Safety
PRESENTATION265985,8580,"Phase I study of IMM2510, a PD-L1/ VEGF bispecific antibody, in participants with advanced IO-treated SQ-NSCLC.",Poster Session,Lung Cancer: Non-Small Cell Metastatic,69,4,https://www.asco.org/abstracts-presentations/265985,Phase 3; Overall survival; Progression-free survival; Objective response; Safety
PRESENTATION258233,12126,"Comparison of prophylactic effects for chemotherapy-induced neutropenia between same-day versus next-day administration of pegteograstim in chemotherapy regimen composed of day 1 intensive myleosuppressive agent: A randomized clinical trial (CONCISE, KCSG PC22-11).",Poster Session,Symptom Science and Palliative Care,69,4,https://www.asco.org/abstracts-presentations/258233,Phase 3; Randomized
PRESENTATION266670,TPS7097,Lisocabtagene maraleucel (liso-cel) as first-line (1L) therapy for transplant-ineligible patients (pt) with primary central nervous system lymphoma (PCNSL): The CAROLYN study.,Poster Session,Hematologic Malignancies: Lymphoma and Chronic Lymphocytic Leukemia,57,3,https://www.asco.org/abstracts-presentations/266670,Trial in progress; Overall survival; Progression-free survival; Objective response; Patient-reported outcomes; Safety
PRESENTATION263224,3080,Pan-cancer landscape and real-world management of BRAF non-V600E and MAP2K1 alterations: Analysis from the WAYFIND-R registry.,Poster Session,Developmental Therapeutics: Molecularly Targeted Agents and Tumor Biology,39,3,https://www.asco.org/abstracts-presentations/263224,Real-world evidence; Biomarker
PRESENTATION259980,e23368,Multidisciplinary AE management education for EGFR-mutated NSCLC: Mixed-methods QI outcomes.,Publication Only,Publication only,34,3,https://www.asco.org/abstracts-presentations/259980,Phase 3; Safety
PRESENTATION260240,e23221,Operationalizing bispecific antibody therapy in community oncology: Capturing insights on clinician preparedness for using off-the-shelf immunotherapy in lymphoma and multiple myeloma.,Publication Only,Publication only,24,3,https://www.asco.org/abstracts-presentations/260240,Real-world evidence; Safety
PRESENTATION260193,e23047,Divergence between regulatory approvals and guideline recommendations in multiple myeloma: Helping solve physician’s dilemmas with a real-time updated evidence library.,Publication Only,Publication only,24,3,https://www.asco.org/abstracts-presentations/260193,Patient-reported outcomes; Safety
PRESENTATION265614,e22515,Digital delivery of personalized cancer risk reduction: Real-world engagement with ACS CancerRisk360.,Publication Only,Publication only,24,3,https://www.asco.org/abstracts-presentations/265614,Real-world evidence
PRESENTATION264359,e13727,Investigating the extent of consensus among oncologists in treatment selection for NSCLC patients with co-occurring biomarkers.,Publication Only,Publication only,18,3,https://www.asco.org/abstracts-presentations/264359,Biomarker; Safety
PRESENTATION264485,e13528,Early deviations from guideline-concordant care in triple-negative breast cancer: A patient-reported analysis.,Publication Only,Publication only,16,3,https://www.asco.org/abstracts-presentations/264485,Patient-reported outcomes
PRESENTATION261671,LBA8507,"A randomized, open-label, parallel-controlled phase 3 trial of benmelstobart plus chemotherapy and anlotinib for first-line treatment of advanced non-squamous non-small cell lung cancer.",Oral Abstract Session,Lung Cancer: Non-Small Cell Metastatic,99,3,https://www.asco.org/abstracts-presentations/261671,Late breaking; Phase 3; Randomized
PRESENTATION260412,8504,Efficacy and safety of pralsetinib as first-line treatment of RET fusion-positive advanced or metastatic non-small cell lung cancer (NSCLC): The phase 3 AcceleRET-Lung study.,Oral Abstract Session,Lung Cancer: Non-Small Cell Metastatic,93,3,https://www.asco.org/abstracts-presentations/260412,Phase 3; Randomized; Overall survival; Progression-free survival; Objective response; Biomarker; Safety
PRESENTATION268189,4001,"Camrelizumab (C) plus rivoceranib (R) with transarterial chemoembolization (TACE) vs TACE alone in unresectable hepatocellular carcinoma (uHCC): A randomized, phase 3 trial.",Oral Abstract Session,"Gastrointestinal Cancer: Gastroesophageal, Pancreatic, and Hepatobiliary",93,3,https://www.asco.org/abstracts-presentations/268189,Phase 3; Randomized; Overall survival; Progression-free survival; Safety
PRESENTATION260994,6003,Two-cycle versus three-cycle induction chemotherapy followed by concurrent chemoradiotherapy in locoregionally advanced nasopharyngeal carcinoma: A phase III randomized noninferiority trial.,Oral Abstract Session,Head and Neck Cancer,88,3,https://www.asco.org/abstracts-presentations/260994,Phase 3; Randomized; Overall survival; Safety
PRESENTATION267347,6002,Metronomic adjuvant chemotherapy (MACE) in locally advanced oral cavity squamous cell carcinoma post-surgery and adjuvant treatment (MACE postop): A phase III randomized controlled trial.,Oral Abstract Session,Head and Neck Cancer,88,3,https://www.asco.org/abstracts-presentations/267347,Phase 3; Randomized; Overall survival; Progression-free survival; Patient-reported outcomes; Safety
PRESENTATION259302,4008,"Izalontamab brengitecan (iza-bren) versus chemotherapy in patients with recurrent or metastatic esophageal squamous cell carcinoma (ESCC): A multicenter, randomized, open-label, phase III study.",Oral Abstract Session,"Gastrointestinal Cancer: Gastroesophageal, Pancreatic, and Hepatobiliary",88,3,https://www.asco.org/abstracts-presentations/259302,Phase 3; Randomized; Overall survival; Progression-free survival; Objective response; Safety
PRESENTATION259372,11502,Phase 3 study (APROMISS) of catequentinib hydrochloride (AL3818) monotherapy in patients with advanced alveolar soft part sarcoma (ASPS).,Oral Abstract Session,Sarcoma,88,3,https://www.asco.org/abstracts-presentations/259372,Phase 3; Randomized; Overall survival; Progression-free survival; Objective response; Safety
PRESENTATION259625,LBA2007,"Efficacy and safety of asandeutertinib versus osimertinib as first-line treatment in EGFR-mutated NSCLC patients with brain metastases: Interim analysis of an open-label, multicenter, randomized, pivotal phase II study (ESAONA).",Oral Abstract Session,Central Nervous System Tumors,87,3,https://www.asco.org/abstracts-presentations/259625,Late breaking; Randomized; Safety
PRESENTATION259094,2011,Outcomes of a feasibility and safety trial of tile-based radiation therapy with cesium-131 followed by external beam radiation therapy with concurrent and adjuvant temozolomide in patients with newly diagnosed glioblastoma (NCT05342883).,Rapid Oral Abstract Session,Central Nervous System Tumors,85,3,https://www.asco.org/abstracts-presentations/259094,Phase 3; Randomized; Overall survival; Progression-free survival; Safety
PRESENTATION260985,8510,First-line (1L) divarasib plus pembrolizumab (pembro) in advanced or metastatic KRAS G12C+ non-small cell lung cancer (NSCLC): Results from the Krascendo-170 study.,Clinical Science Symposium,Is the Juice Worth the Squeeze: Challenges in Combination Therapy for Non-Small Cell Lung Cancer,85,3,https://www.asco.org/abstracts-presentations/260985,Phase 3; Randomized; Progression-free survival; Objective response; Safety
PRESENTATION266687,TPS8675,ALPACCA: Phase 3 trial of firmonertinib vs investigator’s choice of EGFR inhibitor as first-line treatment for locally advanced or metastatic NSCLC with EGFR P-loop and alpha c-helix compressing (PACC) uncommon mutations (FURMO-006).,Poster Session,Lung Cancer: Non-Small Cell Metastatic,85,3,https://www.asco.org/abstracts-presentations/266687,Trial in progress; Phase 3; Randomized; Overall survival; Progression-free survival; Objective response; Biomarker; Safety
PRESENTATION266705,TPS8674,A randomized phase III trial of chemo-immunotherapy vs immunotherapy alone for the vulnerable older adult with advanced non-small cell lung cancer: The ACHIEVE study: ECOG-ACRIN EA5221.,Poster Session,Lung Cancer: Non-Small Cell Metastatic,85,3,https://www.asco.org/abstracts-presentations/266705,Trial in progress; Phase 3; Randomized; Overall survival; Progression-free survival; Objective response; Patient-reported outcomes; Safety
PRESENTATION266703,TPS8673,Randomized phase 3 study (MarsLight-11) evaluating IBI363 (TAK-928) versus docetaxel in patients (pts) with squamous non-small cell lung cancer (sqNSCLC) after prior chemotherapy (chemo) and immunotherapy (IO).,Poster Session,Lung Cancer: Non-Small Cell Metastatic,85,3,https://www.asco.org/abstracts-presentations/266703,Trial in progress; Phase 3; Randomized; Overall survival; Progression-free survival; Objective response; Safety
PRESENTATION266714,TPS8137,A phase 3 study of sacituzumab govitecan in patients with previously treated extensive-stage small cell lung cancer.,Poster Session,Lung Cancer: Non-Small Cell Local-Regional/Small Cell/Other Thoracic Cancers,85,3,https://www.asco.org/abstracts-presentations/266714,Trial in progress; Phase 3; Randomized; Overall survival; Progression-free survival; Objective response; Patient-reported outcomes; Safety
PRESENTATION266722,TPS8131,SWOG S2414 (INSIGHT): A randomized phase III trial incorporating pathologic complete response in participants with early-stage non-small cell lung cancer to optimize immunotherapy in the adjuvant setting.,Poster Session,Lung Cancer: Non-Small Cell Local-Regional/Small Cell/Other Thoracic Cancers,85,3,https://www.asco.org/abstracts-presentations/266722,Trial in progress; Phase 3; Randomized; Overall survival; Patient-reported outcomes; Biomarker; Safety
PRESENTATION266720,TPS8124,CCTG BR.38: Consolidative use of radiotherapy to block (CURB2) oligoprogression in patients with metastatic non-small-cell lung cancer: A randomized phase III trial.,Poster Session,Lung Cancer: Non-Small Cell Local-Regional/Small Cell/Other Thoracic Cancers,85,3,https://www.asco.org/abstracts-presentations/266720,Trial in progress; Phase 3; Randomized; Overall survival; Progression-free survival; Patient-reported outcomes; Biomarker; Safety
PRESENTATION266677,TPS7101,"A global multicenter, open-label, randomized, phase 3 registrational study of lisaftoclax (APG-2575) in previously treated chronic lymphocytic leukemia/small lymphocytic lymphoma (CLL/SLL): GLORA trial in progress.",Poster Session,Hematologic Malignancies: Lymphoma and Chronic Lymphocytic Leukemia,85,3,https://www.asco.org/abstracts-presentations/266677,Trial in progress; Phase 3; Randomized; Overall survival; Progression-free survival; Objective response; Biomarker; Safety
PRESENTATION266675,TPS7100,"ROCKET-CLL: A randomized, open-label, multicenter, phase 3 study of rocbrutinib (LP-168) versus pirtobrutinib in covalent BTK inhibitor (cBTKi) in pretreated relapsed or refractory (R/R) chronic lymphocytic leukemia (CLL)/small lymphocytic lymphoma (SLL).",Poster Session,Hematologic Malignancies: Lymphoma and Chronic Lymphocytic Leukemia,85,3,https://www.asco.org/abstracts-presentations/266675,Trial in progress; Phase 3; Randomized; Overall survival; Progression-free survival; Objective response; Patient-reported outcomes; Biomarker
PRESENTATION266668,TPS7099,Sonrotoclax (BGB-11417) + zanubrutinib (SZ) vs venetoclax + acalabrutinib (AV) in treatment-naive chronic lymphocytic leukemia (TN CLL): A phase 3 randomized trial design (CELESTIAL-TNCLL-2).,Poster Session,Hematologic Malignancies: Lymphoma and Chronic Lymphocytic Leukemia,85,3,https://www.asco.org/abstracts-presentations/266668,Trial in progress; Phase 3; Randomized; Overall survival; Progression-free survival; Objective response; Biomarker; Safety
PRESENTATION266950,TPS5641,"RAINFOL-04 (ENGOT-OV96/GOG-3134): A phase 3, open-label, randomized study of rinatabart sesutecan (Rina-S) plus standard of care (SOC) vs SOC as maintenance treatment after second-line platinum-based chemotherapy in patients with recurrent platinum-sensitive ovarian cancer.",Poster Session,Gynecologic Cancer,85,3,https://www.asco.org/abstracts-presentations/266950,Trial in progress; Phase 3; Randomized; Overall survival; Progression-free survival; Patient-reported outcomes; Safety
PRESENTATION266944,TPS5637,REJOICE-Ovarian01: Phase 3 part of a phase 2/3 study evaluating raludotatug deruxtecan (R-DXd) versus treatment of physician’s choice in patients with platinum-resistant ovarian cancer.,Poster Session,Gynecologic Cancer,85,3,https://www.asco.org/abstracts-presentations/266944,Trial in progress; Phase 3; Randomized; Overall survival; Progression-free survival; Objective response; Patient-reported outcomes; Biomarker
PRESENTATION268241,TPS5636,TroFuse-022/ENGOT-ov84/GOG-3103 part 2: A phase 3 study of maintenance therapy with sacituzumab tirumotecan ± bevacizumab vs standard of care following second-line platinum-based doublet chemotherapy for platinum-sensitive recurrent ovarian cancer.,Poster Session,Gynecologic Cancer,85,3,https://www.asco.org/abstracts-presentations/268241,Trial in progress; Phase 3; Randomized; Overall survival; Progression-free survival; Patient-reported outcomes; Biomarker; Safety
PRESENTATION266928,TPS5144,"XALience: A phase 3, open-label, multicenter, randomized study of xaluritamig plus abiraterone vs investigator’s choice in patients with chemotherapy-naïve metastatic castration-resistant prostate cancer.",Poster Session,"Genitourinary Cancer: Prostate, Testicular, and Penile",85,3,https://www.asco.org/abstracts-presentations/266928,Trial in progress; Phase 3; Randomized; Overall survival; Progression-free survival; Patient-reported outcomes; Safety
PRESENTATION266911,TPS4633,LITESPARK-033: Phase 3 study of belzutifan plus zanzalintinib versus cabozantinib for recurrent clear cell renal cell carcinoma during or after adjuvant anti-PD-(L)1 therapy.,Poster Session,Genitourinary Cancer: Kidney and Bladder,85,3,https://www.asco.org/abstracts-presentations/266911,Trial in progress; Phase 3; Randomized; Overall survival; Progression-free survival; Objective response; Safety
PRESENTATION268155,TPS4631,"Phase 3 study to assess the safety and efficacy of 177 Lu-girentuximab in advanced, relapsed, or recurrent ccRCC (LUTEON).",Poster Session,Genitourinary Cancer: Kidney and Bladder,85,3,https://www.asco.org/abstracts-presentations/268155,Trial in progress; Phase 3; Randomized; Progression-free survival; Patient-reported outcomes; Safety
PRESENTATION266902,TPS4630,A multicenter randomized controlled clinical study of neoadjuvant combination of axitinib plus toripalimab to improve disease-free survival of patients with renal cell carcinoma.,Poster Session,Genitourinary Cancer: Kidney and Bladder,85,3,https://www.asco.org/abstracts-presentations/266902,Trial in progress; Phase 3; Randomized; Overall survival; Objective response; Safety
PRESENTATION266880,TPS4263,TRIDENT: A phase 2 study of relacorilant plus nab-paclitaxel and gemcitabine in patients with previously untreated metastatic pancreatic ductal adenocarcinoma.,Poster Session,"Gastrointestinal Cancer: Gastroesophageal, Pancreatic, and Hepatobiliary",85,3,https://www.asco.org/abstracts-presentations/266880,Trial in progress; Phase 3; Randomized; Overall survival; Progression-free survival; Objective response; Safety
PRESENTATION266878,TPS4252,A randomized phase III study of gemcitabine plus cisplatin with S-1 versus gemcitabine plus cisplatin with immune checkpoint inhibitor in unresectable biliary tract cancer.,Poster Session,"Gastrointestinal Cancer: Gastroesophageal, Pancreatic, and Hepatobiliary",85,3,https://www.asco.org/abstracts-presentations/266878,Trial in progress; Phase 3; Randomized; Overall survival; Progression-free survival; Objective response; Patient-reported outcomes; Safety
PRESENTATION266876,TPS4243,Phase II RAINSPOT: A multicentric open label trial of zolbetuximab-paclitaxel-ramucirumab in second-line setting for CLDN18.2-positive gastro-esophageal adenocarcinoma.,Poster Session,"Gastrointestinal Cancer: Gastroesophageal, Pancreatic, and Hepatobiliary",85,3,https://www.asco.org/abstracts-presentations/266876,Trial in progress; Phase 3; Randomized; Overall survival; Progression-free survival; Objective response; Patient-reported outcomes; Real-world evidence
PRESENTATION266856,TPS3676,The CO.33/BATTMAN trial: A phase 3 randomized study of botensilimab + balstilimab versus best supportive care in chemorefractory unresectable colorectal adenocarcinoma that is not dMMR/MSI-H.,Poster Session,Gastrointestinal Cancer: Colorectal and Anal,85,3,https://www.asco.org/abstracts-presentations/266856,Trial in progress; Phase 3; Randomized; Overall survival; Progression-free survival; Objective response; Patient-reported outcomes; Safety
PRESENTATION260940,4014,"Nilvanstomig (ZG005), an anti-PD-1/TIGIT bispecific antibody, plus bevacizumab vs. sintilimab plus bevacizumab biosimilar as first-line therapy for advanced hepatocellular carcinoma: A randomized, multi-center, phase II trial.",Rapid Oral Abstract Session,"Gastrointestinal Cancer: Gastroesophageal, Pancreatic, and Hepatobiliary",84,3,https://www.asco.org/abstracts-presentations/260940,Phase 3; Randomized; Overall survival; Progression-free survival; Objective response; Safety
PRESENTATION260682,3513,Development of a computational histology artificial intelligence (CHAI)-powered predictive biomarker for first-line chemotherapy intensification in metastatic colorectal cancer (mCRC) and validation in prospective randomized phase III trials (RCT).,Rapid Oral Abstract Session,Gastrointestinal Cancer: Colorectal and Anal,84,3,https://www.asco.org/abstracts-presentations/260682,Phase 3; Randomized; Overall survival; Progression-free survival; Biomarker; Safety
PRESENTATION262513,2017,Recurrence patterns and site-level survival in the previous phase III study of IL13-PE38QQR: Implications for drug distribution variability.,Rapid Oral Abstract Session,Central Nervous System Tumors,84,3,https://www.asco.org/abstracts-presentations/262513,Phase 3; Randomized; Overall survival
PRESENTATION266890,TPS4249,"Adjuvant oxaliplatin plus S-1 versus docetaxel plus S-1 for stage III gastric cancer after D2 gastrectomy (DRAGON-Adjuvant): A multicenter, open-label, phase 3, randomized, non-inferiority study.",Poster Session,"Gastrointestinal Cancer: Gastroesophageal, Pancreatic, and Hepatobiliary",83,3,https://www.asco.org/abstracts-presentations/266890,Trial in progress; Phase 3; Randomized; Overall survival; Biomarker; Safety
PRESENTATION260898,9532,Nivolumab + relatlimab (NIVO + RELA) in advanced melanoma: 5-year update of RELATIVITY-047.,Poster Session,Melanoma/Skin Cancers,82,3,https://www.asco.org/abstracts-presentations/260898,Phase 3; Randomized; Overall survival; Progression-free survival; Objective response; Biomarker; Safety
PRESENTATION260885,8086,IMforte: Quality-adjusted time without symptoms or toxicity (Q-TWiST) analysis of first-line maintenance (1Lm) treatment (Tx) with lurbinectedin (lurbi) + atezolizumab (atezo) vs atezo in extensive-stage small cell lung cancer (ES-SCLC).,Poster Session,Lung Cancer: Non-Small Cell Local-Regional/Small Cell/Other Thoracic Cancers,82,3,https://www.asco.org/abstracts-presentations/260885,Phase 3; Randomized; Overall survival; Progression-free survival; Patient-reported outcomes; Safety
PRESENTATION264037,4034,Quality-adjusted survival comparison for tislelizumab (TIS) + chemotherapy (CT) versus placebo (PBO) + CT as first-line (1L) treatment in gastric/gastroesophageal junction adenocarcinoma (GC/GEJC) patients with peritoneal metastasis (PM): Long-term follow-up from RATIONALE-305.,Poster Session,"Gastrointestinal Cancer: Gastroesophageal, Pancreatic, and Hepatobiliary",82,3,https://www.asco.org/abstracts-presentations/264037,Phase 3; Randomized; Overall survival; Patient-reported outcomes; Safety
PRESENTATION261381,8514,"Updated results from a phase 2 trial of SSGJ-707 (PF-08634404), a PD-1/VEGF bispecific antibody, as monotherapy in patients with advanced non-small cell lung cancer (NSCLC).",Rapid Oral Abstract Session,Lung Cancer: Non-Small Cell Metastatic,81,3,https://www.asco.org/abstracts-presentations/261381,Phase 3; Overall survival; Progression-free survival; Objective response; Biomarker; Safety
PRESENTATION266700,TPS8671,Phase 3 trial ResQ201A of nogapendekin alfa inbakicept (NAI) plus tislelizumab and docetaxel vs. docetaxel monotherapy for advanced or metastatic NSCLC resistant to ICI therapy.,Poster Session,Lung Cancer: Non-Small Cell Metastatic,81,3,https://www.asco.org/abstracts-presentations/266700,Trial in progress; Phase 3; Randomized; Overall survival; Progression-free survival; Objective response; Safety
PRESENTATION266707,TPS8123,"A multi-institutional, randomized, phase III trial comparing anatomical segmentectomy and lobectomy for clinical stage IA3 pure-solid non-small-cell lung cancer: West Japan Oncology Group study WJOG16923L (STEP UP trial).",Poster Session,Lung Cancer: Non-Small Cell Local-Regional/Small Cell/Other Thoracic Cancers,81,3,https://www.asco.org/abstracts-presentations/266707,Trial in progress; Phase 3; Randomized; Overall survival; Safety
PRESENTATION266940,TPS5628,"TroFuse-036/GOG-3123/ENGOT-cx22: A 2-part, phase 3, randomized study of sacituzumab tirumotecan (sac-TMT) + pembrolizumab (pembro) ± bevacizumab (bev) vs standard of care (SoC) as first-line maintenance therapy for PD-L1-positive cervical cancer.",Poster Session,Gynecologic Cancer,81,3,https://www.asco.org/abstracts-presentations/266940,Trial in progress; Phase 3; Randomized; Overall survival; Progression-free survival; Objective response; Patient-reported outcomes; Safety
PRESENTATION259639,11006,"Randomized, double-blind phase 3 trial of the fixed-dose combination fosrolapitant/palonosetron (HR20013) plus dexamethasone for prevention of nausea and vomiting in patients receiving moderately emetogenic chemotherapy.",Oral Abstract Session,Quality Care/Health Services Research,80,3,https://www.asco.org/abstracts-presentations/259639,Phase 3; Randomized; Patient-reported outcomes; Safety
PRESENTATION266716,TPS8126,"Volrustomig, a novel bispecific PD-1/CTLA-4 monoclonal antibody, as single-agent first-line therapy for unresectable pleural mesothelioma: Substudy 5 of the eVOLVE-02 phase 2 study.",Poster Session,Lung Cancer: Non-Small Cell Local-Regional/Small Cell/Other Thoracic Cancers,77,3,https://www.asco.org/abstracts-presentations/266716,Trial in progress; Phase 3; Overall survival; Progression-free survival; Objective response; Safety
PRESENTATION268082,TPS5132,Protocol for ADHERE: A randomised controlled trial evaluating a digital exercise intervention with virtual supervised group exercise sessions compared to standard of care for patients receiving androgen deprivation therapy for prostate cancer.,Poster Session,"Genitourinary Cancer: Prostate, Testicular, and Penile",77,3,https://www.asco.org/abstracts-presentations/268082,Trial in progress; Phase 3; Randomized; Patient-reported outcomes; Biomarker
PRESENTATION266895,TPS4250,"Multicenter phase Ib/II study of neoadjuvant zolbetuximab plus docetaxel, oxaliplatin, and S-1 (DOS) followed by adjuvant zolbetuximab/S-1 in patients with CLDN18.2-positive resectable gastric or gastroesophageal junction adenocarcinoma (NEOCLAUD).",Poster Session,"Gastrointestinal Cancer: Gastroesophageal, Pancreatic, and Hepatobiliary",77,3,https://www.asco.org/abstracts-presentations/266895,Trial in progress; Phase 3; Overall survival; Progression-free survival; Objective response; Safety
PRESENTATION266883,TPS4244,"Combining zanidatamab, FOLFOX, and pembrolizumab as first-line therapy for HER2/PD-L1-positive gastroesophageal adenocarcinoma: The phase ll IKF-090/AIO ZANGEA trial with translational analysis.",Poster Session,"Gastrointestinal Cancer: Gastroesophageal, Pancreatic, and Hepatobiliary",77,3,https://www.asco.org/abstracts-presentations/266883,Trial in progress; Phase 3; Overall survival; Progression-free survival; Objective response; Biomarker; Safety
PRESENTATION266018,8649,Five-year outcomes of osimertinib-based treatment in a phase III study comparing EGFR tyrosine kinase inhibitor (EGFR-TKI) monotherapy and EGFR-TKI with inserted cisplatin plus pemetrexed as a first-line treatment for advanced non-squamous non-small-cell lung cancer harboring EGFR mutation (JCOG1404/WJOG8214L).,Poster Session,Lung Cancer: Non-Small Cell Metastatic,77,3,https://www.asco.org/abstracts-presentations/266018,Phase 3; Randomized; Overall survival; Progression-free survival; Biomarker
PRESENTATION266023,8588,Efficacy outcomes in first-line (1L) non-small cell lung cancer (NSCLC) with maintenance of immune competence: QUILT-2.023 randomized phase 3 study of IL-15R agonist nogapendekin alfa inbakicept (NAI) with checkpoint inhibitor (CPI) ± chemotherapy.,Poster Session,Lung Cancer: Non-Small Cell Metastatic,77,3,https://www.asco.org/abstracts-presentations/266023,Phase 3; Randomized; Overall survival; Progression-free survival; Objective response; Safety
PRESENTATION265967,8574,A phase II study of HB0025 (a PD-L1/VEGF bispecific antibody) in combination with chemotherapy as first-line treatment for non-small cell lung cancer (NSCLC).,Poster Session,Lung Cancer: Non-Small Cell Metastatic,77,3,https://www.asco.org/abstracts-presentations/265967,Phase 3; Randomized; Overall survival; Progression-free survival; Objective response; Safety
PRESENTATION265966,8573,Durable efficacy of first-line necitumumab plus pembrolizumab in PD-L1-high advanced NSCLC: Final results of the phase II K-TAIL-202 study.,Poster Session,Lung Cancer: Non-Small Cell Metastatic,77,3,https://www.asco.org/abstracts-presentations/265966,Phase 3; Randomized; Overall survival; Progression-free survival; Objective response; Safety
PRESENTATION265907,8554,A randomized phase III study of pembrolizumab versus pembrolizumab with carboplatin plus pemetrexed for locally advanced or metastatic nonsquamous non-small cell lung cancer with PD-L1 TPS ≥ 50%: LAPLACE-50.,Poster Session,Lung Cancer: Non-Small Cell Metastatic,77,3,https://www.asco.org/abstracts-presentations/265907,Phase 3; Randomized; Overall survival; Progression-free survival; Objective response; Safety
PRESENTATION263361,6039,Defining the role of locoregional radiotherapy for de novo metastatic nasopharyngeal carcinoma in the immunotherapy era: A systematic review and meta-analysis.,Poster Session,Head and Neck Cancer,77,3,https://www.asco.org/abstracts-presentations/263361,Phase 3; Randomized; Overall survival; Progression-free survival
PRESENTATION262651,4614,"Neoadjuvant and adjuvant enfortumab vedotin plus pembrolizumab for participants with muscle-invasive bladder cancer who are eligible for cisplatin: Randomized, open-label, phase 3 KEYNOTE-B15 study.",Poster Session,Genitourinary Cancer: Kidney and Bladder,77,3,https://www.asco.org/abstracts-presentations/262651,Phase 3; Randomized; Overall survival; Safety
PRESENTATION264125,4213,Post-hoc efficacy and biomarker analysis of elraglusib plus gemcitabine/nab-paclitaxel versus chemotherapy alone in metastatic pancreatic ductal adenocarcinoma.,Poster Session,"Gastrointestinal Cancer: Gastroesophageal, Pancreatic, and Hepatobiliary",77,3,https://www.asco.org/abstracts-presentations/264125,Phase 3; Randomized; Overall survival; Real-world evidence; Biomarker; Safety
PRESENTATION267264,4041,Efficacy and safety of PD-1 inhibitor plus chemotherapy vs chemotherapy alone in advanced gastric cancer patients with low or negative PD-L1 expression.,Poster Session,"Gastrointestinal Cancer: Gastroesophageal, Pancreatic, and Hepatobiliary",77,3,https://www.asco.org/abstracts-presentations/267264,Phase 3; Randomized; Overall survival; Progression-free survival; Objective response; Biomarker; Safety
PRESENTATION267811,3598,A multicenter randomized phase II trial assessing the efficacy and safety of mCapOX plus cetuximab with mFOLFOX6 plus cetuximab as first-line treatment for RAS/BRAF wild-type metastatic colorectal cancer: Updated results from the CAPCET study.,Poster Session,Gastrointestinal Cancer: Colorectal and Anal,77,3,https://www.asco.org/abstracts-presentations/267811,Phase 3; Randomized; Overall survival; Progression-free survival; Objective response; Safety
PRESENTATION259373,11504,"The tetravalent death receptor 5 (DR5) agonist ozekibart (INBRX-109) in conventional chondrosarcoma (CS): Secondary efficacy endpoints from the randomized, registrational, phase 2 ChonDRAgon study.",Oral Abstract Session,Sarcoma,76,3,https://www.asco.org/abstracts-presentations/259373,Randomized; Overall survival; Progression-free survival; Objective response; Patient-reported outcomes; Biomarker; Safety
PRESENTATION268033,7009,First-line odronextamab (Odro) plus chemotherapy (CHOP) in diffuse large B-cell lymphoma (DLBCL): OLYMPIA-3 Part 1B results.,Rapid Oral Abstract Session,Hematologic Malignancies: Lymphoma and Chronic Lymphocytic Leukemia,76,3,https://www.asco.org/abstracts-presentations/268033,Phase 3; Randomized; Objective response; Biomarker; Safety
PRESENTATION261770,4016,"A phase Ib/II trial of first-line trastuzumab, nivolumab, gemcitabine, and cisplatin in HER2-positive biliary tract cancer (HERBOT): A multi-institutional study from the Korean Cancer Study Group.",Rapid Oral Abstract Session,"Gastrointestinal Cancer: Gastroesophageal, Pancreatic, and Hepatobiliary",76,3,https://www.asco.org/abstracts-presentations/261770,Phase 3; Overall survival; Progression-free survival; Objective response; Biomarker; Safety
PRESENTATION264160,4060,Impact of molecular profile on switch maintenance to paclitaxel plus ramucirumab (PTX-RAM) versus continuation of first-line fluoropyrimidine and oxaliplatin (FOX) chemotherapy (ChT) in patients (pts) with advanced HER2-negative gastric or gastroesophageal junction (G/GEJ) cancer: An exploratory endpoint of the ARMANI phase 3 randomized trial.,Poster Session,"Gastrointestinal Cancer: Gastroesophageal, Pancreatic, and Hepatobiliary",75,3,https://www.asco.org/abstracts-presentations/264160,Phase 3; Randomized; Overall survival; Progression-free survival; Objective response
PRESENTATION263841,8103,Comparison by immunotherapy agent of real-world outcomes with chemoimmunotherapy in first-line extensive-stage small cell lung cancer.,Poster Session,Lung Cancer: Non-Small Cell Local-Regional/Small Cell/Other Thoracic Cancers,74,3,https://www.asco.org/abstracts-presentations/263841,Phase 3; Overall survival; Progression-free survival; Objective response; Real-world evidence
PRESENTATION267335,4606,Adjuvant nivolumab in high-risk muscle-invasive urothelial carcinoma: Real-world evidence from the SOGUG-NIADY study of the Spanish Oncology Genitourinary Group (SOGUG).,Poster Session,Genitourinary Cancer: Kidney and Bladder,74,3,https://www.asco.org/abstracts-presentations/267335,Phase 3; Overall survival; Real-world evidence; Safety
PRESENTATION257846,2600,"Hepatic arterial infusion chemotherapy combined with immunotherapy for unresectable intrahepatic cholangiocarcinoma: A single-arm, open-label, prospective clinical trial.",Poster Session,Developmental Therapeutics: Immunotherapy,74,3,https://www.asco.org/abstracts-presentations/257846,Phase 3; Overall survival; Progression-free survival; Objective response; Safety
PRESENTATION266665,TPS6608,A phase 3 study of olverembatinib (HQP1351) in patients with chronic-phase chronic myeloid leukemia: POLARIS-2 trial in progress.,Poster Session,"Hematologic Malignancies: Leukemia, Myelodysplastic Syndromes, and Allotransplant",73,3,https://www.asco.org/abstracts-presentations/266665,Trial in progress; Phase 3; Randomized; Biomarker; Safety
PRESENTATION266645,TPS2097,Resection and intracranial implant of (Z)- n -butylidenephthalide wafer followed by temozolomide as treatment for recurrent glioblastoma: A randomized phase IIb/III trial.,Poster Session,Central Nervous System Tumors,73,3,https://www.asco.org/abstracts-presentations/266645,Trial in progress; Randomized; Overall survival; Progression-free survival; Objective response; Patient-reported outcomes; Biomarker; Safety
PRESENTATION262245,3579,Indirect comparison of nivolumab-ipilimumab versus chemotherapy (Chemo) and/or immunotherapy in dMMR/MSI-H metastatic colorectal cancer (mCRC) using reconstructed individual patient data (IPD).,Poster Session,Gastrointestinal Cancer: Colorectal and Anal,73,3,https://www.asco.org/abstracts-presentations/262245,Phase 3; Randomized; Progression-free survival
PRESENTATION266653,TPS2105,BRIDGES: A phase 3 randomized trial of immediate postoperative cesium-131 tile-based radiation therapy followed by abbreviated chemoradiation for newly diagnosed glioblastoma (NCT07195591).,Poster Session,Central Nervous System Tumors,71,3,https://www.asco.org/abstracts-presentations/266653,Trial in progress; Phase 3; Randomized; Safety
PRESENTATION268312,4518,Bulumtatug fuvedotin (BFv; 9MW2821) plus toripalimab in patients with locally advanced or metastatic urothelial carcinoma (la/mUC): Follow-up results from a phase 1b/2 study.,Rapid Oral Abstract Session,Genitourinary Cancer: Kidney and Bladder,70,3,https://www.asco.org/abstracts-presentations/268312,Phase 3; Overall survival; Progression-free survival; Objective response; Safety
PRESENTATION266702,TPS8679,KEYMAKER-U01J: Calderasib plus pembrolizumab with or without cetuximab as first-line treatment for advanced or metastatic nonsquamous non-small-cell lung cancer (NSCLC) with KRAS G12C mutations.,Poster Session,Lung Cancer: Non-Small Cell Metastatic,69,3,https://www.asco.org/abstracts-presentations/266702,Trial in progress; Randomized; Overall survival; Progression-free survival; Objective response; Biomarker; Safety
PRESENTATION265986,8639,Clinical efficacy and tolerability of the selective RET inhibitor soxataltinib (SY-5007) in advanced RET fusion-positive non-small cell lung cancer (NSCLC): Primary findings from a confirmatory phase III trial.,Poster Session,Lung Cancer: Non-Small Cell Metastatic,69,3,https://www.asco.org/abstracts-presentations/265986,Phase 3; Overall survival; Progression-free survival; Objective response; Safety
PRESENTATION264094,4132,Hepatic arterial infusion chemotherapy plus lenvatinib and PD-1 inhibitors as first-line treatment for hepatocellular carcinoma with high tumor burden and portal vein tumor thrombus: A target trial emulation study (CHANCE 2416).,Poster Session,"Gastrointestinal Cancer: Gastroesophageal, Pancreatic, and Hepatobiliary",69,3,https://www.asco.org/abstracts-presentations/264094,Phase 3; Overall survival; Progression-free survival; Objective response; Safety
PRESENTATION260651,10053,"Olanzapine for weight gain in children undergoing chemotherapy for solid-organ malignancies: An investigator-initiated, open-label, multicenter, phase III randomized controlled trial (SNOWMAN).",Poster Session,Pediatric Oncology,69,3,https://www.asco.org/abstracts-presentations/260651,Phase 3; Randomized; Patient-reported outcomes; Safety
PRESENTATION261746,10017,"Dexamethasone-free antiemetic prophylaxis with olanzapine in children and adolescents receiving highly emetogenic chemotherapy: A multicenter, phase III non-inferiority randomized trial.",Rapid Oral Abstract Session,Pediatric Oncology II,68,3,https://www.asco.org/abstracts-presentations/261746,Phase 3; Randomized
PRESENTATION266699,TPS8670,"INTerpath-013: A phase 2, randomized, double-blind study of intismeran autogene plus pembrolizumab and chemotherapy as first-line treatment for metastatic squamous non-small cell lung cancer.",Poster Session,Lung Cancer: Non-Small Cell Metastatic,67,3,https://www.asco.org/abstracts-presentations/266699,Trial in progress; Randomized; Overall survival; Progression-free survival; Objective response; Safety
PRESENTATION265993,8582,Impact of genomic HLA class I allelic imbalance on enduring immunotherapy response in advanced non-small cell lung cancer.,Poster Session,Lung Cancer: Non-Small Cell Metastatic,67,3,https://www.asco.org/abstracts-presentations/265993,Phase 3; Overall survival; Real-world evidence; Biomarker
PRESENTATION262544,3110,"Final analysis of KOMET (NCT04924608), a phase 3 study of selumetinib in adults with NF1-PN.",Poster Session,Developmental Therapeutics: Molecularly Targeted Agents and Tumor Biology,67,3,https://www.asco.org/abstracts-presentations/262544,Phase 3; Randomized; Objective response; Safety
PRESENTATION263196,8089,DAREON-8: Updated efficacy and safety from a phase I dose-escalation/expansion trial of first-line (1L) obrixtamig plus chemotherapy and atezolizumab in extensive-stage small cell lung carcinoma (ES-SCLC).,Poster Session,Lung Cancer: Non-Small Cell Local-Regional/Small Cell/Other Thoracic Cancers,66,3,https://www.asco.org/abstracts-presentations/263196,Phase 3; Progression-free survival; Objective response; Safety
PRESENTATION264061,4040,KEYNOTE-811: 6-year median follow-up of pembrolizumab plus trastuzumab and chemotherapy for previously untreated advanced HER2-positive gastric or gastroesophageal junction adenocarcinoma.,Poster Session,"Gastrointestinal Cancer: Gastroesophageal, Pancreatic, and Hepatobiliary",66,3,https://www.asco.org/abstracts-presentations/264061,Phase 3; Overall survival; Progression-free survival; Objective response; Safety
PRESENTATION266920,TPS5133,DEPECA-1 (Defeating Penile Cancer 1): A phase II study to evaluate a first-line systemic therapy with enfortumab vedotin plus avelumab for advanced and metastatic penile carcinoma.,Poster Session,"Genitourinary Cancer: Prostate, Testicular, and Penile",65,3,https://www.asco.org/abstracts-presentations/266920,Trial in progress; Overall survival; Progression-free survival; Objective response; Biomarker; Safety
PRESENTATION264099,4048,Cadonilimab in combination with ivonescimab and chemotherapy as first-line (1L) therapy in patients with advanced gastric (G) or gastroesophageal junction adenocarcinoma (GEJA): Updated results from an open-label phase II trial.,Poster Session,"Gastrointestinal Cancer: Gastroesophageal, Pancreatic, and Hepatobiliary",65,3,https://www.asco.org/abstracts-presentations/264099,Phase 3; Overall survival; Progression-free survival; Objective response; Biomarker; Safety
PRESENTATION261218,1076,"Efficacy and safety of SPH4336 plus endocrine therapy in HR-positive/HER2-negative metastatic breast cancer with brain metastases: A multicenter, single-arm, phase II study.",Poster Session,Breast Cancer: Metastatic,65,3,https://www.asco.org/abstracts-presentations/261218,Randomized; Progression-free survival; Objective response; Safety
PRESENTATION263810,8116,"Efficacy and safety of second or further line KC1036 in patients with thymoma and thymic carcinoma: A multicenter, single-arm phase II trial.",Poster Session,Lung Cancer: Non-Small Cell Local-Regional/Small Cell/Other Thoracic Cancers,63,3,https://www.asco.org/abstracts-presentations/263810,Phase 3; Overall survival; Progression-free survival; Objective response; Safety
PRESENTATION266964,TPS6134,"Phase 1 study of VLPONC-01, a novel IL-12-encoding saRNA viral replicon particle, alone and in combination with pembrolizumab in head and neck cancer patients: Protocol summary.",Poster Session,Head and Neck Cancer,61,3,https://www.asco.org/abstracts-presentations/266964,Trial in progress; Phase 3; Safety
PRESENTATION266907,TPS4643,Advancing treatment of low-grade upper tract urothelial carcinoma (LG UTUC) with padeliporfin vascular-targeted photodynamic therapy (VTP): The ENLIGHTED phase 3 trial.,Poster Session,Genitourinary Cancer: Kidney and Bladder,61,3,https://www.asco.org/abstracts-presentations/266907,Trial in progress; Phase 3; Safety
PRESENTATION263114,1620,"A context-constrained oncology agent for automated, guideline-concordant treatment decision support in precision oncology.",Poster Session,Care Delivery/Models of Care,61,3,https://www.asco.org/abstracts-presentations/263114,Phase 3; Real-world evidence; Safety
PRESENTATION258747,1506,Analysis of an oral anticancer repository program and the impact on access to care.,Oral Abstract Session,Care Delivery/Models of Care,60,3,https://www.asco.org/abstracts-presentations/258747,Real-world evidence; Safety
PRESENTATION265955,8568,"Efficacy, safety, and cytokine profiling with addition of the toll-like receptor (TLR) 7/8 dual agonist EIK1001 to standard of care (SOC) first-line (1L) therapy: The phase 2 TeLuRide-005 trial in stage 4 NSCLC.",Poster Session,Lung Cancer: Non-Small Cell Metastatic,60,3,https://www.asco.org/abstracts-presentations/265955,Progression-free survival; Objective response; Safety
PRESENTATION258003,e14525,DLL3-targeted therapy with tarlatamab in small cell lung cancer across lines of therapy: A systematic review of prospective and randomized clinical trials.,Publication Only,Publication only,60,3,https://www.asco.org/abstracts-presentations/258003,Phase 3; Randomized; Overall survival; Progression-free survival; Objective response; Safety
PRESENTATION262686,e13087,"Analysis of eligibility and reporting standards for older patients with hormone receptor-positive, HER2-negative metastatic breast cancer (HR+ MBC) in pivotal phase III clinical trials, 2015-2025.",Publication Only,Publication only,60,3,https://www.asco.org/abstracts-presentations/262686,Phase 3; Randomized; Overall survival; Progression-free survival; Patient-reported outcomes; Real-world evidence; Safety
PRESENTATION263453,e13047,Efficacy and toxicity of CDK4/6 inhibitors in early and metastatic HR+/HER2- breast cancer.,Publication Only,Publication only,60,3,https://www.asco.org/abstracts-presentations/263453,Phase 3; Randomized; Overall survival; Progression-free survival; Objective response; Safety
PRESENTATION263443,e13043,"Efficacy and safety of AKT inhibitor NTQ1062 combined with fulvestrant in patients with HR-positive/HER2-negative metastatic breast cancer：a proof-of-concept, multicenter, open-label, nonrandomized, phase Ib/II study.",Publication Only,Publication only,60,3,https://www.asco.org/abstracts-presentations/263443,Phase 3; Randomized; Progression-free survival; Objective response; Biomarker; Safety
