state,url,source_role,status,file_path,text_path,title_or_label,reason
Hawaii,https://medquest.hawaii.gov/content/dam/formsanddocuments/med-quest/hawaii-state-plan/hawaii-medicaid-state-plan-attachments/Attachment%203%20%28Rev.%2005.2024%29je05.22.24%282%29.pdf,matrix: Hawaii Medicaid State Plan attachment,saved_current_state,documents\hawaii\001__matrix-hawaii-medicaid-state-plan-attachment-medquest-hawaii-gov-content-dam-formsanddocum.pdf,text\hawaii\001__matrix-hawaii-medicaid-state-plan-attachment-medquest-hawaii-gov-content-dam-formsanddocum.txt,matrix: Hawaii Medicaid State Plan attachment,File was present in group-b at finalization time; no additional download attempted.
Hawaii,https://medquest.hawaii.gov/content/dam/formsanddocuments/pharmacy/2026.2.11%20Public%20Meeting%20Notice%20and%20Agenda.pdf,meeting-date: 2026-02-11 Med-QUEST Drug Use Review (DUR) Board,saved_current_state,documents\hawaii\002__meeting-date-2026-02-11-med-quest-drug-use-review-dur-board-medquest-hawaii-gov-content-da.pdf,text\hawaii\002__meeting-date-2026-02-11-med-quest-drug-use-review-dur-board-medquest-hawaii-gov-content-da.txt,meeting-date: 2026-02-11 Med-QUEST Drug Use Review (DUR) Board,File was present in group-b at finalization time; no additional download attempted.
Hawaii,https://medquest.hawaii.gov/content/dam/formsanddocuments/pharmacy/DUR%20Board%20Meeting%20Notice_Agenda%2005-14-2025%20Rev.pdf,meeting-date: 2025-08-13 Med-QUEST Drug Use Review (DUR) Board,saved_current_state,documents\hawaii\003__meeting-date-2025-08-13-med-quest-drug-use-review-dur-board-medquest-hawaii-gov-content-da.pdf,text\hawaii\003__meeting-date-2025-08-13-med-quest-drug-use-review-dur-board-medquest-hawaii-gov-content-da.txt,meeting-date: 2025-08-13 Med-QUEST Drug Use Review (DUR) Board,File was present in group-b at finalization time; no additional download attempted.
Hawaii,https://medquest.hawaii.gov/content/medquest/en/plans-providers/pharmacy/communications/provider-memos.html,matrix: provider memos,saved_current_state,documents\hawaii\004__matrix-provider-memos-medquest-hawaii-gov-content-medquest-en-plans-providers-pharmacy-com.html,text\hawaii\004__matrix-provider-memos-medquest-hawaii-gov-content-medquest-en-plans-providers-pharmacy-com.txt,Provider Memos,File was present in group-b at finalization time; no additional download attempted.
Hawaii,https://medquest.hawaii.gov/content/medquest/en/plans-providers/pharmacy/drug-coverage.html,matrix: Med-QUEST Drug Coverage,saved_current_state,documents\hawaii\005__matrix-med-quest-drug-coverage-medquest-hawaii-gov-content-medquest-en-plans-providers-pha.html,text\hawaii\005__matrix-med-quest-drug-coverage-medquest-hawaii-gov-content-medquest-en-plans-providers-pha.txt,Drug Coverage,File was present in group-b at finalization time; no additional download attempted.
Hawaii,https://medquest.hawaii.gov/en/about/Med-QUESTDrugUseReviewProgram.html,meeting-date: 2026-05-13 Med-QUEST Drug Use Review (DUR) Board,saved_current_state,documents\hawaii\006__meeting-date-2026-05-13-med-quest-drug-use-review-dur-board-medquest-hawaii-gov-en-about-m.html,text\hawaii\006__meeting-date-2026-05-13-med-quest-drug-use-review-dur-board-medquest-hawaii-gov-en-about-m.txt,Med-QUEST Drug Use Review,File was present in group-b at finalization time; no additional download attempted.
Hawaii,https://medquest.hawaii.gov/content/medquest/en/plans-providers/provider-memo.html,linked: Provider Memos,saved_current_state,documents\hawaii\007__linked-provider-memos-medquest-hawaii-gov-content-medquest-en-plans-providers-provider-mem.html,text\hawaii\007__linked-provider-memos-medquest-hawaii-gov-content-medquest-en-plans-providers-provider-mem.txt,Provider Memos,File was present in group-b at finalization time; no additional download attempted.
Hawaii,https://medquest.hawaii.gov/content/medquest/en/plans-providers/pharmacy/drug-coverage/hawaii-otc-formulary.html,linked: Hawaii OTC Formulary,saved_current_state,documents\hawaii\008__linked-hawaii-otc-formulary-medquest-hawaii-gov-content-medquest-en-plans-providers-pharma.html,text\hawaii\008__linked-hawaii-otc-formulary-medquest-hawaii-gov-content-medquest-en-plans-providers-pharma.txt,Hawaii OTC Formulary,File was present in group-b at finalization time; no additional download attempted.
Hawaii,https://medquest.hawaii.gov/content/medquest/en/plans-providers/pharmacy/drug-coverage/pa-criteria.html,linked: PA Criteria,saved_current_state,documents\hawaii\009__linked-pa-criteria-medquest-hawaii-gov-content-medquest-en-plans-providers-pharmacy-drug-c.html,text\hawaii\009__linked-pa-criteria-medquest-hawaii-gov-content-medquest-en-plans-providers-pharmacy-drug-c.txt,PA Criteria,File was present in group-b at finalization time; no additional download attempted.
Hawaii,https://medquest.hawaii.gov/content/medquest/en/plans-providers/pharmacy/drug-coverage/formulary-drug-search.html,linked: Hawaii Fee-For-Services Formulary Search,saved_current_state,documents\hawaii\010__linked-hawaii-fee-for-services-formulary-search-medquest-hawaii-gov-content-medquest-en-pl.html,text\hawaii\010__linked-hawaii-fee-for-services-formulary-search-medquest-hawaii-gov-content-medquest-en-pl.txt,Hawaii Fee-For-Services Formulary Search,File was present in group-b at finalization time; no additional download attempted.
Hawaii,https://medquest.hawaii.gov/content/medquest/en/plans-providers/pharmacy/drug-coverage/mco-formulary-search.html,linked: MCO Formulary Search,saved_current_state,documents\hawaii\011__linked-mco-formulary-search-medquest-hawaii-gov-content-medquest-en-plans-providers-pharma.html,text\hawaii\011__linked-mco-formulary-search-medquest-hawaii-gov-content-medquest-en-plans-providers-pharma.txt,MCO Formulary Search,File was present in group-b at finalization time; no additional download attempted.
Hawaii,https://medquest.hawaii.gov/content/medquest/en/plans-providers/pharmacy/communications/drug-rebate-report.html,linked: Drug Rebate Report,saved_current_state,documents\hawaii\012__linked-drug-rebate-report-medquest-hawaii-gov-content-medquest-en-plans-providers-pharmacy.html,text\hawaii\012__linked-drug-rebate-report-medquest-hawaii-gov-content-medquest-en-plans-providers-pharmacy.txt,Drug Rebate Report,File was present in group-b at finalization time; no additional download attempted.
Hawaii,https://medquest.hawaii.gov/content/medquest/en/plans-providers/provider-resources/prior-authorization-process-changes-and-metrics.html,linked: Prior Authorization Process Changes and Metrics,saved_current_state,documents\hawaii\013__linked-prior-authorization-process-changes-and-metrics-medquest-hawaii-gov-content-medques.html,text\hawaii\013__linked-prior-authorization-process-changes-and-metrics-medquest-hawaii-gov-content-medques.txt,Prior Authorization Process Changes and Metrics,File was present in group-b at finalization time; no additional download attempted.
Hawaii,https://medquest.hawaii.gov/content/dam/formsanddocuments/pharmacy/2021-11-10_DUR_Meeting_Minutes_clean_draft.pdf,linked: Minutes,saved_current_state,documents\hawaii\015__linked-minutes-medquest-hawaii-gov-content-dam-formsanddocuments-pharmacy-2021-11-10-dur-m.pdf,text\hawaii\015__linked-minutes-medquest-hawaii-gov-content-dam-formsanddocuments-pharmacy-2021-11-10-dur-m.txt,linked: Minutes,File was present in group-b at finalization time; no additional download attempted.
Hawaii,https://medquest.hawaii.gov/content/dam/formsanddocuments/pharmacy/DUR_Board_%20Meeting_%20Notice_Agenda_05-17-2023.pdf,linked: Meeting Notice and Agenda,saved_current_state,documents\hawaii\016__linked-meeting-notice-and-agenda-medquest-hawaii-gov-content-dam-formsanddocuments-pharmac.pdf,text\hawaii\016__linked-meeting-notice-and-agenda-medquest-hawaii-gov-content-dam-formsanddocuments-pharmac.txt,linked: Meeting Notice and Agenda,File was present in group-b at finalization time; no additional download attempted.
Hawaii,https://medquest.hawaii.gov/content/dam/formsanddocuments/pharmacy/DUR_Meeting_Minutes_05-17-2023.pdf,linked: Minutes,saved_current_state,documents\hawaii\017__linked-minutes-medquest-hawaii-gov-content-dam-formsanddocuments-pharmacy-dur-meeting-minu.pdf,text\hawaii\017__linked-minutes-medquest-hawaii-gov-content-dam-formsanddocuments-pharmacy-dur-meeting-minu.txt,linked: Minutes,File was present in group-b at finalization time; no additional download attempted.
Hawaii,https://medquest.hawaii.gov/content/dam/formsanddocuments/pharmacy/DUR_Board_Meeting_Notice_Agenda_08-09-2023.pdf,linked: Meeting Notice and Agenda,saved_current_state,documents\hawaii\018__linked-meeting-notice-and-agenda-medquest-hawaii-gov-content-dam-formsanddocuments-pharmac.pdf,text\hawaii\018__linked-meeting-notice-and-agenda-medquest-hawaii-gov-content-dam-formsanddocuments-pharmac.txt,linked: Meeting Notice and Agenda,File was present in group-b at finalization time; no additional download attempted.
Hawaii,https://medquest.hawaii.gov/content/dam/formsanddocuments/pharmacy/DUR_Meeting_Minutes_08-09-2023.pdf,linked: Minutes,saved_current_state,documents\hawaii\019__linked-minutes-medquest-hawaii-gov-content-dam-formsanddocuments-pharmacy-dur-meeting-minu.pdf,text\hawaii\019__linked-minutes-medquest-hawaii-gov-content-dam-formsanddocuments-pharmacy-dur-meeting-minu.txt,linked: Minutes,File was present in group-b at finalization time; no additional download attempted.
Hawaii,https://medquest.hawaii.gov/content/dam/formsanddocuments/pharmacy/DUR%20Board%20Meeting%20Notice_Agenda_2023.11.29.pdf,linked: Meeting Notice and Agenda,saved_current_state,documents\hawaii\020__linked-meeting-notice-and-agenda-medquest-hawaii-gov-content-dam-formsanddocuments-pharmac.pdf,text\hawaii\020__linked-meeting-notice-and-agenda-medquest-hawaii-gov-content-dam-formsanddocuments-pharmac.txt,linked: Meeting Notice and Agenda,File was present in group-b at finalization time; no additional download attempted.
Hawaii,https://medquest.hawaii.gov/content/dam/formsanddocuments/pharmacy/DUR_Meeting_Minutes-11-29-2023.pdf,linked: Minutes,saved_current_state,documents\hawaii\021__linked-minutes-medquest-hawaii-gov-content-dam-formsanddocuments-pharmacy-dur-meeting-minu.pdf,text\hawaii\021__linked-minutes-medquest-hawaii-gov-content-dam-formsanddocuments-pharmacy-dur-meeting-minu.txt,linked: Minutes,File was present in group-b at finalization time; no additional download attempted.
Hawaii,https://medquest.hawaii.gov/content/dam/formsanddocuments/pharmacy/Meeting%20Notice_Agenda_2024.02.14.pdf,linked: Meeting Notice and Agenda,saved_current_state,documents\hawaii\022__linked-meeting-notice-and-agenda-medquest-hawaii-gov-content-dam-formsanddocuments-pharmac.pdf,text\hawaii\022__linked-meeting-notice-and-agenda-medquest-hawaii-gov-content-dam-formsanddocuments-pharmac.txt,linked: Meeting Notice and Agenda,File was present in group-b at finalization time; no additional download attempted.
Hawaii,https://medquest.hawaii.gov/content/dam/formsanddocuments/pharmacy/DUR_Meeting_%20Minutes-02-14-2024.pdf,linked: Minutes,saved_current_state,documents\hawaii\023__linked-minutes-medquest-hawaii-gov-content-dam-formsanddocuments-pharmacy-dur-meeting-minu.pdf,text\hawaii\023__linked-minutes-medquest-hawaii-gov-content-dam-formsanddocuments-pharmacy-dur-meeting-minu.txt,linked: Minutes,File was present in group-b at finalization time; no additional download attempted.
Hawaii,https://medquest.hawaii.gov/content/dam/formsanddocuments/pharmacy/DUR%20Board%20Meeting%20Notice_Agenda_2024.05.08.pdf,linked: Meeting Notice and Agenda,saved_current_state,documents\hawaii\024__linked-meeting-notice-and-agenda-medquest-hawaii-gov-content-dam-formsanddocuments-pharmac.pdf,text\hawaii\024__linked-meeting-notice-and-agenda-medquest-hawaii-gov-content-dam-formsanddocuments-pharmac.txt,linked: Meeting Notice and Agenda,File was present in group-b at finalization time; no additional download attempted.
Hawaii,https://medquest.hawaii.gov/content/dam/formsanddocuments/pharmacy/DUR_Meeting_Minutes-05-08-24_Rev%2008-12-24.pdf,linked: Minutes,saved_current_state,documents\hawaii\025__linked-minutes-medquest-hawaii-gov-content-dam-formsanddocuments-pharmacy-dur-meeting-minu.pdf,text\hawaii\025__linked-minutes-medquest-hawaii-gov-content-dam-formsanddocuments-pharmacy-dur-meeting-minu.txt,linked: Minutes,File was present in group-b at finalization time; no additional download attempted.
Hawaii,https://medquest.hawaii.gov/content/dam/formsanddocuments/pharmacy/DUR%20Board%20Meeting%20Notice_Agenda%2008-14-2024.pdf,linked: Meeting Notice and Agenda,saved_current_state,documents\hawaii\026__linked-meeting-notice-and-agenda-medquest-hawaii-gov-content-dam-formsanddocuments-pharmac.pdf,text\hawaii\026__linked-meeting-notice-and-agenda-medquest-hawaii-gov-content-dam-formsanddocuments-pharmac.txt,linked: Meeting Notice and Agenda,File was present in group-b at finalization time; no additional download attempted.
Hawaii,https://medquest.hawaii.gov/content/dam/formsanddocuments/pharmacy/DUR_Meeting_Minutes-08-14-24.pdf,linked: Minutes,saved_current_state,documents\hawaii\027__linked-minutes-medquest-hawaii-gov-content-dam-formsanddocuments-pharmacy-dur-meeting-minu.pdf,text\hawaii\027__linked-minutes-medquest-hawaii-gov-content-dam-formsanddocuments-pharmacy-dur-meeting-minu.txt,linked: Minutes,File was present in group-b at finalization time; no additional download attempted.
Hawaii,https://medquest.hawaii.gov/content/dam/formsanddocuments/pharmacy/DUR%20Bd_2025.05.14%20meeting%20minutes_Final.pdf,linked: Minutes,saved_current_state,documents\hawaii\028__linked-minutes-medquest-hawaii-gov-content-dam-formsanddocuments-pharmacy-dur-bd-2025-05-1.pdf,text\hawaii\028__linked-minutes-medquest-hawaii-gov-content-dam-formsanddocuments-pharmacy-dur-bd-2025-05-1.txt,linked: Minutes,File was present in group-b at finalization time; no additional download attempted.
Hawaii,https://medquest.hawaii.gov/content/dam/formsanddocuments/pharmacy/Meeting%20Minutes%2002-11-2026.pdf,linked: Minutes,saved_current_state,documents\hawaii\029__linked-minutes-medquest-hawaii-gov-content-dam-formsanddocuments-pharmacy-meeting-minutes.pdf,text\hawaii\029__linked-minutes-medquest-hawaii-gov-content-dam-formsanddocuments-pharmacy-meeting-minutes.txt,linked: Minutes,File was present in group-b at finalization time; no additional download attempted.
Hawaii,https://medquest.hawaii.gov/content/dam/formsanddocuments/pharmacy/2026.5.13%20Public%20Meeting%20Notice%20and%20Agenda.pdf,linked: Meeting Notice & Agenda,saved_current_state,documents\hawaii\030__linked-meeting-notice-agenda-medquest-hawaii-gov-content-dam-formsanddocuments-pharmacy-20.pdf,text\hawaii\030__linked-meeting-notice-agenda-medquest-hawaii-gov-content-dam-formsanddocuments-pharmacy-20.txt,linked: Meeting Notice & Agenda,File was present in group-b at finalization time; no additional download attempted.
Hawaii,https://medquest.hawaii.gov/content/dam/formsanddocuments/pharmacy/DRAFT_Meeting%20Minutes%205-13-2026.pdf,linked: Meeting Minutes Draft,saved_current_state,documents\hawaii\031__linked-meeting-minutes-draft-medquest-hawaii-gov-content-dam-formsanddocuments-pharmacy-dr.pdf,text\hawaii\031__linked-meeting-minutes-draft-medquest-hawaii-gov-content-dam-formsanddocuments-pharmacy-dr.txt,linked: Meeting Minutes Draft,File was present in group-b at finalization time; no additional download attempted.
Idaho,https://healthandwelfare.idaho.gov/about-dhw/boards-councils-committees/pharmacy-therapeutics-committee,meeting-date: 2026-05-01 Idaho Medicaid Pharmacy & Therapeutics Committee,saved_current_state,documents\idaho\001__meeting-date-2026-05-01-idaho-medicaid-pharmacy-therapeutics-committee-healthandwelfare-id.html,text\idaho\001__meeting-date-2026-05-01-idaho-medicaid-pharmacy-therapeutics-committee-healthandwelfare-id.txt,Pharmacy & Therapeutics Committee | Idaho Department of Health and Welfare,File was present in group-b at finalization time; no additional download attempted.
Idaho,https://townhall.idaho.gov/PublicMeeting/7046,meeting-date: 2025-10-03 Idaho Medicaid Pharmacy & Therapeutics Committee,saved_current_state,documents\idaho\002__meeting-date-2025-10-03-idaho-medicaid-pharmacy-therapeutics-committee-townhall-idaho-gov.html,text\idaho\002__meeting-date-2025-10-03-idaho-medicaid-pharmacy-therapeutics-committee-townhall-idaho-gov.txt,Townhall Idaho - Meeting,File was present in group-b at finalization time; no additional download attempted.
Idaho,https://publicdocuments.dhw.idaho.gov/WebLink/DocView.aspx?id=32984&dbid=0&repo=PUBLIC-DOCUMENTS,linked: Drug class review schedule,saved_current_state,documents\idaho\003__linked-drug-class-review-schedule-publicdocuments-dhw-idaho-gov-weblink-docview-aspx-id-32.html,text\idaho\003__linked-drug-class-review-schedule-publicdocuments-dhw-idaho-gov-weblink-docview-aspx-id-32.txt,linked: Drug class review schedule,File was present in group-b at finalization time; no additional download attempted.
Idaho,https://publicdocuments.dhw.idaho.gov/WebLink/DocView.aspx?id=23531&dbid=0&repo=PUBLIC-DOCUMENTS,linked: P&T Committee Bylaws,saved_current_state,documents\idaho\004__linked-p-t-committee-bylaws-publicdocuments-dhw-idaho-gov-weblink-docview-aspx-id-23531-db.html,text\idaho\004__linked-p-t-committee-bylaws-publicdocuments-dhw-idaho-gov-weblink-docview-aspx-id-23531-db.txt,linked: P&T Committee Bylaws,File was present in group-b at finalization time; no additional download attempted.
Idaho,https://publicdocuments.dhw.idaho.gov/WebLink/DocView.aspx?id=36360&dbid=0&repo=PUBLIC-DOCUMENTS,linked: Policy for Written Submissions from Pharmaceutical Manufacturers,saved_current_state,documents\idaho\005__linked-policy-for-written-submissions-from-pharmaceutical-manufacturers-publicdocuments-dh.html,text\idaho\005__linked-policy-for-written-submissions-from-pharmaceutical-manufacturers-publicdocuments-dh.txt,linked: Policy for Written Submissions from Pharmaceutical Manufacturers,File was present in group-b at finalization time; no additional download attempted.
Illinois,https://govappointments.illinois.gov/boardsandcommissions/details/?id=1516cb5e-2007-ee11-8f6d-001dd8068008,matrix: board details,saved_after_capped_gap_fill,documents\illinois\001__matrix-board-details-govappointments-illinois-gov-boardsandcommissions-details-id-1516cb5e.html,text\illinois\001__matrix-board-details-govappointments-illinois-gov-boardsandcommissions-details-id-1516cb5e.txt,Boards and Commissions Details - Appointments,Downloaded in bounded capped-gap fill.
Illinois,https://hfs.illinois.gov/medicalproviders/pharmacy/committeeondrugsandtherapeutics.html,meeting-date: 2026-04-09 Drugs and Therapeutics Advisory Board,saved_after_capped_gap_fill,documents\illinois\002__meeting-date-2026-04-09-drugs-and-therapeutics-advisory-board-hfs-illinois-gov-medicalprov.html,text\illinois\002__meeting-date-2026-04-09-drugs-and-therapeutics-advisory-board-hfs-illinois-gov-medicalprov.txt,Drugs and Therapeutics Advisory Board Agenda Request | HFS,Downloaded in bounded capped-gap fill.
Illinois,https://hfs.illinois.gov/medicalproviders/pharmacy/pdlbackground.html,matrix: PDL background,saved_after_capped_gap_fill,documents\illinois\011__matrix-pdl-background-hfs-illinois-gov-medicalproviders-pharmacy-pdlbackground-html.html,text\illinois\011__matrix-pdl-background-hfs-illinois-gov-medicalproviders-pharmacy-pdlbackground-html.txt,PDL Background | HFS,Downloaded in bounded capped-gap fill.
Indiana,https://www.in.gov/fssa/ompp/advisory-committees/ompp-meetings-and-agendas/,meeting-date: 2026-03-13 Therapeutics Committee,saved_after_capped_gap_fill,documents\indiana\001__meeting-date-2026-03-13-therapeutics-committee-www-in-gov-fssa-ompp-advisory-committees-om.html,text\indiana\001__meeting-date-2026-03-13-therapeutics-committee-www-in-gov-fssa-ompp-advisory-committees-om.txt,FSSA: Medicaid Policy: OMPP Meetings and Agendas IN.gov,Downloaded in bounded capped-gap fill.
Indiana,https://www.in.gov/medicaid/providers/clinical-services/pharmacy-benefits/,matrix: Indiana Pharmacy Benefits,saved_after_capped_gap_fill,documents\indiana\010__matrix-indiana-pharmacy-benefits-www-in-gov-medicaid-providers-clinical-services-pharmacy.html,text\indiana\010__matrix-indiana-pharmacy-benefits-www-in-gov-medicaid-providers-clinical-services-pharmacy.txt,Indiana Medicaid: Providers: Pharmacy Benefits IN.gov,Downloaded in bounded capped-gap fill.
Indiana,https://www.in.gov/medicaid/providers/clinical-services/pharmacy-benefits/pharmacy-services/,matrix: Pharmacy Services,saved_after_capped_gap_fill,documents\indiana\016__matrix-pharmacy-services-www-in-gov-medicaid-providers-clinical-services-pharmacy-benefits.html,text\indiana\016__matrix-pharmacy-services-www-in-gov-medicaid-providers-clinical-services-pharmacy-benefits.txt,Indiana Medicaid: Providers: Pharmacy Services IN.gov,Downloaded in bounded capped-gap fill.
Indiana,https://www.law.cornell.edu/regulations/indiana/405-IAC-14-2-61,matrix: 405 IAC 14-2-61,saved_after_capped_gap_fill,documents\indiana\018__matrix-405-iac-14-2-61-www-law-cornell-edu-regulations-indiana-405-iac-14-2-61.html,text\indiana\018__matrix-405-iac-14-2-61-www-law-cornell-edu-regulations-indiana-405-iac-14-2-61.txt,405 IAC 14-2-61 - Drug coverage | State Regulations | US Law | LII / Legal Information Institute,Downloaded in bounded capped-gap fill.
Iowa,https://hhs.iowa.gov/medicaid/provider-services/medicaid-pharmacy,matrix: Iowa Medicaid Pharmacy,saved_after_capped_gap_fill,documents\iowa\001__matrix-iowa-medicaid-pharmacy-hhs-iowa-gov-medicaid-provider-services-medicaid-pharmacy.html,text\iowa\001__matrix-iowa-medicaid-pharmacy-hhs-iowa-gov-medicaid-provider-services-medicaid-pharmacy.txt,Medicaid Pharmacy | Health & Human Services,Downloaded in bounded capped-gap fill.
Iowa,https://www.iowamedicaidpdl.com/pt-committee-public-comments/pt-committee-info.html,meeting-date: 2026-04-16 Medical Assistance Pharmaceutical & Therapeutics (P&T) Committee,saved_after_capped_gap_fill,documents\iowa\004__meeting-date-2026-04-16-medical-assistance-pharmaceutical-therapeutics-p-t-committee-www-i.html,text\iowa\004__meeting-date-2026-04-16-medical-assistance-pharmaceutical-therapeutics-p-t-committee-www-i.txt,P&T Committee Information,Downloaded in bounded capped-gap fill.
Iowa,https://www.iowamedicaidpdl.com/pt-committee-public-comments/public-comments.html,matrix: public comments,saved_after_capped_gap_fill,documents\iowa\013__matrix-public-comments-www-iowamedicaidpdl-com-pt-committee-public-comments-public-comment.html,text\iowa\013__matrix-public-comments-www-iowamedicaidpdl-com-pt-committee-public-comments-public-comment.txt,Public Comments,Downloaded in bounded capped-gap fill.
Kansas,https://www.coronavirus.kdheks.gov/202/Drug-Utilization-Review-Board,matrix: DUR Board,saved_after_capped_gap_fill,documents\kansas\001__matrix-dur-board-www-coronavirus-kdheks-gov-202-drug-utilization-review-board.html,text\kansas\001__matrix-dur-board-www-coronavirus-kdheks-gov-202-drug-utilization-review-board.txt,"Drug Utilization Review Board | KDHE, KS Arrow Left Arrow Right Slideshow Left Arrow Slideshow Right Arrow",Downloaded in bounded capped-gap fill.
Kansas,https://www.kdhe.ks.gov/212/Preferred-Drug-List-Program,matrix: Kansas PDL Program,saved_after_capped_gap_fill,documents\kansas\008__matrix-kansas-pdl-program-www-kdhe-ks-gov-212-preferred-drug-list-program.html,text\kansas\008__matrix-kansas-pdl-program-www-kdhe-ks-gov-212-preferred-drug-list-program.txt,"Preferred Drug List Program | KDHE, KS Arrow Left Arrow Right Slideshow Left Arrow Slideshow Right Arrow",Downloaded in bounded capped-gap fill.
Kansas,https://www.kdhe.ks.gov/238/Preferred-Drug-List-Advisory-Committee,matrix: PDL Advisory Committee,saved_after_capped_gap_fill,documents\kansas\013__matrix-pdl-advisory-committee-www-kdhe-ks-gov-238-preferred-drug-list-advisory-committee.html,text\kansas\013__matrix-pdl-advisory-committee-www-kdhe-ks-gov-238-preferred-drug-list-advisory-committee.txt,"Preferred Drug List Advisory Committee | KDHE, KS Arrow Left Arrow Right Slideshow Left Arrow Slideshow Right Arrow",Downloaded in bounded capped-gap fill.
Kansas,https://www.kdhe.ks.gov/DocumentCenter/View/52547/DUR-Minutes---July-2025-PDF,meeting-date: 2025-07-16 Drug Utilization Review Board,saved_after_capped_gap_fill,documents\kansas\020__meeting-date-2025-07-16-drug-utilization-review-board-www-kdhe-ks-gov-documentcenter-view.pdf,text\kansas\020__meeting-date-2025-07-16-drug-utilization-review-board-www-kdhe-ks-gov-documentcenter-view.txt,meeting-date: 2025-07-16 Drug Utilization Review Board,Downloaded in bounded capped-gap fill.
Kansas,https://www.kdhe.ks.gov/DocumentCenter/View/55403/Agenda-January-2026-DUR?bidId=,meeting-date: 2026-01-21 Drug Utilization Review Board,saved_after_capped_gap_fill,documents\kansas\021__meeting-date-2026-01-21-drug-utilization-review-board-www-kdhe-ks-gov-documentcenter-view.pdf,text\kansas\021__meeting-date-2026-01-21-drug-utilization-review-board-www-kdhe-ks-gov-documentcenter-view.txt,meeting-date: 2026-01-21 Drug Utilization Review Board,Downloaded in bounded capped-gap fill.
Kansas,https://www.kdhe.ks.gov/DocumentCenter/View/56376/DUR-Minutes---October-2025-FINAL?bidId=,meeting-date: 2025-10-22 Drug Utilization Review Board,saved_after_capped_gap_fill,documents\kansas\022__meeting-date-2025-10-22-drug-utilization-review-board-www-kdhe-ks-gov-documentcenter-view.pdf,text\kansas\022__meeting-date-2025-10-22-drug-utilization-review-board-www-kdhe-ks-gov-documentcenter-view.txt,meeting-date: 2025-10-22 Drug Utilization Review Board,Downloaded in bounded capped-gap fill.
Kansas,https://www.kdhe.ks.gov/DocumentCenter/View/58733/Agenda-May-2026-DUR?bidId=,meeting-date: 2026-05-20 Drug Utilization Review Board,saved_after_capped_gap_fill,documents\kansas\023__meeting-date-2026-05-20-drug-utilization-review-board-www-kdhe-ks-gov-documentcenter-view.pdf,text\kansas\023__meeting-date-2026-05-20-drug-utilization-review-board-www-kdhe-ks-gov-documentcenter-view.txt,meeting-date: 2026-05-20 Drug Utilization Review Board,Downloaded in bounded capped-gap fill.
Kentucky,https://apps.legislature.ky.gov/law/kar/titles/907/023/010/REG/,matrix: 907 KAR 23:010,saved_after_capped_gap_fill,documents\kentucky\001__matrix-907-kar-23-010-apps-legislature-ky-gov-law-kar-titles-907-023-010-reg.html,text\kentucky\001__matrix-907-kar-23-010-apps-legislature-ky-gov-law-kar-titles-907-023-010-reg.txt,Title 907 Chapter 23 Regulation 010 • Kentucky Administrative Regulations • Legislative Research Commission,Downloaded in bounded capped-gap fill.
Kentucky,https://apps.legislature.ky.gov/law/statutes/statute.aspx?id=40947,matrix: KRS 205.564,blocked_or_failed,,,matrix: KRS 205.564,URLError: <urlopen error _ssl.c:989: The handshake operation timed out>
Kentucky,https://kyportal.medimpact.com/medicaid-manufacturer-portal/medicaid-manufacturer-portal-home,matrix: MedImpact manufacturer portal,saved_after_capped_gap_fill,documents\kentucky\002__matrix-medimpact-manufacturer-portal-kyportal-medimpact-com-medicaid-manufacturer-portal-m.html,text\kentucky\002__matrix-medimpact-manufacturer-portal-kyportal-medimpact-com-medicaid-manufacturer-portal-m.txt,Medicaid Manufacturer Portal Home | Kentucky,Downloaded in bounded capped-gap fill.
Kentucky,https://kyportal.medimpact.com/provider-documents/pt-committee,meeting-date: 2026-04-21 Kentucky Medicaid Pharmacy and Therapeutics Advisory Committee,saved_after_capped_gap_fill,documents\kentucky\008__meeting-date-2026-04-21-kentucky-medicaid-pharmacy-and-therapeutics-advisory-committee-kyp.html,text\kentucky\008__meeting-date-2026-04-21-kentucky-medicaid-pharmacy-and-therapeutics-advisory-committee-kyp.txt,P&T Committee | Kentucky,Downloaded in bounded capped-gap fill.
Kentucky,https://www.chfs.ky.gov/agencies/dms/dpo/ppb/Pages/p-tac.aspx,matrix: Kentucky P&T Advisory Committee,saved_after_capped_gap_fill,documents\kentucky\017__matrix-kentucky-p-t-advisory-committee-www-chfs-ky-gov-agencies-dms-dpo-ppb-pages-p-tac-as.html,text\kentucky\017__matrix-kentucky-p-t-advisory-committee-www-chfs-ky-gov-agencies-dms-dpo-ppb-pages-p-tac-as.txt,Pharmacy and Therapeutics Advisory Committee - Cabinet for Health and Family Services,Downloaded in bounded capped-gap fill.
Louisiana,https://ldh.la.gov/Pharmacy,matrix: LDH Pharmacy,saved_after_capped_gap_fill,documents\louisiana\001__matrix-ldh-pharmacy-ldh-la-gov-pharmacy.html,text\louisiana\001__matrix-ldh-pharmacy-ldh-la-gov-pharmacy.txt,Pharmacy | Louisiana Department of Health,Downloaded in bounded capped-gap fill.
Louisiana,https://ldh.la.gov/medicaid/pharmaceutical-and-therapeutic-committee,meeting-date: 2026-05-06 Medicaid Pharmaceutical and Therapeutics Committee,saved_after_capped_gap_fill,documents\louisiana\009__meeting-date-2026-05-06-medicaid-pharmaceutical-and-therapeutics-committee-ldh-la-gov-medi.html,text\louisiana\009__meeting-date-2026-05-06-medicaid-pharmaceutical-and-therapeutics-committee-ldh-la-gov-medi.txt,Pharmaceutical and Therapeutic Committee | Louisiana Department of Health,Downloaded in bounded capped-gap fill.
Louisiana,https://wwwcfprd.doa.louisiana.gov/boardsandcommissions/viewBoard.cfm?board=491,matrix: Boards and Commissions profile,saved_after_capped_gap_fill,documents\louisiana\018__matrix-boards-and-commissions-profile-wwwcfprd-doa-louisiana-gov-boardsandcommissions-view.html,text\louisiana\018__matrix-boards-and-commissions-profile-wwwcfprd-doa-louisiana-gov-boardsandcommissions-view.txt,State of Louisiana - Boards and Commissions,Downloaded in bounded capped-gap fill.
Maine,https://www.maine.gov/dhhs/oms/mainecare-options/covered-services-benefits,matrix: MaineCare pharmacy,saved_after_capped_gap_fill,documents\maine\001__matrix-mainecare-pharmacy-www-maine-gov-dhhs-oms-mainecare-options-covered-services-benefi.html,text\maine\001__matrix-mainecare-pharmacy-www-maine-gov-dhhs-oms-mainecare-options-covered-services-benefi.txt,Covered Services & Benefits | Department of Health and Human Services,Downloaded in bounded capped-gap fill.
Maine,https://www.mainecarepdl.org/content/mainecarepdl/en/drug-utilization-review,matrix: MaineCare DUR,saved_after_capped_gap_fill,documents\maine\004__matrix-mainecare-dur-www-mainecarepdl-org-content-mainecarepdl-en-drug-utilization-review.html,text\maine\004__matrix-mainecare-dur-www-mainecarepdl-org-content-mainecarepdl-en-drug-utilization-review.txt,Drug Utilization Review,Downloaded in bounded capped-gap fill.
Maine,https://www.mainecarepdl.org/content/mainecarepdl/en/drug-utilization-review.html,meeting-date: 2026-03-10 MaineCare Drug Utilization Review (DUR) Committee,saved_after_capped_gap_fill,documents\maine\013__meeting-date-2026-03-10-mainecare-drug-utilization-review-dur-committee-www-mainecarepdl-o.html,text\maine\013__meeting-date-2026-03-10-mainecare-drug-utilization-review-dur-committee-www-mainecarepdl-o.txt,Drug Utilization Review,Downloaded in bounded capped-gap fill.
Maine,https://www.mainecarepdl.org/content/mainecarepdl/en/preferred-drug-lists.html,matrix: MaineCare PDL,saved_after_capped_gap_fill,documents\maine\022__matrix-mainecare-pdl-www-mainecarepdl-org-content-mainecarepdl-en-preferred-drug-lists-htm.html,text\maine\022__matrix-mainecare-pdl-www-mainecarepdl-org-content-mainecarepdl-en-preferred-drug-lists-htm.txt,Preferred Drug Lists (PDL),Downloaded in bounded capped-gap fill.
Maryland,https://health.maryland.gov/mmcp/pap/docs/P%26T%20MEETING/Web%20agenda%20for%20PT%20November%202025.pdf,matrix: P&T agenda example,blocked_or_failed,,,matrix: P&T agenda example,HTTP 404: Not Found
Maryland,https://health.maryland.gov/mmcp/pap/pages/Preferred-Drug-List.aspx,matrix: PDL,saved_after_capped_gap_fill,documents\maryland\001__matrix-pdl-health-maryland-gov-mmcp-pap-pages-preferred-drug-list-aspx.html,text\maryland\001__matrix-pdl-health-maryland-gov-mmcp-pap-pages-preferred-drug-list-aspx.txt,Pages - Preferred Drug List,Downloaded in bounded capped-gap fill.
Maryland,https://health.maryland.gov/mmcp/pap/pages/Public-Meeting-Announcement-and-Procedures-for-Public-Testimony.aspx,meeting-date: 2025-11-06 Maryland Medicaid Pharmacy and Therapeutics (P&T) Committee,blocked_or_failed,,,meeting-date: 2025-11-06 Maryland Medicaid Pharmacy and Therapeutics (P&T) Committee,HTTP 404: Not Found
Maryland,https://health.maryland.gov/mmcp/pap/pages/pharmacy-therapeutics-committee-members.aspx,matrix: P&T Committee members,blocked_or_failed,,,matrix: P&T Committee members,HTTP 404: Not Found
Maryland,https://health.maryland.gov/mmcp/pap/pages/public-meeting-announcement-and-procedures-for-public-testimony.aspx,meeting-date: 2026-05-07 Maryland Medicaid Pharmacy and Therapeutics (P&T) Committee,blocked_or_failed,,,meeting-date: 2026-05-07 Maryland Medicaid Pharmacy and Therapeutics (P&T) Committee,HTTP 404: Not Found
Maryland,https://www.law.cornell.edu/regulations/maryland/COMAR-10-09-03-12,matrix: COMAR 10.09.03.12,saved_after_capped_gap_fill,documents\maryland\004__matrix-comar-10-09-03-12-www-law-cornell-edu-regulations-maryland-comar-10-09-03-12.html,text\maryland\004__matrix-comar-10-09-03-12-www-law-cornell-edu-regulations-maryland-comar-10-09-03-12.txt,Md. Code Regs. 10.09.03.12 - Preferred Drug Program | State Regulations | US Law | LII / Legal Information Institute,Downloaded in bounded capped-gap fill.
Illinois,https://hfs.illinois.gov/medicalproviders/pharmacy/agendarequest.html,linked from capped seed: Drugs and Therapeutics Advisory Board Agenda Request,saved_after_capped_gap_fill,documents\illinois\003__linked-from-capped-seed-drugs-and-therapeutics-advisory-board-agenda-request-hfs-illinois.html,text\illinois\003__linked-from-capped-seed-drugs-and-therapeutics-advisory-board-agenda-request-hfs-illinois.txt,Drugs and Therapeutics Advisory Board Agenda Request,Bounded same-page relevant link from seed: https://hfs.illinois.gov/medicalproviders/pharmacy/committeeondrugsandtherapeutics.html
Illinois,https://hfs.illinois.gov/medicalproviders/pharmacy/preferred.html,linked from capped seed: Preferred Drug List (PDL),saved_after_capped_gap_fill,documents\illinois\004__linked-from-capped-seed-preferred-drug-list-pdl-hfs-illinois-gov-medicalproviders-pharmacy.html,text\illinois\004__linked-from-capped-seed-preferred-drug-list-pdl-hfs-illinois-gov-medicalproviders-pharmacy.txt,Medicaid Preferred Drug List | HFS,Bounded same-page relevant link from seed: https://hfs.illinois.gov/medicalproviders/pharmacy/committeeondrugsandtherapeutics.html
Illinois,https://hfs.illinois.gov/medicalproviders/pharmacy/classreviewschedule.html,linked from capped seed: PDL Classes under review for the upcoming D and T meeting,saved_after_capped_gap_fill,documents\illinois\005__linked-from-capped-seed-pdl-classes-under-review-for-the-upcoming-d-and-t-meeting-hfs-illi.html,text\illinois\005__linked-from-capped-seed-pdl-classes-under-review-for-the-upcoming-d-and-t-meeting-hfs-illi.txt,Class Review Schedule | HFS,Bounded same-page relevant link from seed: https://hfs.illinois.gov/medicalproviders/pharmacy/committeeondrugsandtherapeutics.html
Illinois,https://hfs.illinois.gov/content/dam/soi/en/web/hfs/sitecollectiondocuments/dandtmeetingschedule2025.pdf,linked from capped seed: D and T Advisory Board Meeting Schedule 2025 (pdf),saved_after_capped_gap_fill,documents\illinois\006__linked-from-capped-seed-d-and-t-advisory-board-meeting-schedule-2025-pdf-hfs-illinois-gov.pdf,text\illinois\006__linked-from-capped-seed-d-and-t-advisory-board-meeting-schedule-2025-pdf-hfs-illinois-gov.txt,linked from capped seed: D and T Advisory Board Meeting Schedule 2025 (pdf),Bounded same-page relevant link from seed: https://hfs.illinois.gov/medicalproviders/pharmacy/committeeondrugsandtherapeutics.html
Illinois,https://hfs.illinois.gov/content/dam/soi/en/web/hfs/sitecollectiondocuments/dtschedulefor2024.pdf,linked from capped seed: D and T Advisory Board Meeting Schedule 2024 (pdf),saved_after_capped_gap_fill,documents\illinois\007__linked-from-capped-seed-d-and-t-advisory-board-meeting-schedule-2024-pdf-hfs-illinois-gov.pdf,text\illinois\007__linked-from-capped-seed-d-and-t-advisory-board-meeting-schedule-2024-pdf-hfs-illinois-gov.txt,linked from capped seed: D and T Advisory Board Meeting Schedule 2024 (pdf),Bounded same-page relevant link from seed: https://hfs.illinois.gov/medicalproviders/pharmacy/committeeondrugsandtherapeutics.html
Illinois,https://hfs.illinois.gov/content/dam/soi/en/web/hfs/sitecollectiondocuments/01112024dtabmeetingagenda.pdf,"linked from capped seed: January 11, 2024 Meeting Agenda (pdf)",saved_after_capped_gap_fill,documents\illinois\008__linked-from-capped-seed-january-11-2024-meeting-agenda-pdf-hfs-illinois-gov-content-dam-so.pdf,text\illinois\008__linked-from-capped-seed-january-11-2024-meeting-agenda-pdf-hfs-illinois-gov-content-dam-so.txt,"linked from capped seed: January 11, 2024 Meeting Agenda (pdf)",Bounded same-page relevant link from seed: https://hfs.illinois.gov/medicalproviders/pharmacy/committeeondrugsandtherapeutics.html
Illinois,https://hfs.illinois.gov/content/dam/soi/en/web/hfs/sitecollectiondocuments/04112024dtabmeetingagenda.pdf,"linked from capped seed: April 11, 2024 Meeting Agenda (pdf)",saved_after_capped_gap_fill,documents\illinois\009__linked-from-capped-seed-april-11-2024-meeting-agenda-pdf-hfs-illinois-gov-content-dam-soi.pdf,text\illinois\009__linked-from-capped-seed-april-11-2024-meeting-agenda-pdf-hfs-illinois-gov-content-dam-soi.txt,"linked from capped seed: April 11, 2024 Meeting Agenda (pdf)",Bounded same-page relevant link from seed: https://hfs.illinois.gov/medicalproviders/pharmacy/committeeondrugsandtherapeutics.html
Illinois,https://hfs.illinois.gov/content/dam/soi/en/web/hfs/sitecollectiondocuments/08012024dtabmeetingagenda.pdf,"linked from capped seed: August 1, 2024 Meeting Agenda (pdf)",saved_after_capped_gap_fill,documents\illinois\010__linked-from-capped-seed-august-1-2024-meeting-agenda-pdf-hfs-illinois-gov-content-dam-soi.pdf,text\illinois\010__linked-from-capped-seed-august-1-2024-meeting-agenda-pdf-hfs-illinois-gov-content-dam-soi.txt,"linked from capped seed: August 1, 2024 Meeting Agenda (pdf)",Bounded same-page relevant link from seed: https://hfs.illinois.gov/medicalproviders/pharmacy/committeeondrugsandtherapeutics.html
Indiana,https://www.in.gov/fssa/ompp/files/DUR-May26.pdf,"linked from capped seed: May 15, 2026",saved_after_capped_gap_fill,documents\indiana\003__linked-from-capped-seed-may-15-2026-www-in-gov-fssa-ompp-files-dur-may26-pdf.pdf,text\indiana\003__linked-from-capped-seed-may-15-2026-www-in-gov-fssa-ompp-files-dur-may26-pdf.txt,"linked from capped seed: May 15, 2026",Bounded same-page relevant link from seed: https://www.in.gov/fssa/ompp/advisory-committees/ompp-meetings-and-agendas/
Indiana,https://www.in.gov/fssa/ompp/files/DUR-Apr26.pdf,"linked from capped seed: April 17,2026",saved_after_capped_gap_fill,documents\indiana\004__linked-from-capped-seed-april-17-2026-www-in-gov-fssa-ompp-files-dur-apr26-pdf.pdf,text\indiana\004__linked-from-capped-seed-april-17-2026-www-in-gov-fssa-ompp-files-dur-apr26-pdf.txt,"linked from capped seed: April 17,2026",Bounded same-page relevant link from seed: https://www.in.gov/fssa/ompp/advisory-committees/ompp-meetings-and-agendas/
Indiana,https://www.in.gov/fssa/ompp/files/DUR-Feb26.pdf,"linked from capped seed: February 20,2026",saved_after_capped_gap_fill,documents\indiana\005__linked-from-capped-seed-february-20-2026-www-in-gov-fssa-ompp-files-dur-feb26-pdf.pdf,text\indiana\005__linked-from-capped-seed-february-20-2026-www-in-gov-fssa-ompp-files-dur-feb26-pdf.txt,"linked from capped seed: February 20,2026",Bounded same-page relevant link from seed: https://www.in.gov/fssa/ompp/advisory-committees/ompp-meetings-and-agendas/
Indiana,https://www.in.gov/fssa/ompp/files/DUR-Jan-26.pdf,"linked from capped seed: January 16, 2026",saved_after_capped_gap_fill,documents\indiana\006__linked-from-capped-seed-january-16-2026-www-in-gov-fssa-ompp-files-dur-jan-26-pdf.pdf,text\indiana\006__linked-from-capped-seed-january-16-2026-www-in-gov-fssa-ompp-files-dur-jan-26-pdf.txt,"linked from capped seed: January 16, 2026",Bounded same-page relevant link from seed: https://www.in.gov/fssa/ompp/advisory-committees/ompp-meetings-and-agendas/
Indiana,https://www.in.gov/fssa/ompp/files/DUR-Nov25Notice.pdf,"linked from capped seed: November 21, 2025",saved_after_capped_gap_fill,documents\indiana\007__linked-from-capped-seed-november-21-2025-www-in-gov-fssa-ompp-files-dur-nov25notice-pdf.pdf,text\indiana\007__linked-from-capped-seed-november-21-2025-www-in-gov-fssa-ompp-files-dur-nov25notice-pdf.txt,"linked from capped seed: November 21, 2025",Bounded same-page relevant link from seed: https://www.in.gov/fssa/ompp/advisory-committees/ompp-meetings-and-agendas/
Indiana,https://www.in.gov/fssa/ompp/files/DUR-Oct2025.pdf,"linked from capped seed: October 17, 2025",saved_after_capped_gap_fill,documents\indiana\008__linked-from-capped-seed-october-17-2025-www-in-gov-fssa-ompp-files-dur-oct2025-pdf.pdf,text\indiana\008__linked-from-capped-seed-october-17-2025-www-in-gov-fssa-ompp-files-dur-oct2025-pdf.txt,"linked from capped seed: October 17, 2025",Bounded same-page relevant link from seed: https://www.in.gov/fssa/ompp/advisory-committees/ompp-meetings-and-agendas/
Indiana,https://www.in.gov/fssa/ompp/files/DUR-Sept2025.pdf,"linked from capped seed: September 19, 2025",saved_after_capped_gap_fill,documents\indiana\009__linked-from-capped-seed-september-19-2025-www-in-gov-fssa-ompp-files-dur-sept2025-pdf.pdf,text\indiana\009__linked-from-capped-seed-september-19-2025-www-in-gov-fssa-ompp-files-dur-sept2025-pdf.txt,"linked from capped seed: September 19, 2025",Bounded same-page relevant link from seed: https://www.in.gov/fssa/ompp/advisory-committees/ompp-meetings-and-agendas/
Indiana,https://www.in.gov/medicaid/providers/clinical-services/prior-authorization,linked from capped seed: Prior Authorization Prior Authorization Prior authorization is required for certain covered services to document the medical necessity for those services before services are rendered.,saved_after_capped_gap_fill,documents\indiana\014__linked-from-capped-seed-prior-authorization-prior-authorization-prior-authorization-is-req.html,text\indiana\014__linked-from-capped-seed-prior-authorization-prior-authorization-prior-authorization-is-req.txt,Indiana Medicaid: Providers: Prior Authorization IN.gov,Bounded same-page relevant link from seed: https://www.in.gov/medicaid/providers/clinical-services/pharmacy-benefits/
Iowa,https://www.iowamedicaidpdl.com/,linked from capped seed: Iowa Medicaid PDL website.,saved_after_capped_gap_fill,documents\iowa\002__linked-from-capped-seed-iowa-medicaid-pdl-website-www-iowamedicaidpdl-com.html,text\iowa\002__linked-from-capped-seed-iowa-medicaid-pdl-website-www-iowamedicaidpdl-com.txt,Iowa Medicaid PDL,Bounded same-page relevant link from seed: https://hhs.iowa.gov/medicaid/provider-services/medicaid-pharmacy
Iowa,https://hhs.iowa.gov/medicaid/provider-services/covered-services-rates-and-payments/prior-authorization,linked from capped seed: Prior Authorization,saved_after_capped_gap_fill,documents\iowa\003__linked-from-capped-seed-prior-authorization-hhs-iowa-gov-medicaid-provider-services-covere.html,text\iowa\003__linked-from-capped-seed-prior-authorization-hhs-iowa-gov-medicaid-provider-services-covere.txt,Prior Authorization | Health & Human Services,Bounded same-page relevant link from seed: https://hhs.iowa.gov/medicaid/provider-services/medicaid-pharmacy
Iowa,https://www.iowamedicaidpdl.com/pa-pdl/preferred-drug-lists.html,linked from capped seed: Preferred Drug Lists,saved_after_capped_gap_fill,documents\iowa\006__linked-from-capped-seed-preferred-drug-lists-www-iowamedicaidpdl-com-pa-pdl-preferred-drug.html,text\iowa\006__linked-from-capped-seed-preferred-drug-lists-www-iowamedicaidpdl-com-pa-pdl-preferred-drug.txt,Preferred Drug Lists,Bounded same-page relevant link from seed: https://www.iowamedicaidpdl.com/pt-committee-public-comments/pt-committee-info.html
Iowa,https://www.iowamedicaidpdl.com/pa-pdl/pa-forms.html,linked from capped seed: PA Forms,saved_after_capped_gap_fill,documents\iowa\007__linked-from-capped-seed-pa-forms-www-iowamedicaidpdl-com-pa-pdl-pa-forms-html.html,text\iowa\007__linked-from-capped-seed-pa-forms-www-iowamedicaidpdl-com-pa-pdl-pa-forms-html.txt,PA Forms,Bounded same-page relevant link from seed: https://www.iowamedicaidpdl.com/pt-committee-public-comments/pt-committee-info.html
Iowa,https://www.iowamedicaidpdl.com/pa-pdl/prior-authorization-criteria.html,linked from capped seed: Prior Authorization Criteria,saved_after_capped_gap_fill,documents\iowa\008__linked-from-capped-seed-prior-authorization-criteria-www-iowamedicaidpdl-com-pa-pdl-prior.html,text\iowa\008__linked-from-capped-seed-prior-authorization-criteria-www-iowamedicaidpdl-com-pa-pdl-prior.txt,Prior Authorization Criteria,Bounded same-page relevant link from seed: https://www.iowamedicaidpdl.com/pt-committee-public-comments/pt-committee-info.html
Iowa,https://www.iowamedicaidpdl.com/pa-pdl/new-drug-process.html,linked from capped seed: New Drug Process,saved_after_capped_gap_fill,documents\iowa\009__linked-from-capped-seed-new-drug-process-www-iowamedicaidpdl-com-pa-pdl-new-drug-process-h.html,text\iowa\009__linked-from-capped-seed-new-drug-process-www-iowamedicaidpdl-com-pa-pdl-new-drug-process-h.txt,New Drug Process,Bounded same-page relevant link from seed: https://www.iowamedicaidpdl.com/pt-committee-public-comments/pt-committee-info.html
Iowa,https://www.iowamedicaidpdl.com/pa-pdl/drug-status-policy-review.html,linked from capped seed: Policy for Review of Drug Status,saved_after_capped_gap_fill,documents\iowa\010__linked-from-capped-seed-policy-for-review-of-drug-status-www-iowamedicaidpdl-com-pa-pdl-dr.html,text\iowa\010__linked-from-capped-seed-policy-for-review-of-drug-status-www-iowamedicaidpdl-com-pa-pdl-dr.txt,Policy for Review of Drug Status,Bounded same-page relevant link from seed: https://www.iowamedicaidpdl.com/pt-committee-public-comments/pt-committee-info.html
Iowa,https://www.iowamedicaidpdl.com/pa-pdl/appeals-exceptions.html,linked from capped seed: Appeals & Exception to Policy,saved_after_capped_gap_fill,documents\iowa\011__linked-from-capped-seed-appeals-exception-to-policy-www-iowamedicaidpdl-com-pa-pdl-appeals.html,text\iowa\011__linked-from-capped-seed-appeals-exception-to-policy-www-iowamedicaidpdl-com-pa-pdl-appeals.txt,Appeals / Exceptions to Policy,Bounded same-page relevant link from seed: https://www.iowamedicaidpdl.com/pt-committee-public-comments/pt-committee-info.html
Iowa,https://www.iowamedicaidpdl.com/info-letters-provider-info/info-letters.html,linked from capped seed: Informational Letters,saved_after_capped_gap_fill,documents\iowa\012__linked-from-capped-seed-informational-letters-www-iowamedicaidpdl-com-info-letters-provide.html,text\iowa\012__linked-from-capped-seed-informational-letters-www-iowamedicaidpdl-com-info-letters-provide.txt,Informational letters,Bounded same-page relevant link from seed: https://www.iowamedicaidpdl.com/pt-committee-public-comments/pt-committee-info.html
Iowa,https://www.iowamedicaidpdl.com/billing/billing-quantity-limits.html,linked from capped seed: Billing / Quantity Limits,saved_after_capped_gap_fill,documents\iowa\017__linked-from-capped-seed-billing-quantity-limits-www-iowamedicaidpdl-com-billing-billing-qu.html,text\iowa\017__linked-from-capped-seed-billing-quantity-limits-www-iowamedicaidpdl-com-billing-billing-qu.txt,Billing / Quantity Limits,Bounded same-page relevant link from seed: https://www.iowamedicaidpdl.com/pt-committee-public-comments/public-comments.html
Iowa,https://www.iowamedicaidpdl.com/pt-committee-public-comments/rare-disease-drugs.html,linked from capped seed: Drugs for Rare Diseases,saved_after_capped_gap_fill,documents\iowa\021__linked-from-capped-seed-drugs-for-rare-diseases-www-iowamedicaidpdl-com-pt-committee-publi.html,text\iowa\021__linked-from-capped-seed-drugs-for-rare-diseases-www-iowamedicaidpdl-com-pt-committee-publi.txt,Drugs for rare diseases,Bounded same-page relevant link from seed: https://www.iowamedicaidpdl.com/pt-committee-public-comments/public-comments.html
Kansas,https://www.coronavirus.kdheks.gov/200/Drug-Utilization-Review-Program,linked from capped seed: Drug Utilization Review Program,saved_after_capped_gap_fill,documents\kansas\002__linked-from-capped-seed-drug-utilization-review-program-www-coronavirus-kdheks-gov-200-dru.html,text\kansas\002__linked-from-capped-seed-drug-utilization-review-program-www-coronavirus-kdheks-gov-200-dru.txt,"Drug Utilization Review Program | KDHE, KS Arrow Left Arrow Right Slideshow Left Arrow Slideshow Right Arrow",Bounded same-page relevant link from seed: https://www.coronavirus.kdheks.gov/202/Drug-Utilization-Review-Board
Kansas,https://www.coronavirus.kdheks.gov/DocumentCenter/View/15521/DUR-Conflict-of-Interest-Form-PDF,linked from capped seed: Conflict of Interest (COI) form (PDF),saved_after_capped_gap_fill,documents\kansas\003__linked-from-capped-seed-conflict-of-interest-coi-form-pdf-www-coronavirus-kdheks-gov-docum.pdf,text\kansas\003__linked-from-capped-seed-conflict-of-interest-coi-form-pdf-www-coronavirus-kdheks-gov-docum.txt,linked from capped seed: Conflict of Interest (COI) form (PDF),Bounded same-page relevant link from seed: https://www.coronavirus.kdheks.gov/202/Drug-Utilization-Review-Board
Kansas,https://www.kdhe.ks.gov/2007/Draft-PA-Criteria,linked from capped seed: Draft PA Criteria,saved_after_capped_gap_fill,documents\kansas\004__linked-from-capped-seed-draft-pa-criteria-www-kdhe-ks-gov-2007-draft-pa-criteria.html,text\kansas\004__linked-from-capped-seed-draft-pa-criteria-www-kdhe-ks-gov-2007-draft-pa-criteria.txt,"Draft PA Criteria | KDHE, KS Arrow Left Arrow Right Slideshow Left Arrow Slideshow Right Arrow",Bounded same-page relevant link from seed: https://www.coronavirus.kdheks.gov/202/Drug-Utilization-Review-Board
Kansas,https://www.coronavirus.kdheks.gov/DocumentCenter/View/58928,linked from capped seed: January 2026 Minutes (PDF),saved_after_capped_gap_fill,documents\kansas\005__linked-from-capped-seed-january-2026-minutes-pdf-www-coronavirus-kdheks-gov-documentcenter.pdf,text\kansas\005__linked-from-capped-seed-january-2026-minutes-pdf-www-coronavirus-kdheks-gov-documentcenter.txt,linked from capped seed: January 2026 Minutes (PDF),Bounded same-page relevant link from seed: https://www.coronavirus.kdheks.gov/202/Drug-Utilization-Review-Board
Kansas,https://www.coronavirus.kdheks.gov/Archive.aspx?AMID=100,linked from capped seed: Board Meeting Minutes,saved_after_capped_gap_fill,documents\kansas\006__linked-from-capped-seed-board-meeting-minutes-www-coronavirus-kdheks-gov-archive-aspx-amid.html,text\kansas\006__linked-from-capped-seed-board-meeting-minutes-www-coronavirus-kdheks-gov-archive-aspx-amid.txt,Archive Center • Division of Health Care Finance - Drug Util Arrow Left Arrow Right Slideshow Left Arrow Slideshow Right Arrow,Bounded same-page relevant link from seed: https://www.coronavirus.kdheks.gov/202/Drug-Utilization-Review-Board
Kansas,https://www.coronavirus.kdheks.gov/Archive.aspx?AMID=101,linked from capped seed: Agendas,saved_after_capped_gap_fill,documents\kansas\007__linked-from-capped-seed-agendas-www-coronavirus-kdheks-gov-archive-aspx-amid-101.html,text\kansas\007__linked-from-capped-seed-agendas-www-coronavirus-kdheks-gov-archive-aspx-amid-101.txt,Archive Center • Division of Health Care Finance - Drug Util Arrow Left Arrow Right Slideshow Left Arrow Slideshow Right Arrow,Bounded same-page relevant link from seed: https://www.coronavirus.kdheks.gov/202/Drug-Utilization-Review-Board
Kansas,https://www.kdhe.ks.gov/DocumentCenter/View/420,linked from capped seed: PDL - Preferred Drug List (PDF),saved_after_capped_gap_fill,documents\kansas\009__linked-from-capped-seed-pdl-preferred-drug-list-pdf-www-kdhe-ks-gov-documentcenter-view-42.pdf,text\kansas\009__linked-from-capped-seed-pdl-preferred-drug-list-pdf-www-kdhe-ks-gov-documentcenter-view-42.txt,linked from capped seed: PDL - Preferred Drug List (PDF),Bounded same-page relevant link from seed: https://www.kdhe.ks.gov/212/Preferred-Drug-List-Program
Kansas,https://www.kdhe.ks.gov/238/Preferred-Drug-List-Advisory-Committee,linked from capped seed: PDL Advisory Committee & Meeting Information,saved_after_capped_gap_fill,documents\kansas\010__linked-from-capped-seed-pdl-advisory-committee-meeting-information-www-kdhe-ks-gov-238-pre.html,text\kansas\010__linked-from-capped-seed-pdl-advisory-committee-meeting-information-www-kdhe-ks-gov-238-pre.txt,"Preferred Drug List Advisory Committee | KDHE, KS Arrow Left Arrow Right Slideshow Left Arrow Slideshow Right Arrow",Bounded same-page relevant link from seed: https://www.kdhe.ks.gov/212/Preferred-Drug-List-Program
Kansas,https://www.kdhe.ks.gov/200/Drug-Utilization-Review-Program,linked from capped seed: Drug Utilization Review Program,saved_after_capped_gap_fill,documents\kansas\011__linked-from-capped-seed-drug-utilization-review-program-www-kdhe-ks-gov-200-drug-utilizati.html,text\kansas\011__linked-from-capped-seed-drug-utilization-review-program-www-kdhe-ks-gov-200-drug-utilizati.txt,"Drug Utilization Review Program | KDHE, KS Arrow Left Arrow Right Slideshow Left Arrow Slideshow Right Arrow",Bounded same-page relevant link from seed: https://www.kdhe.ks.gov/212/Preferred-Drug-List-Program
Kansas,https://www.kdhe.ks.gov/202/Drug-Utilization-Review-Board,linked from capped seed: Drug Utilization Review Board,saved_after_capped_gap_fill,documents\kansas\012__linked-from-capped-seed-drug-utilization-review-board-www-kdhe-ks-gov-202-drug-utilization.html,text\kansas\012__linked-from-capped-seed-drug-utilization-review-board-www-kdhe-ks-gov-202-drug-utilization.txt,"Drug Utilization Review Board | KDHE, KS Arrow Left Arrow Right Slideshow Left Arrow Slideshow Right Arrow",Bounded same-page relevant link from seed: https://www.kdhe.ks.gov/212/Preferred-Drug-List-Program
Kansas,https://www.kdhe.ks.gov/DocumentCenter/View/15592/PDL-Conflict-of-Interest-Form-PDF,linked from capped seed: Conflict of Interest (COI) form (PDF),saved_after_capped_gap_fill,documents\kansas\014__linked-from-capped-seed-conflict-of-interest-coi-form-pdf-www-kdhe-ks-gov-documentcenter-v.pdf,text\kansas\014__linked-from-capped-seed-conflict-of-interest-coi-form-pdf-www-kdhe-ks-gov-documentcenter-v.txt,linked from capped seed: Conflict of Interest (COI) form (PDF),Bounded same-page relevant link from seed: https://www.kdhe.ks.gov/238/Preferred-Drug-List-Advisory-Committee
Kansas,https://www.kdhe.ks.gov/DocumentCenter/View/51716,linked from capped seed: January 2025 PDL Minutes (PDF),saved_after_capped_gap_fill,documents\kansas\015__linked-from-capped-seed-january-2025-pdl-minutes-pdf-www-kdhe-ks-gov-documentcenter-view-5.pdf,text\kansas\015__linked-from-capped-seed-january-2025-pdl-minutes-pdf-www-kdhe-ks-gov-documentcenter-view-5.txt,linked from capped seed: January 2025 PDL Minutes (PDF),Bounded same-page relevant link from seed: https://www.kdhe.ks.gov/238/Preferred-Drug-List-Advisory-Committee
Kansas,https://www.kdhe.ks.gov/DocumentCenter/View/56363,linked from capped seed: July 2025 PDL Minutes (PDF),saved_after_capped_gap_fill,documents\kansas\016__linked-from-capped-seed-july-2025-pdl-minutes-pdf-www-kdhe-ks-gov-documentcenter-view-5636.pdf,text\kansas\016__linked-from-capped-seed-july-2025-pdl-minutes-pdf-www-kdhe-ks-gov-documentcenter-view-5636.txt,linked from capped seed: July 2025 PDL Minutes (PDF),Bounded same-page relevant link from seed: https://www.kdhe.ks.gov/238/Preferred-Drug-List-Advisory-Committee
Kansas,https://www.kdhe.ks.gov/DocumentCenter/View/51520/Preferred-Drug-List-Committee-January-2026-PDF,linked from capped seed: Preferred Drug List Committee January 2026 (PDF),saved_after_capped_gap_fill,documents\kansas\017__linked-from-capped-seed-preferred-drug-list-committee-january-2026-pdf-www-kdhe-ks-gov-doc.pdf,text\kansas\017__linked-from-capped-seed-preferred-drug-list-committee-january-2026-pdf-www-kdhe-ks-gov-doc.txt,linked from capped seed: Preferred Drug List Committee January 2026 (PDF),Bounded same-page relevant link from seed: https://www.kdhe.ks.gov/238/Preferred-Drug-List-Advisory-Committee
Kansas,https://www.kdhe.ks.gov/Archive.aspx?AMID=103,linked from capped seed: Board Meeting Minutes,saved_after_capped_gap_fill,documents\kansas\018__linked-from-capped-seed-board-meeting-minutes-www-kdhe-ks-gov-archive-aspx-amid-103.html,text\kansas\018__linked-from-capped-seed-board-meeting-minutes-www-kdhe-ks-gov-archive-aspx-amid-103.txt,Archive Center • Division of Health Care Finance - Preferred Arrow Left Arrow Right Slideshow Left Arrow Slideshow Right Arrow,Bounded same-page relevant link from seed: https://www.kdhe.ks.gov/238/Preferred-Drug-List-Advisory-Committee
Kansas,https://www.kdhe.ks.gov/Archive.aspx?AMID=102,linked from capped seed: Agendas,saved_after_capped_gap_fill,documents\kansas\019__linked-from-capped-seed-agendas-www-kdhe-ks-gov-archive-aspx-amid-102.html,text\kansas\019__linked-from-capped-seed-agendas-www-kdhe-ks-gov-archive-aspx-amid-102.txt,Archive Center • Division of Health Care Finance - Preferred Arrow Left Arrow Right Slideshow Left Arrow Slideshow Right Arrow,Bounded same-page relevant link from seed: https://www.kdhe.ks.gov/238/Preferred-Drug-List-Advisory-Committee
Kentucky,https://kyportal.medimpact.com/provider-documents/pt-committee,linked from capped seed: P&T Committee,saved_after_capped_gap_fill,documents\kentucky\003__linked-from-capped-seed-p-t-committee-kyportal-medimpact-com-provider-documents-pt-committ.html,text\kentucky\003__linked-from-capped-seed-p-t-committee-kyportal-medimpact-com-provider-documents-pt-committ.txt,P&T Committee | Kentucky,Bounded same-page relevant link from seed: https://kyportal.medimpact.com/medicaid-manufacturer-portal/medicaid-manufacturer-portal-home
Kentucky,https://kyportal.medimpact.com/medicaid-member-portal/formulary-search,linked from capped seed: Drug Lookup,saved_after_capped_gap_fill,documents\kentucky\004__linked-from-capped-seed-drug-lookup-kyportal-medimpact-com-medicaid-member-portal-formular.html,text\kentucky\004__linked-from-capped-seed-drug-lookup-kyportal-medimpact-com-medicaid-member-portal-formular.txt,formulary search | Kentucky,Bounded same-page relevant link from seed: https://kyportal.medimpact.com/medicaid-manufacturer-portal/medicaid-manufacturer-portal-home
Kentucky,https://kyportal.medimpact.com/sites/default/files/2023-12/kentucky-medicaid-pdl.pdf,linked from capped seed: Preferred Drug List (PDL),saved_after_capped_gap_fill,documents\kentucky\005__linked-from-capped-seed-preferred-drug-list-pdl-kyportal-medimpact-com-sites-default-files.pdf,text\kentucky\005__linked-from-capped-seed-preferred-drug-list-pdl-kyportal-medimpact-com-sites-default-files.txt,linked from capped seed: Preferred Drug List (PDL),Bounded same-page relevant link from seed: https://kyportal.medimpact.com/medicaid-manufacturer-portal/medicaid-manufacturer-portal-home
Kentucky,https://kyportal.medimpact.com/sites/default/files/2023-12/kentucky-medicaid-pa-criteria.pdf,linked from capped seed: Prior Authorization (PA) Criteria,saved_after_capped_gap_fill,documents\kentucky\006__linked-from-capped-seed-prior-authorization-pa-criteria-kyportal-medimpact-com-sites-defau.pdf,text\kentucky\006__linked-from-capped-seed-prior-authorization-pa-criteria-kyportal-medimpact-com-sites-defau.txt,linked from capped seed: Prior Authorization (PA) Criteria,Bounded same-page relevant link from seed: https://kyportal.medimpact.com/medicaid-manufacturer-portal/medicaid-manufacturer-portal-home
Kentucky,http://kyportal.medimpact.com/sites/default/files/2023-12/kentucky-medicaid-diabetic-supplies-list.pdf,linked from capped seed: Diabetic Supplies Preferred Drug List,saved_after_capped_gap_fill,documents\kentucky\007__linked-from-capped-seed-diabetic-supplies-preferred-drug-list-kyportal-medimpact-com-sites.pdf,text\kentucky\007__linked-from-capped-seed-diabetic-supplies-preferred-drug-list-kyportal-medimpact-com-sites.txt,linked from capped seed: Diabetic Supplies Preferred Drug List,Bounded same-page relevant link from seed: https://kyportal.medimpact.com/medicaid-manufacturer-portal/medicaid-manufacturer-portal-home
Kentucky,https://kyportal.medimpact.com/provider-documents/pharmacy-memos-and-newsletters,linked from capped seed: Pharmacy Memos and Newsletters,saved_after_capped_gap_fill,documents\kentucky\009__linked-from-capped-seed-pharmacy-memos-and-newsletters-kyportal-medimpact-com-provider-doc.html,text\kentucky\009__linked-from-capped-seed-pharmacy-memos-and-newsletters-kyportal-medimpact-com-provider-doc.txt,Pharmacy Memos and Newsletters | Kentucky,Bounded same-page relevant link from seed: https://kyportal.medimpact.com/provider-documents/pt-committee
Kentucky,https://kyportal.medimpact.com/provider-documents/pdl-changes,linked from capped seed: PDL Changes,saved_after_capped_gap_fill,documents\kentucky\010__linked-from-capped-seed-pdl-changes-kyportal-medimpact-com-provider-documents-pdl-changes.html,text\kentucky\010__linked-from-capped-seed-pdl-changes-kyportal-medimpact-com-provider-documents-pdl-changes.txt,PDL Changes | Kentucky,Bounded same-page relevant link from seed: https://kyportal.medimpact.com/provider-documents/pt-committee
Kentucky,https://kyportal.medimpact.com/provider-forms/provider-forms,linked from capped seed: Prior Authorization,saved_after_capped_gap_fill,documents\kentucky\011__linked-from-capped-seed-prior-authorization-kyportal-medimpact-com-provider-forms-provider.html,text\kentucky\011__linked-from-capped-seed-prior-authorization-kyportal-medimpact-com-provider-forms-provider.txt,Provider Forms | Kentucky,Bounded same-page relevant link from seed: https://kyportal.medimpact.com/provider-documents/pt-committee
Kentucky,https://www.chfs.ky.gov/agencies/dms/dpo/ppb/Pages/p-tac.aspx,linked from capped seed: Information about the Pharmacy and Therapeutics Advisory Committee (link),saved_after_capped_gap_fill,documents\kentucky\012__linked-from-capped-seed-information-about-the-pharmacy-and-therapeutics-advisory-committee.html,text\kentucky\012__linked-from-capped-seed-information-about-the-pharmacy-and-therapeutics-advisory-committee.txt,Pharmacy and Therapeutics Advisory Committee - Cabinet for Health and Family Services,Bounded same-page relevant link from seed: https://kyportal.medimpact.com/provider-documents/pt-committee
Kentucky,https://kyportal.medimpact.com/sites/default/files/2025-01/pt_class_schedule_review_-_2025.pdf,linked from capped seed: P&T Class Schedule,saved_after_capped_gap_fill,documents\kentucky\013__linked-from-capped-seed-p-t-class-schedule-kyportal-medimpact-com-sites-default-files-2025.pdf,text\kentucky\013__linked-from-capped-seed-p-t-class-schedule-kyportal-medimpact-com-sites-default-files-2025.txt,linked from capped seed: P&T Class Schedule,Bounded same-page relevant link from seed: https://kyportal.medimpact.com/provider-documents/pt-committee
Kentucky,https://kyportal.medimpact.com/sites/default/files/2025-03/ky_pt_member_list_-_march_2025.pdf,linked from capped seed: P&T Member List,saved_after_capped_gap_fill,documents\kentucky\014__linked-from-capped-seed-p-t-member-list-kyportal-medimpact-com-sites-default-files-2025-03.pdf,text\kentucky\014__linked-from-capped-seed-p-t-member-list-kyportal-medimpact-com-sites-default-files-2025-03.txt,linked from capped seed: P&T Member List,Bounded same-page relevant link from seed: https://kyportal.medimpact.com/provider-documents/pt-committee
Kentucky,https://kyportal.medimpact.com/sites/default/files/2023-11/proposed_pt_speaker_request_form_demo.pdf,linked from capped seed: P&T Speaker Request Form,saved_after_capped_gap_fill,documents\kentucky\015__linked-from-capped-seed-p-t-speaker-request-form-kyportal-medimpact-com-sites-default-file.pdf,text\kentucky\015__linked-from-capped-seed-p-t-speaker-request-form-kyportal-medimpact-com-sites-default-file.txt,linked from capped seed: P&T Speaker Request Form,Bounded same-page relevant link from seed: https://kyportal.medimpact.com/provider-documents/pt-committee
Kentucky,https://kyportal.medimpact.com/sites/default/files/2026-01/pt_meeting_agenda_january_2026.pdf,linked from capped seed: Agenda,saved_after_capped_gap_fill,documents\kentucky\016__linked-from-capped-seed-agenda-kyportal-medimpact-com-sites-default-files-2026-01-pt-meeti.pdf,text\kentucky\016__linked-from-capped-seed-agenda-kyportal-medimpact-com-sites-default-files-2026-01-pt-meeti.txt,linked from capped seed: Agenda,Bounded same-page relevant link from seed: https://kyportal.medimpact.com/provider-documents/pt-committee
Kentucky,https://www.chfs.ky.gov/agencies/dms/dpo/ppb/Documents/PT%20Meeting%20Agenda_April%202026.pdf,linked from capped seed: Agenda,saved_after_capped_gap_fill,documents\kentucky\018__linked-from-capped-seed-agenda-www-chfs-ky-gov-agencies-dms-dpo-ppb-documents-pt-meeting-a.pdf,text\kentucky\018__linked-from-capped-seed-agenda-www-chfs-ky-gov-agencies-dms-dpo-ppb-documents-pt-meeting-a.txt,linked from capped seed: Agenda,Bounded same-page relevant link from seed: https://www.chfs.ky.gov/agencies/dms/dpo/ppb/Pages/p-tac.aspx
Kentucky,https://www.chfs.ky.gov/agencies/dms/dpo/ppb/Documents/January%202026%20P%26T%20Agenda_.pdf,linked from capped seed: Agenda,saved_after_capped_gap_fill,documents\kentucky\019__linked-from-capped-seed-agenda-www-chfs-ky-gov-agencies-dms-dpo-ppb-documents-january-2026.pdf,text\kentucky\019__linked-from-capped-seed-agenda-www-chfs-ky-gov-agencies-dms-dpo-ppb-documents-january-2026.txt,linked from capped seed: Agenda,Bounded same-page relevant link from seed: https://www.chfs.ky.gov/agencies/dms/dpo/ppb/Pages/p-tac.aspx
Kentucky,https://www.chfs.ky.gov/agencies/dms/dpo/ppb/Documents/Committee%20Recommendations%20(2).pdf,linked from capped seed: Committee Recommendations,saved_after_capped_gap_fill,documents\kentucky\020__linked-from-capped-seed-committee-recommendations-www-chfs-ky-gov-agencies-dms-dpo-ppb-doc.pdf,text\kentucky\020__linked-from-capped-seed-committee-recommendations-www-chfs-ky-gov-agencies-dms-dpo-ppb-doc.txt,linked from capped seed: Committee Recommendations,Bounded same-page relevant link from seed: https://www.chfs.ky.gov/agencies/dms/dpo/ppb/Pages/p-tac.aspx
Kentucky,https://www.chfs.ky.gov/agencies/dms/dpo/ppb/Documents/Commissioner%20Decision%20(2).pdf,linked from capped seed: Commissioner Final Decisions,saved_after_capped_gap_fill,documents\kentucky\021__linked-from-capped-seed-commissioner-final-decisions-www-chfs-ky-gov-agencies-dms-dpo-ppb.pdf,text\kentucky\021__linked-from-capped-seed-commissioner-final-decisions-www-chfs-ky-gov-agencies-dms-dpo-ppb.txt,linked from capped seed: Commissioner Final Decisions,Bounded same-page relevant link from seed: https://www.chfs.ky.gov/agencies/dms/dpo/ppb/Pages/p-tac.aspx
Kentucky,https://www.chfs.ky.gov/agencies/dms/dpo/ppb/Documents/PT%20Meeting%20Agenda_October%202025.pdf,linked from capped seed: Agenda,saved_after_capped_gap_fill,documents\kentucky\022__linked-from-capped-seed-agenda-www-chfs-ky-gov-agencies-dms-dpo-ppb-documents-pt-meeting-a.pdf,text\kentucky\022__linked-from-capped-seed-agenda-www-chfs-ky-gov-agencies-dms-dpo-ppb-documents-pt-meeting-a.txt,linked from capped seed: Agenda,Bounded same-page relevant link from seed: https://www.chfs.ky.gov/agencies/dms/dpo/ppb/Pages/p-tac.aspx
Kentucky,https://www.chfs.ky.gov/agencies/dms/dpo/ppb/Documents/Committee%20Recommendations%20(1).pdf,linked from capped seed: Committee Recommendations,saved_after_capped_gap_fill,documents\kentucky\023__linked-from-capped-seed-committee-recommendations-www-chfs-ky-gov-agencies-dms-dpo-ppb-doc.pdf,text\kentucky\023__linked-from-capped-seed-committee-recommendations-www-chfs-ky-gov-agencies-dms-dpo-ppb-doc.txt,linked from capped seed: Committee Recommendations,Bounded same-page relevant link from seed: https://www.chfs.ky.gov/agencies/dms/dpo/ppb/Pages/p-tac.aspx
Kentucky,https://www.chfs.ky.gov/agencies/dms/dpo/ppb/Documents/Commissioner%20Decision%20(1).pdf,linked from capped seed: Commissioner Final Decisions,saved_after_capped_gap_fill,documents\kentucky\024__linked-from-capped-seed-commissioner-final-decisions-www-chfs-ky-gov-agencies-dms-dpo-ppb.pdf,text\kentucky\024__linked-from-capped-seed-commissioner-final-decisions-www-chfs-ky-gov-agencies-dms-dpo-ppb.txt,linked from capped seed: Commissioner Final Decisions,Bounded same-page relevant link from seed: https://www.chfs.ky.gov/agencies/dms/dpo/ppb/Pages/p-tac.aspx
Kentucky,https://www.chfs.ky.gov/agencies/dms/dpo/ppb/Documents/Agenda%2007152025.pdf,linked from capped seed: Agenda,saved_after_capped_gap_fill,documents\kentucky\025__linked-from-capped-seed-agenda-www-chfs-ky-gov-agencies-dms-dpo-ppb-documents-agenda-07152.pdf,text\kentucky\025__linked-from-capped-seed-agenda-www-chfs-ky-gov-agencies-dms-dpo-ppb-documents-agenda-07152.txt,linked from capped seed: Agenda,Bounded same-page relevant link from seed: https://www.chfs.ky.gov/agencies/dms/dpo/ppb/Pages/p-tac.aspx
Louisiana,https://ldh.la.gov/medicaid/medicaid-notices-public-comment,linked from capped seed: Available for Public Comment,saved_after_capped_gap_fill,documents\louisiana\002__linked-from-capped-seed-available-for-public-comment-ldh-la-gov-medicaid-medicaid-notices.html,text\louisiana\002__linked-from-capped-seed-available-for-public-comment-ldh-la-gov-medicaid-medicaid-notices.txt,Medicaid Notices & Public Comments | Louisiana Department of Health,Bounded same-page relevant link from seed: https://ldh.la.gov/Pharmacy
Louisiana,https://ldh.la.gov/medicaid/medicaid-managed-care-policies-procedures,linked from capped seed: Managed Care Policies and Procedures,saved_after_capped_gap_fill,documents\louisiana\003__linked-from-capped-seed-managed-care-policies-and-procedures-ldh-la-gov-medicaid-medicaid.html,text\louisiana\003__linked-from-capped-seed-managed-care-policies-and-procedures-ldh-la-gov-medicaid-medicaid.txt,Medicaid Managed Care Policies & Procedures | Louisiana Department of Health,Bounded same-page relevant link from seed: https://ldh.la.gov/Pharmacy
Louisiana,https://ldh.la.gov/medicaid/medicaid-managed-care-policies-procedures-pharmacy,linked from capped seed: Managed Care Policies and Procedures - Pharmacy,saved_after_capped_gap_fill,documents\louisiana\004__linked-from-capped-seed-managed-care-policies-and-procedures-pharmacy-ldh-la-gov-medicaid.html,text\louisiana\004__linked-from-capped-seed-managed-care-policies-and-procedures-pharmacy-ldh-la-gov-medicaid.txt,Managed Care Pharmacy and Medical Drug Policies | Louisiana Department of Health,Bounded same-page relevant link from seed: https://ldh.la.gov/Pharmacy
Louisiana,https://ldh.la.gov/assets/HealthyLA/Pharmacy/PDL.pdf,linked from capped seed: Current Preferred Drug List,saved_after_capped_gap_fill,documents\louisiana\005__linked-from-capped-seed-current-preferred-drug-list-ldh-la-gov-assets-healthyla-pharmacy-p.pdf,text\louisiana\005__linked-from-capped-seed-current-preferred-drug-list-ldh-la-gov-assets-healthyla-pharmacy-p.txt,linked from capped seed: Current Preferred Drug List,Bounded same-page relevant link from seed: https://ldh.la.gov/Pharmacy
Louisiana,https://ldh.la.gov/assets/HealthyLa/Pharmacy/PDL_January_1_2026_Version_3_03_01_2026.pdf,"linked from capped seed: PDL January 1, 2026 Version 3 (03-01-2026)",saved_after_capped_gap_fill,documents\louisiana\006__linked-from-capped-seed-pdl-january-1-2026-version-3-03-01-2026-ldh-la-gov-assets-healthyl.pdf,text\louisiana\006__linked-from-capped-seed-pdl-january-1-2026-version-3-03-01-2026-ldh-la-gov-assets-healthyl.txt,"linked from capped seed: PDL January 1, 2026 Version 3 (03-01-2026)",Bounded same-page relevant link from seed: https://ldh.la.gov/Pharmacy
Louisiana,https://ldh.la.gov/assets/docs/BayouHealth/Pharmacy/PDL.Diabetic.Supplies.pdf,linked from capped seed: Current Diabetic Supplies List (PDL),saved_after_capped_gap_fill,documents\louisiana\007__linked-from-capped-seed-current-diabetic-supplies-list-pdl-ldh-la-gov-assets-docs-bayouhea.pdf,text\louisiana\007__linked-from-capped-seed-current-diabetic-supplies-list-pdl-ldh-la-gov-assets-docs-bayouhea.txt,linked from capped seed: Current Diabetic Supplies List (PDL),Bounded same-page relevant link from seed: https://ldh.la.gov/Pharmacy
Louisiana,https://ldh.la.gov/assets/docs/BayouHealth/Pharmacy/DrugPA_FormCoversheet.pdf,linked from capped seed: Louisiana Uniform Prescription Drug Prior Authorization (PA) Form and Fax Coversheet,saved_after_capped_gap_fill,documents\louisiana\008__linked-from-capped-seed-louisiana-uniform-prescription-drug-prior-authorization-pa-form-an.pdf,text\louisiana\008__linked-from-capped-seed-louisiana-uniform-prescription-drug-prior-authorization-pa-form-an.txt,linked from capped seed: Louisiana Uniform Prescription Drug Prior Authorization (PA) Form and Fax Coversheet,Bounded same-page relevant link from seed: https://ldh.la.gov/Pharmacy
Louisiana,https://ldh.la.gov/assets/medicaid/PandT/PT_Agenda05.06.2026.pdf,linked from capped seed: Agenda,saved_after_capped_gap_fill,documents\louisiana\010__linked-from-capped-seed-agenda-ldh-la-gov-assets-medicaid-pandt-pt-agenda05-06-2026-pdf.pdf,text\louisiana\010__linked-from-capped-seed-agenda-ldh-la-gov-assets-medicaid-pandt-pt-agenda05-06-2026-pdf.txt,linked from capped seed: Agenda,Bounded same-page relevant link from seed: https://ldh.la.gov/medicaid/pharmaceutical-and-therapeutic-committee
Louisiana,https://ldh.la.gov/assets/medicaid/PandT/PT_Agenda11.5.2025-draft.docx,linked from capped seed: Agenda,saved_after_capped_gap_fill,documents\louisiana\011__linked-from-capped-seed-agenda-ldh-la-gov-assets-medicaid-pandt-pt-agenda11-5-2025-draft-d.docx,text\louisiana\011__linked-from-capped-seed-agenda-ldh-la-gov-assets-medicaid-pandt-pt-agenda11-5-2025-draft-d.txt,linked from capped seed: Agenda,Bounded same-page relevant link from seed: https://ldh.la.gov/medicaid/pharmaceutical-and-therapeutic-committee
Louisiana,https://ldh.la.gov/assets/medicaid/PandT/ReviewClassesNovember2025DRAFT.pdf,linked from capped seed: Review Classes for November 2025 Meeting,saved_after_capped_gap_fill,documents\louisiana\012__linked-from-capped-seed-review-classes-for-november-2025-meeting-ldh-la-gov-assets-medicai.pdf,text\louisiana\012__linked-from-capped-seed-review-classes-for-november-2025-meeting-ldh-la-gov-assets-medicai.txt,linked from capped seed: Review Classes for November 2025 Meeting,Bounded same-page relevant link from seed: https://ldh.la.gov/medicaid/pharmaceutical-and-therapeutic-committee
Louisiana,https://ldh.la.gov/assets/medicaid/PandT/PT_AgendaMay2025.pdf,linked from capped seed: Agenda,saved_after_capped_gap_fill,documents\louisiana\013__linked-from-capped-seed-agenda-ldh-la-gov-assets-medicaid-pandt-pt-agendamay2025-pdf.pdf,text\louisiana\013__linked-from-capped-seed-agenda-ldh-la-gov-assets-medicaid-pandt-pt-agendamay2025-pdf.txt,linked from capped seed: Agenda,Bounded same-page relevant link from seed: https://ldh.la.gov/medicaid/pharmaceutical-and-therapeutic-committee
Louisiana,https://ldh.la.gov/assets/medicaid/PandT/PT_AgendaMay2025-Draft.pdf,linked from capped seed: Draft Agenda,saved_after_capped_gap_fill,documents\louisiana\014__linked-from-capped-seed-draft-agenda-ldh-la-gov-assets-medicaid-pandt-pt-agendamay2025-dra.pdf,text\louisiana\014__linked-from-capped-seed-draft-agenda-ldh-la-gov-assets-medicaid-pandt-pt-agendamay2025-dra.txt,linked from capped seed: Draft Agenda,Bounded same-page relevant link from seed: https://ldh.la.gov/medicaid/pharmaceutical-and-therapeutic-committee
Louisiana,https://ldh.la.gov/assets/medicaid/PandT/PT_Agenda_04.26.2024_Draft.pdf,linked from capped seed: Draft Agenda,saved_after_capped_gap_fill,documents\louisiana\015__linked-from-capped-seed-draft-agenda-ldh-la-gov-assets-medicaid-pandt-pt-agenda-04-26-2024.pdf,text\louisiana\015__linked-from-capped-seed-draft-agenda-ldh-la-gov-assets-medicaid-pandt-pt-agenda-04-26-2024.txt,linked from capped seed: Draft Agenda,Bounded same-page relevant link from seed: https://ldh.la.gov/medicaid/pharmaceutical-and-therapeutic-committee
Louisiana,https://ldh.la.gov/assets/medicaid/PandT/PandT_AgendaOct.27.2023Draft.pdf,linked from capped seed: Draft Agenda,saved_after_capped_gap_fill,documents\louisiana\016__linked-from-capped-seed-draft-agenda-ldh-la-gov-assets-medicaid-pandt-pandt-agendaoct-27-2.pdf,text\louisiana\016__linked-from-capped-seed-draft-agenda-ldh-la-gov-assets-medicaid-pandt-pandt-agendaoct-27-2.txt,linked from capped seed: Draft Agenda,Bounded same-page relevant link from seed: https://ldh.la.gov/medicaid/pharmaceutical-and-therapeutic-committee
Louisiana,https://ldh.la.gov/assets/medicaid/PandT/PT_AgendaMay5.2023Draft.pdf,linked from capped seed: Draft Agenda,saved_after_capped_gap_fill,documents\louisiana\017__linked-from-capped-seed-draft-agenda-ldh-la-gov-assets-medicaid-pandt-pt-agendamay5-2023dr.pdf,text\louisiana\017__linked-from-capped-seed-draft-agenda-ldh-la-gov-assets-medicaid-pandt-pt-agendamay5-2023dr.txt,linked from capped seed: Draft Agenda,Bounded same-page relevant link from seed: https://ldh.la.gov/medicaid/pharmaceutical-and-therapeutic-committee
Louisiana,https://wwwcfprd.doa.louisiana.gov/boardsandcommissions/upcomingMeetings.cfm,linked from capped seed: Upcoming Meetings,saved_after_capped_gap_fill,documents\louisiana\019__linked-from-capped-seed-upcoming-meetings-wwwcfprd-doa-louisiana-gov-boardsandcommissions.html,text\louisiana\019__linked-from-capped-seed-upcoming-meetings-wwwcfprd-doa-louisiana-gov-boardsandcommissions.txt,State of Louisiana - Boards and Commissions,Bounded same-page relevant link from seed: https://wwwcfprd.doa.louisiana.gov/boardsandcommissions/viewBoard.cfm?board=491
Louisiana,https://wwwcfprd.doa.louisiana.gov/boardsandcommissions/viewMeetingNotices.cfm?board=491,linked from capped seed: Notices,saved_after_capped_gap_fill,documents\louisiana\020__linked-from-capped-seed-notices-wwwcfprd-doa-louisiana-gov-boardsandcommissions-viewmeetin.html,text\louisiana\020__linked-from-capped-seed-notices-wwwcfprd-doa-louisiana-gov-boardsandcommissions-viewmeetin.txt,State of Louisiana - Boards and Commissions,Bounded same-page relevant link from seed: https://wwwcfprd.doa.louisiana.gov/boardsandcommissions/viewBoard.cfm?board=491
Louisiana,https://wwwcfprd.doa.louisiana.gov/boardsandcommissions/viewMeetingMinutes.cfm?board=491,linked from capped seed: Minutes,saved_after_capped_gap_fill,documents\louisiana\021__linked-from-capped-seed-minutes-wwwcfprd-doa-louisiana-gov-boardsandcommissions-viewmeetin.html,text\louisiana\021__linked-from-capped-seed-minutes-wwwcfprd-doa-louisiana-gov-boardsandcommissions-viewmeetin.txt,State of Louisiana - Boards and Commissions,Bounded same-page relevant link from seed: https://wwwcfprd.doa.louisiana.gov/boardsandcommissions/viewBoard.cfm?board=491
Maine,https://www.mainecarepdl.org/drug-utilization-review.html,linked from capped seed: Drug Utilization Review,saved_after_capped_gap_fill,documents\maine\002__linked-from-capped-seed-drug-utilization-review-www-mainecarepdl-org-drug-utilization-revi.html,text\maine\002__linked-from-capped-seed-drug-utilization-review-www-mainecarepdl-org-drug-utilization-revi.txt,Drug Utilization Review,Bounded same-page relevant link from seed: https://www.maine.gov/dhhs/oms/mainecare-options/covered-services-benefits
Maine,https://www.mainecarepdl.org/content/mainecarepdl/en/prior-authorization-forms.html,linked from capped seed: Prior Authorization Forms,saved_after_capped_gap_fill,documents\maine\006__linked-from-capped-seed-prior-authorization-forms-www-mainecarepdl-org-content-mainecarepd.html,text\maine\006__linked-from-capped-seed-prior-authorization-forms-www-mainecarepdl-org-content-mainecarepd.txt,PA - Prior Authorization Forms,Bounded same-page relevant link from seed: https://www.mainecarepdl.org/content/mainecarepdl/en/drug-utilization-review
Maine,https://www.mainecarepdl.org/content/mainecarepdl/en/preferred-drug-lists.html,linked from capped seed: Preferred Drug Lists,saved_after_capped_gap_fill,documents\maine\007__linked-from-capped-seed-preferred-drug-lists-www-mainecarepdl-org-content-mainecarepdl-en.html,text\maine\007__linked-from-capped-seed-preferred-drug-lists-www-mainecarepdl-org-content-mainecarepdl-en.txt,Preferred Drug Lists (PDL),Bounded same-page relevant link from seed: https://www.mainecarepdl.org/content/mainecarepdl/en/drug-utilization-review
Maine,https://www.mainecarepdl.org/content/mainecarepdl/en/drug-utilization-review.html,linked from capped seed: Drug Utilization Review,saved_after_capped_gap_fill,documents\maine\008__linked-from-capped-seed-drug-utilization-review-www-mainecarepdl-org-content-mainecarepdl.html,text\maine\008__linked-from-capped-seed-drug-utilization-review-www-mainecarepdl-org-content-mainecarepdl.txt,Drug Utilization Review,Bounded same-page relevant link from seed: https://www.mainecarepdl.org/content/mainecarepdl/en/drug-utilization-review
Maine,https://www.mainecarepdl.org/content/mainecarepdl/en/pharmacy.html,linked from capped seed: Pharmacy Information,saved_after_capped_gap_fill,documents\maine\011__linked-from-capped-seed-pharmacy-information-www-mainecarepdl-org-content-mainecarepdl-en.html,text\maine\011__linked-from-capped-seed-pharmacy-information-www-mainecarepdl-org-content-mainecarepdl-en.txt,Pharmacy Information Informational,Bounded same-page relevant link from seed: https://www.mainecarepdl.org/content/mainecarepdl/en/drug-utilization-review
Maine,https://www.mainecarepdl.org/content/dam/ffs-medicare/me/dur/agenda-031026.pdf,"linked from capped seed: March 10, 2026",saved_after_capped_gap_fill,documents\maine\014__linked-from-capped-seed-march-10-2026-www-mainecarepdl-org-content-dam-ffs-medicare-me-dur.pdf,text\maine\014__linked-from-capped-seed-march-10-2026-www-mainecarepdl-org-content-dam-ffs-medicare-me-dur.txt,"linked from capped seed: March 10, 2026",Bounded same-page relevant link from seed: https://www.mainecarepdl.org/content/mainecarepdl/en/drug-utilization-review.html
Maine,https://www.mainecarepdl.org/content/dam/ffs-medicare/me/dur/agenda-120925.pdf,"linked from capped seed: December 9, 2025",saved_after_capped_gap_fill,documents\maine\015__linked-from-capped-seed-december-9-2025-www-mainecarepdl-org-content-dam-ffs-medicare-me-d.pdf,text\maine\015__linked-from-capped-seed-december-9-2025-www-mainecarepdl-org-content-dam-ffs-medicare-me-d.txt,"linked from capped seed: December 9, 2025",Bounded same-page relevant link from seed: https://www.mainecarepdl.org/content/mainecarepdl/en/drug-utilization-review.html
Maine,https://www.mainecarepdl.org/content/dam/ffs-medicare/me/dur/agenda-110425.pdf,"linked from capped seed: November 4, 2025",saved_after_capped_gap_fill,documents\maine\016__linked-from-capped-seed-november-4-2025-www-mainecarepdl-org-content-dam-ffs-medicare-me-d.pdf,text\maine\016__linked-from-capped-seed-november-4-2025-www-mainecarepdl-org-content-dam-ffs-medicare-me-d.txt,"linked from capped seed: November 4, 2025",Bounded same-page relevant link from seed: https://www.mainecarepdl.org/content/mainecarepdl/en/drug-utilization-review.html
Maine,https://www.mainecarepdl.org/content/dam/ffs-medicare/me/dur/me-dur-agenda-090125.pdf,"linked from capped seed: September 9, 2025",saved_after_capped_gap_fill,documents\maine\017__linked-from-capped-seed-september-9-2025-www-mainecarepdl-org-content-dam-ffs-medicare-me.pdf,text\maine\017__linked-from-capped-seed-september-9-2025-www-mainecarepdl-org-content-dam-ffs-medicare-me.txt,"linked from capped seed: September 9, 2025",Bounded same-page relevant link from seed: https://www.mainecarepdl.org/content/mainecarepdl/en/drug-utilization-review.html
Maine,https://www.mainecarepdl.org/content/dam/ffs-medicare/me/dur/06102025-me-dur-agenda.pdf,"linked from capped seed: June 10, 2025",saved_after_capped_gap_fill,documents\maine\018__linked-from-capped-seed-june-10-2025-www-mainecarepdl-org-content-dam-ffs-medicare-me-dur.pdf,text\maine\018__linked-from-capped-seed-june-10-2025-www-mainecarepdl-org-content-dam-ffs-medicare-me-dur.txt,"linked from capped seed: June 10, 2025",Bounded same-page relevant link from seed: https://www.mainecarepdl.org/content/mainecarepdl/en/drug-utilization-review.html
Maine,https://www.mainecarepdl.org/content/dam/ffs-medicare/me/dur/2025-dur-agenda-mar-meeting.pdf,"linked from capped seed: March 11, 2025",saved_after_capped_gap_fill,documents\maine\019__linked-from-capped-seed-march-11-2025-www-mainecarepdl-org-content-dam-ffs-medicare-me-dur.pdf,text\maine\019__linked-from-capped-seed-march-11-2025-www-mainecarepdl-org-content-dam-ffs-medicare-me-dur.txt,"linked from capped seed: March 11, 2025",Bounded same-page relevant link from seed: https://www.mainecarepdl.org/content/mainecarepdl/en/drug-utilization-review.html
Maine,https://www.mainecarepdl.org/content/dam/ffs-medicare/me/dur/2024-dur-agenda-dec-meeting.pdf,"linked from capped seed: December 10, 2024",saved_after_capped_gap_fill,documents\maine\020__linked-from-capped-seed-december-10-2024-www-mainecarepdl-org-content-dam-ffs-medicare-me.pdf,text\maine\020__linked-from-capped-seed-december-10-2024-www-mainecarepdl-org-content-dam-ffs-medicare-me.txt,"linked from capped seed: December 10, 2024",Bounded same-page relevant link from seed: https://www.mainecarepdl.org/content/mainecarepdl/en/drug-utilization-review.html
Maine,https://www.mainecarepdl.org/content/dam/ffs-medicare/me/dur/2024-dur-agenda-nov-meeting.pdf,"linked from capped seed: November 5, 2024",saved_after_capped_gap_fill,documents\maine\021__linked-from-capped-seed-november-5-2024-www-mainecarepdl-org-content-dam-ffs-medicare-me-d.pdf,text\maine\021__linked-from-capped-seed-november-5-2024-www-mainecarepdl-org-content-dam-ffs-medicare-me-d.txt,"linked from capped seed: November 5, 2024",Bounded same-page relevant link from seed: https://www.mainecarepdl.org/content/mainecarepdl/en/drug-utilization-review.html
Maine,https://www.mainecarepdl.org/content/dam/ffs-medicare/me/pdl/pdl-040126.xlsx,linked from capped seed: Click to view 4/1/2026 PDL - Excel,saved_after_capped_gap_fill,documents\maine\023__linked-from-capped-seed-click-to-view-4-1-2026-pdl-excel-www-mainecarepdl-org-content-dam.xlsx,text\maine\023__linked-from-capped-seed-click-to-view-4-1-2026-pdl-excel-www-mainecarepdl-org-content-dam.txt,linked from capped seed: Click to view 4/1/2026 PDL - Excel,Bounded same-page relevant link from seed: https://www.mainecarepdl.org/content/mainecarepdl/en/preferred-drug-lists.html
Maine,https://www.mainecarepdl.org/content/dam/ffs-medicare/me/pdl/pdl-040126.pdf,linked from capped seed: Click to view 4/1/2026 PDL - PDF,saved_after_capped_gap_fill,documents\maine\024__linked-from-capped-seed-click-to-view-4-1-2026-pdl-pdf-www-mainecarepdl-org-content-dam-ff.pdf,text\maine\024__linked-from-capped-seed-click-to-view-4-1-2026-pdl-pdf-www-mainecarepdl-org-content-dam-ff.txt,linked from capped seed: Click to view 4/1/2026 PDL - PDF,Bounded same-page relevant link from seed: https://www.mainecarepdl.org/content/mainecarepdl/en/preferred-drug-lists.html
Maine,https://www.mainecarepdl.org/content/dam/ffs-medicare/me/pdl/diabetic-supply-list-050126.pdf,linked from capped seed: Diabetic Supply List,saved_after_capped_gap_fill,documents\maine\025__linked-from-capped-seed-diabetic-supply-list-www-mainecarepdl-org-content-dam-ffs-medicare.pdf,text\maine\025__linked-from-capped-seed-diabetic-supply-list-www-mainecarepdl-org-content-dam-ffs-medicare.txt,linked from capped seed: Diabetic Supply List,Bounded same-page relevant link from seed: https://www.mainecarepdl.org/content/mainecarepdl/en/preferred-drug-lists.html
Maine,https://www.mainecarepdl.org/content/dam/ffs-medicare/me/pdl/over-the-counter-rebate-list-040126.pdf,linked from capped seed: Over the Counter Rebate List,saved_after_capped_gap_fill,documents\maine\026__linked-from-capped-seed-over-the-counter-rebate-list-www-mainecarepdl-org-content-dam-ffs.pdf,text\maine\026__linked-from-capped-seed-over-the-counter-rebate-list-www-mainecarepdl-org-content-dam-ffs.txt,linked from capped seed: Over the Counter Rebate List,Bounded same-page relevant link from seed: https://www.mainecarepdl.org/content/mainecarepdl/en/preferred-drug-lists.html
Maine,https://www.mainecarepdl.org/content/dam/ffs-medicare/me/pdl/15day-initial-fill-list-040126.pdf,linked from capped seed: 15-Day Initial Fill List,saved_after_capped_gap_fill,documents\maine\027__linked-from-capped-seed-15-day-initial-fill-list-www-mainecarepdl-org-content-dam-ffs-medi.pdf,text\maine\027__linked-from-capped-seed-15-day-initial-fill-list-www-mainecarepdl-org-content-dam-ffs-medi.txt,linked from capped seed: 15-Day Initial Fill List,Bounded same-page relevant link from seed: https://www.mainecarepdl.org/content/mainecarepdl/en/preferred-drug-lists.html
Maine,https://www.mainecarepdl.org/content/dam/ffs-medicare/me/pdl/90day-maintenance-drug-list-040126.pdf,linked from capped seed: 90-Day Maintenance Drug List,saved_after_capped_gap_fill,documents\maine\028__linked-from-capped-seed-90-day-maintenance-drug-list-www-mainecarepdl-org-content-dam-ffs.pdf,text\maine\028__linked-from-capped-seed-90-day-maintenance-drug-list-www-mainecarepdl-org-content-dam-ffs.txt,linked from capped seed: 90-Day Maintenance Drug List,Bounded same-page relevant link from seed: https://www.mainecarepdl.org/content/mainecarepdl/en/preferred-drug-lists.html
Maryland,https://health.maryland.gov/mmcp/pap/docs/PDL/PDL%201-1-2026%20update%203-26-2026.pdf,linked from capped seed: Preferred ​Dr​ug List​​​​​​​​​​​​​​​​​ ​​​​​,saved_after_capped_gap_fill,documents\maryland\002__linked-from-capped-seed-preferred-dr-ug-list-health-maryland-gov-mmcp-pap-docs-pdl-pdl-1-1.pdf,text\maryland\002__linked-from-capped-seed-preferred-dr-ug-list-health-maryland-gov-mmcp-pap-docs-pdl-pdl-1-1.txt,linked from capped seed: Preferred ​Dr​ug List​​​​​​​​​​​​​​​​​ ​​​​​,Bounded same-page relevant link from seed: https://health.maryland.gov/mmcp/pap/pages/Preferred-Drug-List.aspx
Maryland,https://health.maryland.gov/mmcp/pap/docs/Mental-Health-Carve-Out-Formulary.pdf,linked from capped seed: Mental Health Formulary,saved_after_capped_gap_fill,documents\maryland\003__linked-from-capped-seed-mental-health-formulary-health-maryland-gov-mmcp-pap-docs-mental-h.pdf,text\maryland\003__linked-from-capped-seed-mental-health-formulary-health-maryland-gov-mmcp-pap-docs-mental-h.txt,linked from capped seed: Mental Health Formulary,Bounded same-page relevant link from seed: https://health.maryland.gov/mmcp/pap/pages/Preferred-Drug-List.aspx
