0	https://hcp.qvar.com
1	https://www.firazyr.com/hcp
2	https://www.bendekahcp.com
3	https://hcp.myairduo.com
4	https://www.annovera.com/hcp
5	https://www.imvexxy.com/hcp
6	https://www.bijuva.com/hcp
7	https://www.quillichewerhcp.com
8	https://www.onydahcp.com
9	https://jatenzohcp.com
10	https://www.hcp.cinqairpp.tevapharm.com
11	https://www.dyanavelxrhcp.com
12	https://www.quillivantxrhcp.com
13	https://www.leqselvihcp.com
14	https://www.absoricald-hcp.com
15	https://organonpro.com/en-us/product/renflexis/coverage
16	https://www.natestohcp.com
17	https://zimhi.com/hcp
18	https://www.juxtapid.com/hcp
19	https://www.tyennehcp.com/get-to-know-tyenne
20	https://www.novomedlink.com/diabetes/products/treatments/rybelsus.html
21	https://www.jubliarx.com/hcp
22	https://www.brixadihcp.com
23	https://dawnzerahcp.com
24	https://www.spinraza-hcp.com
25	https://www.twyneo.com/hcp
26	https://www.aklief.com/hcp
27	https://www.remicadehcp.com
28	https://www.stelarahcp.com
29	https://www.nextstellis.com/hcp
30	https://www.lexette.com/hcp
31	https://hcp.rasuvo.com/hcp
32	https://contravehcp.com
33	https://galafoldhcp.com
34	https://www.yospralahcp.com
35	https://www.ibsrela-hcp.com
36	https://xphozah-hcp.com
37	https://www.lumryzhcp.com
38	https://epsolay.com/hcp
39	https://vevye.com/hcp
40	https://abecmahcp.com
41	https://abilifyasimtufiihcp.com
42	https://abraxanepro.com
43	https://abrysvoadult.pfizerpro.com
44	https://actharhcp.com
45	https://actimmunehcp.com
46	https://activase.com
47	https://adbryhcp.com
48	https://advatepro.com
49	https://adynovatepro.com
50	https://alphanate.com
51	https://alymsys.us
52	https://amvuttrahcp.com
53	https://anorohcp.com
54	https://apligraf.com
55	https://aponvie.com
56	https://apretudehcp.com
57	https://aristadahcp.com
58	https://asparlas.com/hcp
59	https://attrubyhcp.com
60	https://augtyrohcp.com
61	https://austedohcp.com
62	https://auvi-q.com/hcp
63	https://avycaz.com
64	https://bavencio.com
65	https://benlystahcp.com
66	https://berinert.com
67	https://besivancepro.com
68	https://betaseron.com
69	https://biktarvyhcp.com
70	https://bkemv.com
71	https://blincytohcp.com
72	https://blujepahcp.com
73	https://botoxcosmetichcp.com
74	https://botoxone.com
75	https://breyanzihcp.com
76	https://breztrihcp.com
77	https://brilintahcp.com
78	https://brukinsa.com
79	https://cabenuvahcp.com
80	https://cabometyxhcp.com
81	https://camcevihcp.com
82	https://camzyoshcp.com
83	https://carbaglu.com
84	https://cinvanti.com
85	https://clozaril.com
86	https://cobenfyhcp.com
87	https://comirnatyhcp.pfizerpro.com
88	https://cosela.com
89	https://cosentyxhcp.com
90	https://crenessity.com
91	https://crexonthcp.com
92	https://cuprimine.com
93	https://daliresphcp.com
94	https://darzalexhcp.com
95	https://definityimaging.com
96	https://descovy.com
97	https://descovyhcp.com
98	https://dojolvihcp.com
99	https://dovatohcp.com
100	https://dupixenthcp.com
101	https://dysport.com
102	https://dysportusa.com
103	https://empavelihcp.com
104	https://emplicitihcp.com
105	https://enjaymohcp.com
106	https://enspryng-hcp.com
107	https://entrestohcp.com
108	https://entyviohcp.com
109	https://envarsusxr.com
110	https://epidiolexhcp.com
111	https://equetro.com/professionals
112	https://erleadahcp.com
113	https://esbriethcp.com
114	https://evkeezahcp.com
115	https://fabhalta-hcp.com
116	https://fasenrahcp.com
117	https://fetroja.com
118	https://firdapsehcp.com
119	https://gamifant.com
120	https://giapreza.com
121	https://gimotirxhcp.com
122	https://gocovrihcp.com
123	https://halaven.com
124	https://hcp.avonex.com
125	https://hcp.cerdelga.com
126	https://hcp.elfabrio.com
127	https://hcp.emflaza.com
128	https://hcp.epclusa.com
129	https://hcp.euflexxa.com
130	https://hcp.hyalgan.com
131	https://hcp.iwilfin.com
132	https://hcp.jakafi.com
133	https://hcp.tyblume.com
134	https://hcp.yutiq.com
135	https://hemlibra-hcp.com
136	https://heplisavbhcp.com
137	https://humirapro.com
138	https://ibrance.pfizerpro.com
139	https://ilumyapro.com
140	https://imfinzihcp.com
141	https://invegasustennahcp.com
142	https://invokanahcp.com
143	https://jynarquehcp.com
144	https://kimyrsa.com
145	https://kyprolis-hcp.com
146	https://lenvimahcp.com
147	https://leqviohcp.com
148	https://letairis.com
149	https://lynparzahcp.com
150	https://lutathera-hcp.com
151	https://miebo-ecp.com
152	https://myoblochcp.com
153	https://ninlarohcp.com
154	https://nplatehcp.com
155	https://nucalahcp.com
156	https://nuplazidhcp.com
157	https://ocrevus-hcp.com
158	https://omidria.com
159	https://ongentyshcp.com
160	https://opdivohcp.com
161	https://orilissa.com
162	https://orserduhcp.com
163	https://otezlapro.com
164	https://parsabivhcp.com
165	https://pavblu.com
166	https://paxlovid.pfizerpro.com
167	https://proliahcp.com
168	https://radicavahcp.com
169	https://relizorbhcp.com
170	https://www.elevidyshcp.com/
171	https://skyrizihcp.com
172	https://stivargahcp.com
173	https://symtuzahcp.com
174	https://tepezzahcp.com
175	https://tysabrihcp.com
176	https://ubrelvyhcp.com
177	https://ultomirishcp.com
178	https://uptravihcp.com
179	https://valtocohcp.com
180	https://velphorohcp.com
181	https://vraylarhcp.com
182	https://vyxeospro.com
183	https://vyzultahcp.com
184	https://xareltohcp.com
185	https://xcoprihcp.com
186	https://xerava.com
187	https://yescartahcp.com
188	https://www.feiba.com/us/hcp
189	https://pro.campus.sanofi/us/products/cerezyme
190	https://www.eprontia.com/for-healthcare-providers
191	https://inbrija-hcp.com
192	https://inflectra.pfizerpro.com
193	https://injectaferhcp.com
194	https://inlyta.pfizerpro.com
195	https://inqovi.com
196	https://isturisa.com
197	https://jemperlihcp.com
198	https://joenja-hcp.com
199	https://kadcyla-hcp.com
200	https://kedrab.com
201	https://kesimptahcp.com
202	https://keytrudahcp.com
203	https://keytrudalenvimahcp.com
204	https://kisqali-hcp.com
205	https://krazatihcp.com
206	https://leqembihcp.com
207	https://lioresal.com/hcp
208	https://livdelzihcp.com
209	https://livtencity.com
210	https://lokelma-hcp.com
211	https://lumakrashcp.com
212	https://lupkynispro.com
213	https://lupronprostatecancer.com/hcp
214	https://luxturnahcp.com
215	https://lybalvihcp.com
216	https://mavyret.com/hcp
217	https://menveohcp.com
218	https://monjuvihcp.com
219	https://mvasi.com
220	https://myrbetriqhcp.com
221	https://northerahcp.com
222	https://www.nulojixhcp.bmscustomerconnect.com/
223	https://ogsiveo.com/hcp
224	https://ojjaarahcp.com
225	https://onivyde.com
226	https://onuregpro.com
227	https://opsumithcp.com
228	https://opsynvihcp.com
229	https://opzelurahcp.com
230	https://orenciahcp.com
231	https://orenitramhcp.com
232	https://orladeyohcp.com
233	https://orthoelmiron.com/hcp
234	https://padcevhcp.com
235	https://perserishcp.com
236	https://pluvicto-hcp.com
237	https://poteligeohcp.com
238	https://prialt.com/hcp
239	https://provenge.com/hcp
240	https://repathahcp.com
241	https://rezlidhiahcp.com
242	https://riabni.com
243	https://rinvoqhcp.com
244	https://rystiggohcp.com
245	https://santyl.com/hcp
246	https://sareptadmd.com
247	https://secuado.com
248	https://www.serostim.com/en/hcp.html
249	https://shingrixhcp.com
250	https://sohonos.com
251	https://somavert.pfizerpro.com
252	https://spritamhcp.com
253	https://strensiq-hcp.com
254	https://sustol.com/hcp
255	https://syfovreecp.com
256	https://sylvant.com
257	https://tagrissohcp.com
258	https://takhzyro.com/hcp
259	https://tavalissehcp.com
260	https://tecartushcp.com
261	https://tecelra-hcp.com
262	https://tecfiderahcp.com
263	https://tezspirehcp.com
264	https://tibsovopro.com
265	https://tnkase.com
266	https://trelegyhcp.com
267	https://tremfyahcp.com
268	https://tryngolzahcp.com
269	https://turaliohcp.com
270	https://tymlos.com/hcp
271	https://tyvasohcp.com
272	https://uzedyhcp.com
273	https://valchlorhcp.com
274	https://vanflytahcp.com
275	https://vectibixhcp.com
276	https://veletri.com/hcp
277	https://vemlidyhcp.com
278	https://venclextahcp.com
279	https://venoferhcp.com
280	https://verzenio.lilly.com/hcp
281	https://viltepso.com/hcp
282	https://vivitrolhcp.com
283	https://vonjohcp.com
284	https://vonvendipro.com
285	https://vowsthcp.com
286	https://voydeyahcp.com
287	https://vumerityhcp.com
288	https://vyloyhcp.com
289	https://vyndamax.pfizerpro.com
290	https://xdemvyhcp.com
291	https://xywavhcp.com
292	https://yorvipathhcp.com
293	https://zeposiahcp.com
294	https://zepzelcapro.com
295	https://zevtera.com
296	https://zipsor.com/hcp
297	https://zonisade.com
298	https://zymfentra.com/hcp
299	https://zynrelef.com
300	https://firmagon.com/hcp
301	https://www.lyfgeniahcp.com
302	https://www.sutab.com/hcp
303	https://suflave.com/hcp/Index
304	https://hcp.proair.com
305	https://brekiyahcp.com
306	https://www.tavneospro.com
307	https://www.xgevahcp.com
308	https://www.novarelhcp.com
309	https://www.xerese.com/hcp
310	https://cordrantape-hcp.com
311	https://www.abilifymaintenahcp.com
312	https://www.modeysohcp.com
313	https://global.piasky-hcp.com
314	https://www.carvyktihcp.com
315	https://www.imaavyhcp.com
316	https://www.inlexzohcp.com
317	https://www.simponihcp.com
318	https://www.simponiariahcp.com
319	https://www.sunosihcp.com
320	https://www.auvelityhcp.com
321	https://www.avastin.com/hcp.html
322	https://chantix.pfizerpro.com
323	https://www.unloxcyt.com
324	https://www.odomzo.com/hcp
325	https://www.winlevi-hcp.com
326	https://www.edarbi.com/hcp
327	https://www.katerzia.com/hcp
328	https://www.qbrelis.com/hcp
329	https://xatmep.com/hcp/
330	https://www.konvomep.com/hcp
331	https://www.triptodur.com/hcp
332	https://pulmozyme.com/hcp.html
333	https://qinlockhcp.com
334	https://reblozylpro.com
335	https://remodulinpro.com
336	https://www.crestor.com/hcp
337	https://www.flumisthcp.com
338	https://medicalinformation.astrazeneca-us.com/home/prescribing-information/seroquel-xr.html
339	https://www.symbicorttouchpoints.com
340	https://www.pediarix.com
341	https://www.arazlo.com/hcp
342	https://www.bryhali.com/hcp
343	https://www.cabtreo.com/hcp
344	https://www.duobrii.com/hcp
345	https://www.luzurx.com/hcp
346	https://pro.campus.sanofi/us/products/alprolix
347	https://pro.campus.sanofi/us/products/altuviiio
348	https://www.caprelsa.com/hcp_resources_and_support.asp
349	https://www.elitekpro.com
350	https://www.eloctatepro.com
351	https://www.hectorol.com/hcp
352	https://pro.campus.sanofi/us/products/jevtana
353	https://www.kevzara.com/hcp/ra
354	https://www.lantus.com/hcp
355	https://pro.campus.sanofi/us/products/lemtrada
356	https://www.lovenox.com
357	https://pro.campus.sanofi/us/products/lumizyme
358	https://pro.campus.sanofi/us/products/mozobil
359	https://www.multaqhcp.com
360	https://hcp.nexviazyme.com
361	https://pro.campus.sanofi/us/products/qfitlia
362	https://www.rezurockhcp.com
363	https://www.methylphenidateer72.com
364	https://www.relexxii.com/for-practitioners.html
365	https://www.nuzolvence.com
366	https://differin.com/healthcare-professional.html
367	https://www.herceptin.com/hcp/adjuvant-breast-cancer.html
368	https://www.herceptin.com/hcp/metastatic-breast-cancer.html
369	https://www.herceptin.com/hcp/metastatic-gastric-cancer.html
370	https://www.lucentis.com/hcp.html
371	https://www.perjeta.com/hcp.html
372	https://www.polivy.com/hcp.html
373	https://www.rituxanhycela.com/hcp.html
374	https://www.priorix.com
375	https://www.dalvance.com
376	https://www.alrexpro.com
377	https://www.zyletpro.com
378	https://www.prolensarx.com
379	https://www.xepicream.com/hcp
380	https://www.heronconnect.com/SUSTOL/Overview
381	https://www.heronconnect.com/SUSTOL/Resources
382	https://atgam.pfizerpro.com
383	https://bicillinla.pfizerpro.com
384	https://cutaquig.pfizerpro.com
385	https://gelflow.pfizerpro.com
386	https://octagam-5.pfizerpro.com
387	https://octagam-10.pfizerpro.com
388	https://panzyga.pfizerpro.com
389	https://precedex.pfizerpro.com
390	https://solucortef.pfizerpro.com
391	https://thrombin-jmi.pfizerpro.com
392	https://readytouse.pfizerpro.com
393	https://www.pfizermedical.com/eraxis
394	https://www.pfizermedical.com/fragmin
395	https://www.barhemsys.com
396	https://www.byfavo.com
397	https://www.pemfexy.com
398	https://www.belrapzo.com
399	https://www.ryanodex.com
400	https://anthim.com
401	https://impoyz.com/prescribers.html
402	https://pro.campus.sanofi/us/products/thyrogen
403	https://hcp.mytesi.com
404	https://www.secuado.com/professional
405	https://exxuahcp.com/
406	https://www.ferapharma.com/phospholine-iodide
407	https://www.eclatpharma.com/products/bloxiverz.html
408	https://www.eclatpharma.com/products/vazculep.html
409	https://zilrettapro.com
410	https://www.teflaro.com
411	https://www.nuzyra.com/hcp
412	https://vaxchora.com/resources
413	https://www.nixlice.com/health-care-professionals
414	https://www.phazyme.com/healthcare-professionals
415	https://sernivorx.com
416	https://www.helikit.com/en/physician-information
417	https://penthrox.co.uk/healthcare
418	https://voqueznapro.com
419	https://syndros.com
420	https://www.belbuca.com/hcp
421	https://www.thalomidrems.com/index.html
422	https://www.yuflyma.com
423	https://www.privigen.com/hcp
424	https://www.kcentra.com/about
425	https://kengreal.com
426	https://curosurf.com
427	https://www.merckconnect.com/sivextro/dosing-administration
428	https://www.acetadote.com
429	https://www.caldolor.com
430	https://www.kristalose.com/physicians
431	https://www.sancuso.com/for-providers
432	https://www.vibativ.com/
433	https://www.talicia.com/hcp
434	https://www.alunbrig.com/hcp
435	https://www.iclusig.com/hcp
436	https://www.plenvuhcp.com
437	https://www.ilumyasupport.com
438	https://www.yonsarx.com
439	https://www.pyzchiva.com/pro
440	https://www.hyrimoz.com/pro
441	https://www.qelbreehcp.com
442	https://www.trokendixrhcp.com
443	https://arakoda.com
444	https://npthyroid.com/for-practitioners
445	https://rhopressa.myalcon.com/ecp
446	https://rocklatan.myalcon.com/ecp
447	https://www.conexxencerems.com
448	https://biosimilars.fresenius-kabi.com/portfolio/products/bomyntra
449	https://biosimilars.fresenius-kabi.com/portfolio/products/otulfi
450	https://biosimilars.fresenius-kabi.com/portfolio/products/conexxence
451	https://www.novologpro.com
452	https://www.ozempicpro.com
453	https://www.novomedlink.com/diabetes/products/treatments/victoza.html
454	https://www.soliqua100-33.com/hcp
455	https://www.synvisconehcp.com
456	https://www.thymoglobulin.com
457	https://pro.campus.sanofi/us/products/toujeo
458	https://www.tzieldhcp.com
459	https://pro.campus.sanofi/us/products/wayrilz
460	https://www.xenpozyme.com/hcp
461	https://pro.campus.sanofi/us/products/zaltrap
462	https://pro.campus.sanofi/us/products/avapro
463	https://www.copiktrahcp.com
464	https://www.oncaspar.com/hcp
465	https://www.sareptadmd.com/exondys51
466	https://www.sareptadmd.com/vyondys53
467	https://www.mulpleta.com
468	https://cequapro.com
469	https://www.bromsite.com
470	https://payercoverage.zarxio.com
471	https://payercoverage.ziextenzo.com
472	https://narcan.com/en/healthcare-professionals
473	https://www.inmazeb.com
474	https://feraheme.com/home
475	https://eucrisa.pfizerpro.com
476	https://braftovi.pfizerpro.com
477	https://tirosintsol.com/healthcare-professional-resources
478	https://www.xacduro.com
479	https://www.roxybond.com
480	https://www.zirganpro.com
481	https://pro.campus.sanofi/us/products/fabrazyme
482	https://pro.campus.sanofi/us/products/aldurazyme
483	https://pro.campus.sanofi/us/products/cerdelga
484	https://www.vasostrictrtu.com
485	https://www.rhofadehcp.com
486	https://www.prezcobixhcp.com
487	https://www.procrit.com/hcp
488	https://www.defitelio.com
489	https://www.rylazepro.com
490	https://www.terlivaz.com
491	https://www.doryx.com
492	https://tolsura.com
493	https://www.zypitamag.com
494	https://www.merckvaccines.com/gardasil9
495	https://www.baxdela.com
496	https://www.aphexda.com
497	https://www.posluma.com
498	https://probuphinerems.com/healthcare-providers/
499	https://www.xifaxan.com/hcp
500	https://www.relistorhcp.com
501	https://www.sarclisahcp.com
502	https://fibrygausa.com
503	https://octaplasusa.com
504	https://balfaxar.com
505	https://qlosiecp.com
506	https://obcomplete.com
507	https://hylenex.com
508	https://www.mitigare.com/faqs-for-healthcare-professionals
509	https://us.ryaltris.com
510	https://pylarify.com
511	https://www.lantheusspect.com/technelite
512	https://abelcet.com
513	https://cystaran.com/hcp
514	https://matulane.com
515	https://www.dalvanceconnects.com
516	https://www.4ventavis.com
517	https://www.ziiherahcp.com
518	https://www.gammaked.com
519	https://www.rhogam.com/healthcare-professionals
520	https://azstarys-pro.com
521	https://www.xiidra-ecp.com
522	https://bosulif.pfizerpro.com
523	https://cibinqo.pfizerpro.com
524	https://comirnatypediatric.pfizerpro.com
525	https://daurismo.pfizerpro.com
526	https://elrexfio.pfizerpro.com
527	https://genotropin.pfizerpro.com
528	https://litfulo.pfizerpro.com
529	https://lorbrena.pfizerpro.com
530	https://ngenla.pfizerpro.com
531	https://penbraya.pfizerpro.com
532	https://ruxience.pfizerpro.com
533	https://talzenna.pfizerpro.com
534	https://trumenba.pfizerpro.com
535	https://tukysa.pfizerpro.com
536	https://velsipity.pfizerpro.com
537	https://www.amjevitapro.com
538	https://www.aranesp.com/professional/oncology
539	https://www.enbrelpro.com
540	https://www.epogen.com/professional
541	https://www.oracea.com/hcp
542	https://galdermahcp.com/our-products/tri-lumar
543	https://www.lotemaxointment.com
544	https://www.alecensa.com/hcp/metastatic.html
545	https://www.gene.com/medical-professionals/medicines/cellcept
546	https://www.gene.com/medical-professionals/medicines/cotellic
547	https://www.gene.com/medical-professionals/medicines/rozlytrek
548	https://www.gene.com/medical-professionals/medicines/zelboraf
549	https://www.gene.com/medical-professionals/medicines/nutropin-aq
550	https://www.gene.com/medical-professionals/medicines/tamiflu
551	https://www.xelstrymhcp.com
552	https://www.spravatotreatmentcenter.com
553	https://www.merckconnect.com/belsomra
554	https://www.rituxan-hcp.com
555	https://www.us.adakveo.com/
556	https://www.alecensa.com/hcp/metastatic/dosing-and-administration.html
557	https://www.afinitor-hcp.com
558	https://www.xaciato.com
559	https://alexiononesource.com/soliris/tools-and-resources
560	https://metadatecdrx.com
561	https://www.perjeta-hcp.com
562	https://www.polivy-hcp.com
563	https://www.xipere.com/hcp
564	https://nuvetest.com
565	https://main-benchworks-ezallor-hcp.axervices.com
566	https://www.tyruko.com/pro/
567	https://www.ziextenzo.com/hcp/patient-services
568	https://radiuspharm.com/binosto
569	https://braftovi.pfizerpro.com/mektovi-use-in-combination-with-braftovi
570	https://www.roxybond.com/efficacy-safety-and-dosing
571	https://www.ferapharma.com/phospholine-iodide-for-uncontrolled-iop
572	https://www.ferapharma.com/phospholine-iodide-in-accommodative-esotropia
573	https://vaxchora.com
574	https://vivotif.com
575	https://www.yondelis.com/hcp
576	https://www.jnjmedicalconnect.com/products/zavesca
577	https://www.cathflo.com/
578	https://www.skysona.com/
579	https://zomig.com
580	https://www.firvanq.com
581	https://www.bidil.com
582	https://www.epaned.com
583	https://www.sotylize.com
584	https://www.widaplik.us
585	https://www.evekeo.com
586	https://www.fleqsuvy.com
587	https://www.horizant.com/hcp
588	https://www.nymalize.com
589	https://www.xifyrm.com
590	https://www.zenzedi.com
591	https://www.adthyza.com
592	https://www.brynovin.com
593	https://www.azmiro.com
594	https://www.myhibbin.com
595	https://www.danziten.com
596	https://www.gliadel.com
597	https://vivimusta.azuritysolutions.com/hcp
598	https://www.alvesco.com/hcp
599	https://hcp.duaklir.us
600	https://hcp.tudorza.us
601	https://www.menopurhcp.com
602	https://www.cervidil.com/hcp
603	https://www.rebyotahcp.com
604	https://clenpiqhcp.com
605	https://www.purplepill.com/hcp/nexium-packets.html
606	https://www.saphnelohcp.com
607	https://www.xelpros.com
608	https://www.zurnai.com
609	https://www.nalmefenehcl.com
610	https://www.oxycontin.com
611	https://www.hysinglaer.com
612	https://www.butrans.com
613	https://www.samsca.com
614	https://www.galdermahcp.com
615	https://kloxxado.com/healthcare
616	https://xeljanz.pfizerpro.com
617	https://prevnar20adult.pfizerpro.com
618	https://vizimpro.pfizerpro.com
619	https://kimmtrakhcp.com
620	https://www.fanaptpro.com
621	https://www.hetliozpro.com
622	https://www.ycanthpro.com
623	https://olumiant.lilly.com/hcp
624	https://www.nayzilam.com/healthcare-professionals
625	https://revonto.com
626	https://www.ponvorypro.com
627	https://www.trulance.com/hcp
628	https://www.zurzuvae.com/hcp
629	https://www.admelogpro.com
630	https://pro.campus.sanofi/us/products/apidra
631	https://pro.campus.sanofi/us/products/cablivi
632	https://pro.campus.sanofi/us/products/eloctate
633	https://www.xofluza-hcp.com/
634	https://www.siga.com/tpoxx
635	https://leadiant.com/healthcare-professionals
636	https://www.bfascher.com/prescriber-area
637	https://www.lotemaxsm.com
638	https://www.rixubis.com/hcp-efficacy-and-safety
639	https://www.gammagard.com/hcp
640	https://www.adempashcp.com
641	https://www.kristalose.com/hcp
642	https://www.rylaze.com
643	https://www.xyremhcp.com
644	https://www.actemrahcp.com
645	https://www.columvi-hcp.com
646	https://www.erivedge.com/hcp.html
647	https://www.gazyva-hcp.com
648	https://www.lucentis.com
649	https://www.perjeta.com
650	https://www.piasky-hcp.com
651	https://www.rituxan.com
652	https://www.tecentriq-hcp.com
653	https://www.asmanex.com
654	https://www.follistim.com
655	https://www.nexplanon.com
656	https://www.xelstrym.com
657	https://www.daytrana.com
658	https://rytaryhcp.com
659	https://www.unithroidhcp.com
660	https://www.emvermhcp.com
661	https://adzenysxrodt.com
662	https://cotemplaxrodt.com
663	https://www.karbinaler.com
664	https://www.feraheme.com
665	https://www.vivimusta.com
666	https://www.alvesco.com
667	https://www.duaklir.us
668	https://www.tudorza.us
669	https://www.endometrin.com
670	https://www.adstiladrinhcp.com
671	https://www.zomacton.com
672	https://www.divigel.com
673	https://www.xembify.com/en/hcp
674	https://www.gamunex-c.com/en/hcp/pidd
675	https://www.gamunex-c.com/en/hcp/cidp
676	https://hcp.prolastin.com/en/home
677	https://www.ilumya.com
678	https://www.haloghcp.com
679	https://www.levulanhcp.com
680	https://www.ezallorsprinklerx.com
